TransactionID,UserID,CourseID,TransactionDate,Amount,PaymentMethod,TeacherID,IsPaidTransaction
TT00001,U00003,CR00016,2025-10-25,0.0,PayPal,TC00040,False
TT00002,U00003,CR00037,2025-01-13,0.0,PayPal,TC00040,False
TT00003,U00003,CR00019,2025-03-28,0.0,Bank Transfer,TC00040,False
TT00004,U00004,CR00048,2025-06-02,0.0,Bank Transfer,TC00040,False
TT00005,U00004,CR00060,2025-08-10,0.0,PayPal,TC00042,False
TT00006,U00004,CR00042,2025-10-30,0.0,Credit Card,TC00042,False
TT00007,U00004,CR00017,2025-05-09,0.0,Bank Transfer,TC00042,False
TT00008,U00004,CR00025,2025-05-07,299.57,Credit Card,TC00040,True
TT00009,U00013,CR00003,2025-10-05,0.0,PayPal,TC00040,False
TT00010,U00013,CR00032,2025-09-29,0.0,Bank Transfer,TC00040,False
TT00011,U00013,CR00060,2025-11-26,0.0,PayPal,TC00042,False
TT00012,U00013,CR00030,2025-01-20,0.0,Bank Transfer,TC00042,False
TT00013,U00013,CR00056,2025-08-28,212.39,Bank Transfer,TC00042,True
TT00014,U00015,CR00045,2025-04-27,0.0,PayPal,TC00040,False
TT00015,U00015,CR00046,2025-02-19,248.1,Bank Transfer,TC00040,True
TT00016,U00015,CR00040,2025-12-22,327.99,Credit Card,TC00040,True
TT00017,U00015,CR00019,2025-07-14,0.0,Bank Transfer,TC00042,False
TT00018,U00018,CR00046,2025-05-22,248.1,Credit Card,TC00040,True
TT00019,U00018,CR00047,2025-04-21,89.59,PayPal,TC00040,True
TT00020,U00018,CR00045,2025-01-12,0.0,Credit Card,TC00040,False
TT00021,U00018,CR00001,2025-03-24,472.28,PayPal,TC00042,True
TT00022,U00018,CR00029,2025-01-20,0.0,Credit Card,TC00042,False
TT00023,U00028,CR00040,2025-05-06,327.99,Bank Transfer,TC00042,True
TT00024,U00028,CR00010,2025-08-12,0.0,Bank Transfer,TC00042,False
TT00025,U00028,CR00056,2025-03-04,212.39,Credit Card,TC00040,True
TT00026,U00028,CR00021,2025-04-17,0.0,Credit Card,TC00040,False
TT00027,U00028,CR00031,2025-04-20,0.0,Bank Transfer,TC00040,False
TT00028,U00045,CR00043,2025-05-06,0.0,Credit Card,TC00040,False
TT00029,U00045,CR00036,2025-04-28,0.0,PayPal,TC00040,False
TT00030,U00045,CR00045,2025-07-10,0.0,Bank Transfer,TC00040,False
TT00031,U00045,CR00035,2025-07-27,0.0,Credit Card,TC00040,False
TT00032,U00048,CR00022,2025-11-19,0.0,Bank Transfer,TC00040,False
TT00033,U00048,CR00016,2025-03-21,0.0,Bank Transfer,TC00040,False
TT00034,U00048,CR00037,2025-05-25,0.0,PayPal,TC00040,False
TT00035,U00048,CR00025,2025-05-08,299.57,Credit Card,TC00040,True
TT00036,U00055,CR00058,2025-04-29,0.0,Bank Transfer,TC00040,False
TT00037,U00055,CR00057,2025-05-17,177.34,PayPal,TC00040,True
TT00038,U00055,CR00014,2025-09-21,0.0,Credit Card,TC00040,False
TT00039,U00055,CR00016,2025-06-02,0.0,Credit Card,TC00042,False
TT00040,U00055,CR00051,2025-09-14,37.89,PayPal,TC00042,True
TT00041,U00071,CR00025,2025-03-02,299.57,Credit Card,TC00042,True
TT00042,U00071,CR00048,2025-03-18,0.0,Bank Transfer,TC00042,False
TT00043,U00071,CR00015,2025-10-16,285.05,Bank Transfer,TC00040,True
TT00044,U00083,CR00028,2025-12-08,0.78,PayPal,TC00042,True
TT00045,U00083,CR00054,2025-09-09,0.0,Bank Transfer,TC00042,False
TT00046,U00083,CR00044,2025-09-21,119.04,Credit Card,TC00040,True
TT00047,U00083,CR00040,2025-11-15,327.99,PayPal,TC00040,True
TT00048,U00085,CR00035,2025-11-11,0.0,Bank Transfer,TC00040,False
TT00049,U00085,CR00053,2025-06-15,0.0,Credit Card,TC00040,False
TT00050,U00085,CR00002,2025-03-01,0.0,Credit Card,TC00042,False
TT00051,U00109,CR00002,2025-04-26,0.0,PayPal,TC00040,False
TT00052,U00109,CR00023,2025-02-11,0.0,Credit Card,TC00040,False
TT00053,U00109,CR00054,2025-02-21,0.0,Credit Card,TC00040,False
TT00054,U00112,CR00024,2025-10-21,117.68,PayPal,TC00042,True
TT00055,U00112,CR00036,2025-04-07,0.0,PayPal,TC00040,False
TT00056,U00112,CR00007,2025-02-22,0.0,PayPal,TC00040,False
TT00057,U00112,CR00016,2025-06-05,0.0,Bank Transfer,TC00042,False
TT00058,U00112,CR00023,2025-02-25,0.0,PayPal,TC00040,False
TT00059,U00117,CR00008,2025-10-15,0.0,PayPal,TC00042,False
TT00060,U00117,CR00027,2025-08-03,0.0,Credit Card,TC00042,False
TT00061,U00117,CR00001,2025-11-28,472.28,PayPal,TC00040,True
TT00062,U00126,CR00060,2025-07-17,0.0,PayPal,TC00042,False
TT00063,U00126,CR00036,2025-10-01,0.0,Credit Card,TC00042,False
TT00064,U00126,CR00050,2025-01-06,490.9,Bank Transfer,TC00042,True
TT00065,U00126,CR00028,2025-04-16,0.78,Credit Card,TC00042,True
TT00066,U00128,CR00027,2025-02-21,0.0,Credit Card,TC00042,False
TT00067,U00128,CR00054,2025-12-10,0.0,PayPal,TC00042,False
TT00068,U00128,CR00050,2025-01-03,490.9,Credit Card,TC00040,True
TT00069,U00133,CR00052,2025-06-05,0.0,Credit Card,TC00042,False
TT00070,U00133,CR00010,2025-07-19,0.0,PayPal,TC00042,False
TT00071,U00133,CR00041,2025-10-10,53.86,Credit Card,TC00042,True
TT00072,U00133,CR00055,2025-07-05,57.32,Credit Card,TC00040,True
TT00073,U00133,CR00004,2025-03-24,0.0,Credit Card,TC00040,False
TT00074,U00134,CR00055,2025-02-11,57.32,PayPal,TC00040,True
TT00075,U00134,CR00012,2025-12-29,487.92,PayPal,TC00040,True
TT00076,U00134,CR00030,2025-08-17,0.0,Credit Card,TC00042,False
TT00077,U00134,CR00011,2025-10-17,326.02,Credit Card,TC00040,True
TT00078,U00144,CR00032,2025-12-28,0.0,Bank Transfer,TC00040,False
TT00079,U00144,CR00020,2025-10-03,0.0,Credit Card,TC00042,False
TT00080,U00144,CR00042,2025-07-13,0.0,Bank Transfer,TC00040,False
TT00081,U00144,CR00012,2025-03-18,487.92,Credit Card,TC00042,True
TT00082,U00147,CR00007,2025-09-02,0.0,PayPal,TC00040,False
TT00083,U00147,CR00021,2025-12-03,0.0,PayPal,TC00040,False
TT00084,U00147,CR00044,2025-09-30,119.04,PayPal,TC00042,True
TT00085,U00147,CR00001,2025-11-14,472.28,Credit Card,TC00042,True
TT00086,U00149,CR00021,2025-03-11,0.0,Bank Transfer,TC00040,False
TT00087,U00149,CR00032,2025-02-24,0.0,Bank Transfer,TC00040,False
TT00088,U00149,CR00049,2025-07-06,415.51,PayPal,TC00042,True
TT00089,U00152,CR00033,2025-05-12,0.0,Credit Card,TC00040,False
TT00090,U00152,CR00001,2025-11-05,472.28,Credit Card,TC00042,True
TT00091,U00152,CR00008,2025-04-20,0.0,PayPal,TC00040,False
TT00092,U00161,CR00024,2025-06-27,117.68,PayPal,TC00040,True
TT00093,U00161,CR00042,2025-03-11,0.0,Bank Transfer,TC00042,False
TT00094,U00161,CR00008,2025-04-16,0.0,Credit Card,TC00042,False
TT00095,U00161,CR00054,2025-10-07,0.0,Credit Card,TC00040,False
TT00096,U00166,CR00002,2025-01-03,0.0,Bank Transfer,TC00040,False
TT00097,U00166,CR00004,2025-07-11,0.0,Credit Card,TC00042,False
TT00098,U00166,CR00020,2025-12-11,0.0,PayPal,TC00042,False
TT00099,U00166,CR00018,2025-10-30,0.0,Credit Card,TC00040,False
TT00100,U00169,CR00013,2025-04-20,0.0,PayPal,TC00042,False
TT00101,U00169,CR00044,2025-04-29,119.04,Credit Card,TC00040,True
TT00102,U00169,CR00034,2025-11-24,394.26,PayPal,TC00040,True
TT00103,U00169,CR00027,2025-02-15,0.0,Bank Transfer,TC00042,False
TT00104,U00173,CR00016,2025-04-03,0.0,Credit Card,TC00040,False
TT00105,U00173,CR00029,2025-07-26,0.0,PayPal,TC00042,False
TT00106,U00173,CR00048,2025-09-13,0.0,Bank Transfer,TC00042,False
TT00107,U00177,CR00021,2025-11-24,0.0,Bank Transfer,TC00042,False
TT00108,U00177,CR00006,2025-04-09,276.37,PayPal,TC00040,True
TT00109,U00177,CR00060,2025-09-30,0.0,PayPal,TC00042,False
TT00110,U00177,CR00002,2025-03-19,0.0,Bank Transfer,TC00042,False
TT00111,U00177,CR00055,2025-04-14,57.32,PayPal,TC00042,True
TT00112,U00178,CR00021,2025-06-24,0.0,Credit Card,TC00040,False
TT00113,U00178,CR00048,2025-08-14,0.0,PayPal,TC00042,False
TT00114,U00178,CR00023,2025-02-08,0.0,Credit Card,TC00042,False
TT00115,U00178,CR00014,2025-05-16,0.0,Credit Card,TC00042,False
TT00116,U00191,CR00043,2025-08-28,0.0,PayPal,TC00042,False
TT00117,U00191,CR00058,2025-06-04,0.0,PayPal,TC00040,False
TT00118,U00191,CR00056,2025-06-08,212.39,Credit Card,TC00040,True
TT00119,U00192,CR00054,2025-05-30,0.0,PayPal,TC00042,False
TT00120,U00192,CR00014,2025-11-14,0.0,Credit Card,TC00042,False
TT00121,U00192,CR00060,2025-09-06,0.0,Credit Card,TC00040,False
TT00122,U00192,CR00043,2025-04-21,0.0,Bank Transfer,TC00042,False
TT00123,U00192,CR00004,2025-11-03,0.0,PayPal,TC00040,False
TT00124,U00198,CR00041,2025-02-16,53.86,Credit Card,TC00040,True
TT00125,U00198,CR00016,2025-08-27,0.0,Bank Transfer,TC00040,False
TT00126,U00198,CR00032,2025-04-21,0.0,Credit Card,TC00040,False
TT00127,U00198,CR00020,2025-06-20,0.0,PayPal,TC00042,False
TT00128,U00208,CR00036,2025-03-24,0.0,PayPal,TC00040,False
TT00129,U00208,CR00013,2025-06-18,0.0,PayPal,TC00040,False
TT00130,U00208,CR00052,2025-08-22,0.0,PayPal,TC00042,False
TT00131,U00208,CR00047,2025-10-29,89.59,Credit Card,TC00040,True
TT00132,U00208,CR00025,2025-03-16,299.57,Credit Card,TC00040,True
TT00133,U00216,CR00059,2025-03-16,0.0,Bank Transfer,TC00042,False
TT00134,U00216,CR00054,2025-11-29,0.0,Bank Transfer,TC00042,False
TT00135,U00216,CR00036,2025-05-08,0.0,Bank Transfer,TC00040,False
TT00136,U00216,CR00024,2025-05-01,117.68,PayPal,TC00040,True
TT00137,U00216,CR00017,2025-12-30,0.0,Credit Card,TC00040,False
TT00138,U00220,CR00010,2025-04-19,0.0,PayPal,TC00042,False
TT00139,U00220,CR00014,2025-04-25,0.0,Bank Transfer,TC00040,False
TT00140,U00220,CR00017,2025-04-16,0.0,PayPal,TC00042,False
TT00141,U00220,CR00003,2025-04-08,0.0,PayPal,TC00040,False
TT00142,U00238,CR00012,2025-03-25,487.92,Bank Transfer,TC00040,True
TT00143,U00238,CR00041,2025-11-20,53.86,Credit Card,TC00040,True
TT00144,U00238,CR00001,2025-08-24,472.28,PayPal,TC00040,True
TT00145,U00238,CR00052,2025-10-27,0.0,PayPal,TC00040,False
TT00146,U00238,CR00002,2025-10-06,0.0,PayPal,TC00040,False
TT00147,U00251,CR00043,2025-04-16,0.0,Bank Transfer,TC00040,False
TT00148,U00251,CR00059,2025-04-11,0.0,Credit Card,TC00042,False
TT00149,U00251,CR00040,2025-01-04,327.99,PayPal,TC00040,True
TT00150,U00260,CR00060,2025-06-08,0.0,Bank Transfer,TC00042,False
TT00151,U00260,CR00006,2025-01-15,276.37,Bank Transfer,TC00042,True
TT00152,U00260,CR00039,2025-09-15,346.71,Bank Transfer,TC00040,True
TT00153,U00260,CR00028,2025-02-08,0.78,Bank Transfer,TC00042,True
TT00154,U00260,CR00026,2025-11-23,0.0,Credit Card,TC00042,False
TT00155,U00265,CR00004,2025-12-20,0.0,Credit Card,TC00040,False
TT00156,U00265,CR00010,2025-01-14,0.0,PayPal,TC00040,False
TT00157,U00265,CR00059,2025-03-22,0.0,Bank Transfer,TC00040,False
TT00158,U00265,CR00042,2025-04-24,0.0,Bank Transfer,TC00042,False
TT00159,U00265,CR00060,2025-02-25,0.0,PayPal,TC00042,False
TT00160,U00272,CR00051,2025-06-10,37.89,Credit Card,TC00040,True
TT00161,U00272,CR00022,2025-06-20,0.0,Credit Card,TC00042,False
TT00162,U00272,CR00044,2025-08-24,119.04,Credit Card,TC00042,True
TT00163,U00282,CR00007,2025-12-20,0.0,PayPal,TC00042,False
TT00164,U00282,CR00020,2025-06-11,0.0,PayPal,TC00040,False
TT00165,U00282,CR00029,2025-03-07,0.0,Bank Transfer,TC00042,False
TT00166,U00282,CR00014,2025-11-18,0.0,Bank Transfer,TC00042,False
TT00167,U00282,CR00046,2025-04-11,248.1,PayPal,TC00042,True
TT00168,U00292,CR00005,2025-10-04,0.0,Bank Transfer,TC00040,False
TT00169,U00292,CR00038,2025-04-04,342.61,Bank Transfer,TC00040,True
TT00170,U00293,CR00028,2025-11-13,0.78,Bank Transfer,TC00042,True
TT00171,U00293,CR00016,2025-12-10,0.0,Bank Transfer,TC00042,False
TT00172,U00293,CR00025,2025-01-22,299.57,Credit Card,TC00040,True
TT00173,U00293,CR00049,2025-01-15,415.51,Credit Card,TC00042,True
TT00174,U00298,CR00059,2025-08-22,0.0,PayPal,TC00040,False
TT00175,U00298,CR00026,2025-09-12,0.0,PayPal,TC00042,False
TT00176,U00298,CR00039,2025-07-16,346.71,Credit Card,TC00040,True
TT00177,U00298,CR00040,2025-01-06,327.99,PayPal,TC00042,True
TT00178,U00301,CR00003,2025-06-10,0.0,Bank Transfer,TC00040,False
TT00179,U00301,CR00037,2025-07-24,0.0,Bank Transfer,TC00040,False
TT00180,U00301,CR00049,2025-04-24,415.51,PayPal,TC00040,True
TT00181,U00301,CR00030,2025-01-12,0.0,Bank Transfer,TC00042,False
TT00182,U00303,CR00014,2025-04-06,0.0,PayPal,TC00040,False
TT00183,U00303,CR00053,2025-04-08,0.0,PayPal,TC00042,False
TT00184,U00303,CR00039,2025-08-15,346.71,PayPal,TC00042,True
TT00185,U00310,CR00010,2025-04-23,0.0,Credit Card,TC00042,False
TT00186,U00310,CR00023,2025-04-04,0.0,PayPal,TC00040,False
TT00187,U00310,CR00037,2025-09-07,0.0,PayPal,TC00040,False
TT00188,U00315,CR00051,2025-10-16,37.89,Bank Transfer,TC00040,True
TT00189,U00315,CR00045,2025-12-26,0.0,PayPal,TC00040,False
TT00190,U00315,CR00060,2025-08-30,0.0,Credit Card,TC00040,False
TT00191,U00321,CR00043,2025-05-06,0.0,PayPal,TC00040,False
TT00192,U00321,CR00047,2025-01-04,89.59,PayPal,TC00040,True
TT00193,U00321,CR00049,2025-10-19,415.51,Bank Transfer,TC00042,True
TT00194,U00322,CR00041,2025-06-26,53.86,Credit Card,TC00040,True
TT00195,U00322,CR00048,2025-06-26,0.0,Bank Transfer,TC00040,False
TT00196,U00322,CR00022,2025-05-11,0.0,Credit Card,TC00040,False
TT00197,U00323,CR00005,2025-03-02,0.0,Credit Card,TC00042,False
TT00198,U00323,CR00036,2025-03-11,0.0,Credit Card,TC00040,False
TT00199,U00323,CR00016,2025-02-01,0.0,PayPal,TC00040,False
TT00200,U00323,CR00033,2025-02-09,0.0,Bank Transfer,TC00040,False
TT00201,U00328,CR00042,2025-01-18,0.0,Credit Card,TC00042,False
TT00202,U00328,CR00003,2025-06-06,0.0,Credit Card,TC00042,False
TT00203,U00328,CR00041,2025-07-01,53.86,Bank Transfer,TC00040,True
TT00204,U00328,CR00004,2025-09-21,0.0,PayPal,TC00040,False
TT00205,U00328,CR00036,2025-04-02,0.0,Bank Transfer,TC00042,False
TT00206,U00329,CR00060,2025-01-26,0.0,Bank Transfer,TC00042,False
TT00207,U00329,CR00021,2025-09-29,0.0,Credit Card,TC00042,False
TT00208,U00329,CR00049,2025-03-25,415.51,PayPal,TC00042,True
TT00209,U00330,CR00051,2025-12-12,37.89,Bank Transfer,TC00042,True
TT00210,U00330,CR00040,2025-02-11,327.99,PayPal,TC00040,True
TT00211,U00330,CR00054,2025-12-20,0.0,Bank Transfer,TC00040,False
TT00212,U00334,CR00024,2025-01-21,117.68,PayPal,TC00042,True
TT00213,U00334,CR00051,2025-03-04,37.89,PayPal,TC00040,True
TT00214,U00334,CR00046,2025-02-18,248.1,Bank Transfer,TC00040,True
TT00215,U00334,CR00042,2025-10-06,0.0,Bank Transfer,TC00040,False
TT00216,U00338,CR00023,2025-08-25,0.0,Bank Transfer,TC00040,False
TT00217,U00338,CR00009,2025-11-28,0.0,PayPal,TC00040,False
TT00218,U00338,CR00002,2025-04-11,0.0,PayPal,TC00040,False
TT00219,U00338,CR00039,2025-03-15,346.71,PayPal,TC00040,True
TT00220,U00338,CR00017,2025-04-10,0.0,PayPal,TC00040,False
TT00221,U00339,CR00044,2025-08-19,119.04,Bank Transfer,TC00040,True
TT00222,U00339,CR00001,2025-05-28,472.28,Credit Card,TC00042,True
TT00223,U00339,CR00039,2025-08-10,346.71,Bank Transfer,TC00042,True
TT00224,U00339,CR00040,2025-08-23,327.99,Bank Transfer,TC00040,True
TT00225,U00339,CR00060,2025-08-01,0.0,Credit Card,TC00042,False
TT00226,U00340,CR00033,2025-02-03,0.0,Bank Transfer,TC00040,False
TT00227,U00340,CR00048,2025-05-24,0.0,Credit Card,TC00042,False
TT00228,U00340,CR00034,2025-11-09,394.26,PayPal,TC00040,True
TT00229,U00340,CR00028,2025-01-23,0.78,Bank Transfer,TC00042,True
TT00230,U00345,CR00001,2025-05-17,472.28,Bank Transfer,TC00042,True
TT00231,U00345,CR00017,2025-01-02,0.0,Credit Card,TC00042,False
TT00232,U00345,CR00007,2025-08-10,0.0,PayPal,TC00042,False
TT00233,U00345,CR00058,2025-08-05,0.0,Bank Transfer,TC00042,False
TT00234,U00345,CR00003,2025-09-12,0.0,Credit Card,TC00040,False
TT00235,U00351,CR00024,2025-08-09,117.68,Bank Transfer,TC00040,True
TT00236,U00351,CR00008,2025-11-15,0.0,PayPal,TC00042,False
TT00237,U00351,CR00040,2025-06-24,327.99,Bank Transfer,TC00042,True
TT00238,U00351,CR00033,2025-03-20,0.0,Bank Transfer,TC00040,False
TT00239,U00352,CR00032,2025-09-12,0.0,PayPal,TC00040,False
TT00240,U00352,CR00024,2025-08-06,117.68,Credit Card,TC00040,True
TT00241,U00352,CR00058,2025-11-16,0.0,Bank Transfer,TC00042,False
TT00242,U00352,CR00021,2025-01-23,0.0,Bank Transfer,TC00042,False
TT00243,U00353,CR00034,2025-11-08,394.26,Credit Card,TC00040,True
TT00244,U00353,CR00058,2025-10-11,0.0,Credit Card,TC00042,False
TT00245,U00353,CR00060,2025-10-15,0.0,Credit Card,TC00040,False
TT00246,U00353,CR00003,2025-05-09,0.0,Bank Transfer,TC00040,False
TT00247,U00356,CR00028,2025-02-11,0.78,Credit Card,TC00042,True
TT00248,U00356,CR00017,2025-02-01,0.0,PayPal,TC00040,False
TT00249,U00356,CR00047,2025-03-29,89.59,Credit Card,TC00040,True
TT00250,U00356,CR00032,2025-06-30,0.0,PayPal,TC00040,False
TT00251,U00356,CR00004,2025-04-28,0.0,Credit Card,TC00042,False
TT00252,U00357,CR00048,2025-03-05,0.0,Credit Card,TC00042,False
TT00253,U00357,CR00058,2025-04-16,0.0,Credit Card,TC00040,False
TT00254,U00357,CR00023,2025-01-11,0.0,Credit Card,TC00042,False
TT00255,U00357,CR00034,2025-11-25,394.26,PayPal,TC00040,True
TT00256,U00357,CR00055,2025-05-07,57.32,Bank Transfer,TC00040,True
TT00257,U00362,CR00024,2025-05-22,117.68,PayPal,TC00040,True
TT00258,U00362,CR00039,2025-03-07,346.71,Bank Transfer,TC00040,True
TT00259,U00362,CR00001,2025-07-11,472.28,PayPal,TC00042,True
TT00260,U00362,CR00014,2025-07-30,0.0,Bank Transfer,TC00042,False
TT00261,U00365,CR00013,2025-12-25,0.0,PayPal,TC00040,False
TT00262,U00365,CR00031,2025-03-10,0.0,Bank Transfer,TC00040,False
TT00263,U00365,CR00045,2025-07-29,0.0,Credit Card,TC00042,False
TT00264,U00365,CR00032,2025-11-16,0.0,Bank Transfer,TC00040,False
TT00265,U00379,CR00038,2025-10-01,342.61,Credit Card,TC00042,True
TT00266,U00379,CR00017,2025-10-09,0.0,Bank Transfer,TC00040,False
TT00267,U00379,CR00001,2025-12-14,472.28,Credit Card,TC00040,True
TT00268,U00383,CR00021,2025-11-13,0.0,Bank Transfer,TC00040,False
TT00269,U00383,CR00013,2025-07-25,0.0,Bank Transfer,TC00042,False
TT00270,U00383,CR00040,2025-03-05,327.99,Credit Card,TC00042,True
TT00271,U00383,CR00051,2025-06-02,37.89,Credit Card,TC00042,True
TT00272,U00383,CR00017,2025-12-18,0.0,PayPal,TC00042,False
TT00273,U00394,CR00004,2025-08-14,0.0,Credit Card,TC00042,False
TT00274,U00394,CR00014,2025-02-12,0.0,Bank Transfer,TC00040,False
TT00275,U00394,CR00051,2025-03-03,37.89,Bank Transfer,TC00040,True
TT00276,U00394,CR00052,2025-02-23,0.0,Credit Card,TC00042,False
TT00277,U00399,CR00008,2025-07-25,0.0,Credit Card,TC00042,False
TT00278,U00399,CR00016,2025-09-18,0.0,Credit Card,TC00042,False
TT00279,U00399,CR00050,2025-02-06,490.9,Credit Card,TC00040,True
TT00280,U00399,CR00057,2025-03-14,177.34,PayPal,TC00040,True
TT00281,U00399,CR00033,2025-11-21,0.0,Bank Transfer,TC00040,False
TT00282,U00404,CR00043,2025-05-24,0.0,PayPal,TC00042,False
TT00283,U00404,CR00049,2025-03-23,415.51,Bank Transfer,TC00042,True
TT00284,U00404,CR00038,2025-05-06,342.61,Bank Transfer,TC00042,True
TT00285,U00404,CR00005,2025-02-13,0.0,Bank Transfer,TC00040,False
TT00286,U00406,CR00032,2025-04-10,0.0,Bank Transfer,TC00040,False
TT00287,U00406,CR00025,2025-02-06,299.57,Credit Card,TC00042,True
TT00288,U00406,CR00031,2025-08-10,0.0,Bank Transfer,TC00040,False
TT00289,U00406,CR00041,2025-10-09,53.86,PayPal,TC00042,True
TT00290,U00406,CR00054,2025-08-05,0.0,Credit Card,TC00040,False
TT00291,U00407,CR00015,2025-06-05,285.05,Credit Card,TC00042,True
TT00292,U00407,CR00013,2025-12-27,0.0,PayPal,TC00040,False
TT00293,U00407,CR00026,2025-05-27,0.0,PayPal,TC00042,False
TT00294,U00407,CR00040,2025-12-10,327.99,Bank Transfer,TC00040,True
TT00295,U00407,CR00049,2025-07-11,415.51,PayPal,TC00040,True
TT00296,U00411,CR00017,2025-02-05,0.0,PayPal,TC00042,False
TT00297,U00411,CR00034,2025-01-17,394.26,PayPal,TC00040,True
TT00298,U00411,CR00044,2025-07-21,119.04,Bank Transfer,TC00040,True
TT00299,U00415,CR00003,2025-08-06,0.0,Bank Transfer,TC00040,False
TT00300,U00415,CR00043,2025-01-23,0.0,PayPal,TC00040,False
TT00301,U00415,CR00045,2025-02-04,0.0,Bank Transfer,TC00040,False
TT00302,U00415,CR00024,2025-11-27,117.68,Credit Card,TC00040,True
TT00303,U00423,CR00048,2025-04-07,0.0,Bank Transfer,TC00042,False
TT00304,U00423,CR00014,2025-09-11,0.0,Credit Card,TC00042,False
TT00305,U00424,CR00023,2025-06-07,0.0,PayPal,TC00042,False
TT00306,U00424,CR00048,2025-05-16,0.0,Bank Transfer,TC00040,False
TT00307,U00424,CR00024,2025-03-18,117.68,Bank Transfer,TC00042,True
TT00308,U00427,CR00023,2025-06-12,0.0,Credit Card,TC00042,False
TT00309,U00427,CR00060,2025-10-03,0.0,PayPal,TC00042,False
TT00310,U00427,CR00048,2025-07-14,0.0,PayPal,TC00040,False
TT00311,U00427,CR00036,2025-07-29,0.0,Credit Card,TC00040,False
TT00312,U00427,CR00059,2025-03-06,0.0,Credit Card,TC00042,False
TT00313,U00438,CR00055,2025-07-16,57.32,PayPal,TC00040,True
TT00314,U00438,CR00032,2025-04-06,0.0,Credit Card,TC00040,False
TT00315,U00438,CR00006,2025-07-07,276.37,PayPal,TC00042,True
TT00316,U00438,CR00019,2025-02-23,0.0,Credit Card,TC00040,False
TT00317,U00438,CR00033,2025-09-06,0.0,Credit Card,TC00040,False
TT00318,U00444,CR00022,2025-09-19,0.0,Bank Transfer,TC00042,False
TT00319,U00444,CR00023,2025-04-27,0.0,Credit Card,TC00042,False
TT00320,U00444,CR00001,2025-07-28,472.28,PayPal,TC00040,True
TT00321,U00449,CR00020,2025-02-15,0.0,PayPal,TC00040,False
TT00322,U00449,CR00052,2025-11-05,0.0,Credit Card,TC00042,False
TT00323,U00449,CR00022,2025-07-26,0.0,PayPal,TC00040,False
TT00324,U00449,CR00049,2025-03-18,415.51,Bank Transfer,TC00040,True
TT00325,U00450,CR00051,2025-07-04,37.89,PayPal,TC00042,True
TT00326,U00450,CR00055,2025-11-07,57.32,Bank Transfer,TC00040,True
TT00327,U00450,CR00015,2025-12-25,285.05,PayPal,TC00040,True
TT00328,U00464,CR00021,2025-01-03,0.0,Credit Card,TC00042,False
TT00329,U00464,CR00008,2025-12-11,0.0,Bank Transfer,TC00040,False
TT00330,U00464,CR00041,2025-04-19,53.86,PayPal,TC00040,True
TT00331,U00494,CR00028,2025-08-01,0.78,PayPal,TC00042,True
TT00332,U00494,CR00058,2025-08-29,0.0,Credit Card,TC00040,False
TT00333,U00494,CR00053,2025-01-02,0.0,PayPal,TC00040,False
TT00334,U00494,CR00038,2025-07-19,342.61,PayPal,TC00042,True
TT00335,U00494,CR00014,2025-12-25,0.0,Bank Transfer,TC00040,False
TT00336,U00543,CR00034,2025-01-27,394.26,Bank Transfer,TC00040,True
TT00337,U00543,CR00053,2025-02-17,0.0,Bank Transfer,TC00042,False
TT00338,U00543,CR00050,2025-03-09,490.9,PayPal,TC00042,True
TT00339,U00548,CR00019,2025-04-27,0.0,PayPal,TC00042,False
TT00340,U00548,CR00032,2025-10-12,0.0,Credit Card,TC00040,False
TT00341,U00548,CR00046,2025-07-19,248.1,Credit Card,TC00042,True
TT00342,U00548,CR00012,2025-02-27,487.92,PayPal,TC00042,True
TT00343,U00556,CR00036,2025-08-10,0.0,PayPal,TC00040,False
TT00344,U00556,CR00003,2025-03-15,0.0,Bank Transfer,TC00040,False
TT00345,U00556,CR00046,2025-12-23,248.1,PayPal,TC00042,True
TT00346,U00556,CR00035,2025-07-02,0.0,Credit Card,TC00040,False
TT00347,U00559,CR00024,2025-08-27,117.68,Credit Card,TC00040,True
TT00348,U00559,CR00041,2025-05-22,53.86,Credit Card,TC00042,True
TT00349,U00562,CR00055,2025-09-15,57.32,Credit Card,TC00042,True
TT00350,U00562,CR00060,2025-06-25,0.0,PayPal,TC00040,False
TT00351,U00562,CR00038,2025-06-14,342.61,Credit Card,TC00042,True
TT00352,U00562,CR00039,2025-10-23,346.71,Credit Card,TC00040,True
TT00353,U00562,CR00041,2025-11-01,53.86,Bank Transfer,TC00042,True
TT00354,U00569,CR00053,2025-10-24,0.0,Credit Card,TC00040,False
TT00355,U00569,CR00039,2025-02-11,346.71,PayPal,TC00040,True
TT00356,U00569,CR00042,2025-02-05,0.0,Bank Transfer,TC00042,False
TT00357,U00569,CR00021,2025-05-18,0.0,Credit Card,TC00040,False
TT00358,U00570,CR00033,2025-05-25,0.0,Credit Card,TC00040,False
TT00359,U00570,CR00058,2025-09-12,0.0,Bank Transfer,TC00040,False
TT00360,U00570,CR00005,2025-03-10,0.0,Bank Transfer,TC00040,False
TT00361,U00570,CR00046,2025-07-28,248.1,PayPal,TC00040,True
TT00362,U00570,CR00016,2025-05-19,0.0,PayPal,TC00042,False
TT00363,U00572,CR00002,2025-12-20,0.0,PayPal,TC00042,False
TT00364,U00572,CR00037,2025-02-11,0.0,Bank Transfer,TC00040,False
TT00365,U00572,CR00019,2025-12-23,0.0,Credit Card,TC00040,False
TT00366,U00573,CR00044,2025-11-01,119.04,PayPal,TC00040,True
TT00367,U00573,CR00028,2025-03-04,0.78,Credit Card,TC00042,True
TT00368,U00573,CR00031,2025-10-23,0.0,PayPal,TC00040,False
TT00369,U00574,CR00046,2025-09-05,248.1,Credit Card,TC00040,True
TT00370,U00574,CR00037,2025-11-19,0.0,Credit Card,TC00042,False
TT00371,U00574,CR00047,2025-04-20,89.59,PayPal,TC00042,True
TT00372,U00574,CR00008,2025-05-23,0.0,Credit Card,TC00042,False
TT00373,U00576,CR00057,2025-07-11,177.34,Credit Card,TC00042,True
TT00374,U00576,CR00051,2025-05-25,37.89,Credit Card,TC00042,True
TT00375,U00576,CR00059,2025-05-21,0.0,Credit Card,TC00042,False
TT00376,U00584,CR00042,2025-08-14,0.0,PayPal,TC00040,False
TT00377,U00584,CR00025,2025-02-11,299.57,PayPal,TC00040,True
TT00378,U00584,CR00039,2025-12-06,346.71,PayPal,TC00040,True
TT00379,U00584,CR00034,2025-09-08,394.26,Bank Transfer,TC00040,True
TT00380,U00592,CR00022,2025-02-26,0.0,PayPal,TC00040,False
TT00381,U00592,CR00052,2025-03-14,0.0,PayPal,TC00040,False
TT00382,U00592,CR00048,2025-09-16,0.0,Credit Card,TC00042,False
TT00383,U00592,CR00001,2025-04-01,472.28,PayPal,TC00040,True
TT00384,U00592,CR00035,2025-01-20,0.0,PayPal,TC00040,False
TT00385,U00595,CR00048,2025-07-18,0.0,Credit Card,TC00040,False
TT00386,U00595,CR00015,2025-01-05,285.05,Bank Transfer,TC00042,True
TT00387,U00595,CR00011,2025-02-19,326.02,Bank Transfer,TC00042,True
TT00388,U00595,CR00026,2025-03-23,0.0,Bank Transfer,TC00042,False
TT00389,U00595,CR00005,2025-03-07,0.0,PayPal,TC00040,False
TT00390,U00604,CR00030,2025-06-18,0.0,Bank Transfer,TC00042,False
TT00391,U00604,CR00050,2025-09-06,490.9,Credit Card,TC00042,True
TT00392,U00604,CR00029,2025-10-25,0.0,Credit Card,TC00042,False
TT00393,U00619,CR00044,2025-06-19,119.04,Bank Transfer,TC00042,True
TT00394,U00619,CR00033,2025-06-03,0.0,Credit Card,TC00040,False
TT00395,U00619,CR00031,2025-03-26,0.0,PayPal,TC00040,False
TT00396,U00622,CR00010,2025-04-15,0.0,Bank Transfer,TC00042,False
TT00397,U00622,CR00043,2025-07-05,0.0,Bank Transfer,TC00040,False
TT00398,U00622,CR00016,2025-07-24,0.0,PayPal,TC00040,False
TT00399,U00633,CR00033,2025-09-27,0.0,PayPal,TC00040,False
TT00400,U00633,CR00031,2025-05-02,0.0,Bank Transfer,TC00040,False
TT00401,U00633,CR00060,2025-12-22,0.0,Credit Card,TC00042,False
TT00402,U00633,CR00047,2025-09-01,89.59,Credit Card,TC00042,True
TT00403,U00636,CR00011,2025-12-25,326.02,PayPal,TC00042,True
TT00404,U00636,CR00031,2025-06-10,0.0,Credit Card,TC00040,False
TT00405,U00636,CR00049,2025-06-16,415.51,Bank Transfer,TC00042,True
TT00406,U00639,CR00034,2025-04-09,394.26,Credit Card,TC00040,True
TT00407,U00639,CR00003,2025-09-01,0.0,Credit Card,TC00042,False
TT00408,U00639,CR00032,2025-02-16,0.0,Credit Card,TC00040,False
TT00409,U00639,CR00053,2025-06-02,0.0,Bank Transfer,TC00040,False
TT00410,U00639,CR00018,2025-07-13,0.0,Bank Transfer,TC00042,False
TT00411,U00666,CR00043,2025-06-24,0.0,PayPal,TC00042,False
TT00412,U00666,CR00021,2025-06-17,0.0,PayPal,TC00042,False
TT00413,U00666,CR00014,2025-08-06,0.0,Bank Transfer,TC00040,False
TT00414,U00687,CR00002,2025-05-29,0.0,Credit Card,TC00042,False
TT00415,U00687,CR00041,2025-06-13,53.86,PayPal,TC00040,True
TT00416,U00687,CR00024,2025-07-25,117.68,Bank Transfer,TC00040,True
TT00417,U00687,CR00034,2025-03-03,394.26,PayPal,TC00040,True
TT00418,U00687,CR00029,2025-07-21,0.0,Bank Transfer,TC00042,False
TT00419,U00701,CR00014,2025-10-30,0.0,PayPal,TC00040,False
TT00420,U00701,CR00016,2025-11-13,0.0,PayPal,TC00042,False
TT00421,U00701,CR00048,2025-03-27,0.0,Bank Transfer,TC00042,False
TT00422,U00701,CR00060,2025-06-12,0.0,Credit Card,TC00040,False
TT00423,U00704,CR00021,2025-09-28,0.0,PayPal,TC00042,False
TT00424,U00704,CR00028,2025-02-09,0.78,Credit Card,TC00042,True
TT00425,U00704,CR00050,2025-03-21,490.9,Bank Transfer,TC00040,True
TT00426,U00709,CR00026,2025-08-13,0.0,Credit Card,TC00042,False
TT00427,U00709,CR00016,2025-01-15,0.0,Bank Transfer,TC00042,False
TT00428,U00709,CR00054,2025-03-30,0.0,Credit Card,TC00040,False
TT00429,U00709,CR00056,2025-03-01,212.39,Bank Transfer,TC00042,True
TT00430,U00709,CR00058,2025-09-01,0.0,Bank Transfer,TC00040,False
TT00431,U00723,CR00023,2025-11-20,0.0,PayPal,TC00040,False
TT00432,U00723,CR00040,2025-05-19,327.99,PayPal,TC00040,True
TT00433,U00723,CR00033,2025-03-02,0.0,PayPal,TC00040,False
TT00434,U00723,CR00057,2025-06-23,177.34,Bank Transfer,TC00042,True
TT00435,U00724,CR00037,2025-06-14,0.0,Credit Card,TC00042,False
TT00436,U00724,CR00016,2025-08-03,0.0,Bank Transfer,TC00040,False
TT00437,U00724,CR00052,2025-08-09,0.0,PayPal,TC00042,False
TT00438,U00724,CR00014,2025-05-10,0.0,PayPal,TC00042,False
TT00439,U00724,CR00017,2025-01-20,0.0,Credit Card,TC00042,False
TT00440,U00752,CR00034,2025-04-03,394.26,Bank Transfer,TC00040,True
TT00441,U00752,CR00001,2025-09-18,472.28,PayPal,TC00040,True
TT00442,U00752,CR00007,2025-08-21,0.0,Bank Transfer,TC00040,False
TT00443,U00752,CR00051,2025-07-22,37.89,Bank Transfer,TC00042,True
TT00444,U00752,CR00049,2025-10-14,415.51,Bank Transfer,TC00042,True
TT00445,U00760,CR00019,2025-11-22,0.0,Credit Card,TC00042,False
TT00446,U00760,CR00005,2025-06-29,0.0,PayPal,TC00040,False
TT00447,U00760,CR00003,2025-12-06,0.0,Bank Transfer,TC00040,False
TT00448,U00765,CR00044,2025-07-10,119.04,PayPal,TC00042,True
TT00449,U00765,CR00039,2025-03-21,346.71,Bank Transfer,TC00040,True
TT00450,U00765,CR00008,2025-12-14,0.0,Credit Card,TC00040,False
TT00451,U00767,CR00032,2025-08-07,0.0,PayPal,TC00040,False
TT00452,U00767,CR00030,2025-05-23,0.0,PayPal,TC00042,False
TT00453,U00767,CR00007,2025-11-11,0.0,Credit Card,TC00040,False
TT00454,U00767,CR00049,2025-05-17,415.51,Credit Card,TC00040,True
TT00455,U00767,CR00057,2025-02-03,177.34,Bank Transfer,TC00042,True
TT00456,U00772,CR00058,2025-11-23,0.0,Bank Transfer,TC00040,False
TT00457,U00772,CR00008,2025-01-22,0.0,Bank Transfer,TC00042,False
TT00458,U00772,CR00003,2025-08-27,0.0,Credit Card,TC00042,False
TT00459,U00772,CR00053,2025-06-03,0.0,Credit Card,TC00042,False
TT00460,U00772,CR00022,2025-04-23,0.0,PayPal,TC00040,False
TT00461,U00775,CR00044,2025-04-29,119.04,Credit Card,TC00042,True
TT00462,U00775,CR00003,2025-12-03,0.0,Bank Transfer,TC00040,False
TT00463,U00775,CR00053,2025-12-24,0.0,PayPal,TC00040,False
TT00464,U00775,CR00047,2025-06-02,89.59,Bank Transfer,TC00040,True
TT00465,U00775,CR00002,2025-07-13,0.0,Bank Transfer,TC00042,False
TT00466,U00786,CR00055,2025-12-09,57.32,Bank Transfer,TC00040,True
TT00467,U00786,CR00053,2025-09-09,0.0,Credit Card,TC00042,False
TT00468,U00786,CR00045,2025-03-21,0.0,Credit Card,TC00040,False
TT00469,U00786,CR00010,2025-08-14,0.0,Bank Transfer,TC00040,False
TT00470,U00786,CR00034,2025-04-24,394.26,Bank Transfer,TC00040,True
TT00471,U00787,CR00001,2025-05-10,472.28,Bank Transfer,TC00042,True
TT00472,U00787,CR00037,2025-03-04,0.0,Credit Card,TC00042,False
TT00473,U00819,CR00056,2025-09-10,212.39,PayPal,TC00042,True
TT00474,U00819,CR00013,2025-03-21,0.0,Credit Card,TC00040,False
TT00475,U00819,CR00060,2025-01-27,0.0,PayPal,TC00040,False
TT00476,U00821,CR00009,2025-09-12,0.0,PayPal,TC00042,False
TT00477,U00821,CR00024,2025-06-12,117.68,PayPal,TC00040,True
TT00478,U00821,CR00046,2025-04-12,248.1,Bank Transfer,TC00042,True
TT00479,U00829,CR00004,2025-01-20,0.0,PayPal,TC00042,False
TT00480,U00829,CR00054,2025-11-23,0.0,Credit Card,TC00042,False
TT00481,U00829,CR00021,2025-01-17,0.0,PayPal,TC00040,False
TT00482,U00829,CR00040,2025-06-03,327.99,Bank Transfer,TC00042,True
TT00483,U00829,CR00037,2025-04-27,0.0,Bank Transfer,TC00042,False
TT00484,U00836,CR00030,2025-07-20,0.0,PayPal,TC00042,False
TT00485,U00836,CR00051,2025-11-08,37.89,Credit Card,TC00040,True
TT00486,U00836,CR00041,2025-08-22,53.86,Credit Card,TC00042,True
TT00487,U00836,CR00054,2025-11-27,0.0,PayPal,TC00040,False
TT00488,U00838,CR00013,2025-11-02,0.0,PayPal,TC00042,False
TT00489,U00838,CR00025,2025-03-28,299.57,Bank Transfer,TC00040,True
TT00490,U00838,CR00019,2025-01-23,0.0,PayPal,TC00040,False
TT00491,U00850,CR00014,2025-06-19,0.0,Credit Card,TC00040,False
TT00492,U00850,CR00007,2025-12-04,0.0,PayPal,TC00042,False
TT00493,U00850,CR00022,2025-01-22,0.0,PayPal,TC00042,False
TT00494,U00850,CR00027,2025-08-09,0.0,Bank Transfer,TC00042,False
TT00495,U00852,CR00050,2025-11-29,490.9,Credit Card,TC00042,True
TT00496,U00852,CR00042,2025-04-26,0.0,Bank Transfer,TC00042,False
TT00497,U00852,CR00058,2025-04-08,0.0,PayPal,TC00042,False
TT00498,U00852,CR00039,2025-03-21,346.71,Bank Transfer,TC00042,True
TT00499,U00858,CR00002,2025-06-02,0.0,Bank Transfer,TC00042,False
TT00500,U00858,CR00027,2025-05-12,0.0,Credit Card,TC00042,False
TT00501,U00858,CR00060,2025-05-28,0.0,PayPal,TC00040,False
TT00502,U00858,CR00052,2025-11-07,0.0,PayPal,TC00042,False
TT00503,U00870,CR00020,2025-11-19,0.0,PayPal,TC00042,False
TT00504,U00870,CR00025,2025-01-02,299.57,Bank Transfer,TC00042,True
TT00505,U00870,CR00058,2025-06-21,0.0,Credit Card,TC00042,False
TT00506,U00870,CR00031,2025-12-30,0.0,Credit Card,TC00040,False
TT00507,U00870,CR00043,2025-01-12,0.0,PayPal,TC00042,False
TT00508,U00874,CR00045,2025-04-18,0.0,Credit Card,TC00042,False
TT00509,U00874,CR00024,2025-04-21,117.68,PayPal,TC00042,True
TT00510,U00874,CR00034,2025-02-24,394.26,Credit Card,TC00040,True
TT00511,U00876,CR00038,2025-12-28,342.61,PayPal,TC00040,True
TT00512,U00876,CR00032,2025-12-02,0.0,Credit Card,TC00040,False
TT00513,U00876,CR00049,2025-06-07,415.51,Bank Transfer,TC00040,True
TT00514,U00881,CR00013,2025-12-03,0.0,Credit Card,TC00040,False
TT00515,U00881,CR00048,2025-02-09,0.0,Credit Card,TC00042,False
TT00516,U00881,CR00035,2025-08-03,0.0,Credit Card,TC00040,False
TT00517,U00881,CR00030,2025-03-20,0.0,PayPal,TC00042,False
TT00518,U00881,CR00034,2025-02-01,394.26,Bank Transfer,TC00040,True
TT00519,U00893,CR00007,2025-12-10,0.0,Credit Card,TC00042,False
TT00520,U00893,CR00045,2025-07-08,0.0,PayPal,TC00042,False
TT00521,U00893,CR00028,2025-01-09,0.78,Bank Transfer,TC00042,True
TT00522,U00893,CR00050,2025-10-05,490.9,PayPal,TC00042,True
TT00523,U00893,CR00029,2025-03-21,0.0,Bank Transfer,TC00042,False
TT00524,U00898,CR00020,2025-10-28,0.0,Bank Transfer,TC00042,False
TT00525,U00898,CR00041,2025-11-06,53.86,Bank Transfer,TC00040,True
TT00526,U00898,CR00060,2025-07-05,0.0,Bank Transfer,TC00042,False
TT00527,U00903,CR00039,2025-09-21,346.71,Credit Card,TC00042,True
TT00528,U00903,CR00014,2025-03-11,0.0,Credit Card,TC00040,False
TT00529,U00903,CR00016,2025-11-24,0.0,Bank Transfer,TC00042,False
TT00530,U00903,CR00022,2025-10-05,0.0,PayPal,TC00040,False
TT00531,U00907,CR00016,2025-01-18,0.0,Bank Transfer,TC00042,False
TT00532,U00907,CR00057,2025-02-26,177.34,PayPal,TC00040,True
TT00533,U00907,CR00012,2025-05-05,487.92,PayPal,TC00042,True
TT00534,U00907,CR00011,2025-03-07,326.02,Bank Transfer,TC00040,True
TT00535,U00911,CR00043,2025-11-15,0.0,Bank Transfer,TC00042,False
TT00536,U00911,CR00006,2025-12-23,276.37,Bank Transfer,TC00042,True
TT00537,U00911,CR00036,2025-12-18,0.0,PayPal,TC00040,False
TT00538,U00915,CR00013,2025-07-10,0.0,Credit Card,TC00040,False
TT00539,U00915,CR00031,2025-09-20,0.0,Credit Card,TC00040,False
TT00540,U00915,CR00016,2025-09-03,0.0,Credit Card,TC00042,False
TT00541,U00917,CR00026,2025-04-21,0.0,Bank Transfer,TC00042,False
TT00542,U00917,CR00040,2025-01-24,327.99,PayPal,TC00042,True
TT00543,U00917,CR00055,2025-01-02,57.32,PayPal,TC00040,True
TT00544,U00917,CR00043,2025-04-23,0.0,Bank Transfer,TC00040,False
TT00545,U00917,CR00045,2025-11-11,0.0,Credit Card,TC00040,False
TT00546,U00919,CR00046,2025-12-25,248.1,Bank Transfer,TC00042,True
TT00547,U00919,CR00027,2025-06-29,0.0,Credit Card,TC00042,False
TT00548,U00919,CR00012,2025-07-27,487.92,Credit Card,TC00042,True
TT00549,U00919,CR00021,2025-05-17,0.0,Bank Transfer,TC00042,False
TT00550,U00919,CR00002,2025-09-26,0.0,Bank Transfer,TC00042,False
TT00551,U00928,CR00038,2025-12-17,342.61,Credit Card,TC00042,True
TT00552,U00928,CR00004,2025-03-23,0.0,PayPal,TC00042,False
TT00553,U00928,CR00040,2025-03-13,327.99,PayPal,TC00040,True
TT00554,U00959,CR00019,2025-05-07,0.0,Credit Card,TC00040,False
TT00555,U00959,CR00010,2025-04-15,0.0,PayPal,TC00040,False
TT00556,U00959,CR00026,2025-10-25,0.0,Bank Transfer,TC00042,False
TT00557,U00959,CR00028,2025-07-15,0.78,PayPal,TC00042,True
TT00558,U00961,CR00058,2025-08-05,0.0,PayPal,TC00042,False
TT00559,U00961,CR00042,2025-01-13,0.0,Credit Card,TC00042,False
TT00560,U00961,CR00024,2025-08-18,117.68,Bank Transfer,TC00042,True
TT00561,U00961,CR00046,2025-01-26,248.1,Bank Transfer,TC00040,True
TT00562,U00961,CR00028,2025-09-02,0.78,PayPal,TC00042,True
TT00563,U00967,CR00059,2025-08-01,0.0,Bank Transfer,TC00042,False
TT00564,U00967,CR00056,2025-10-23,212.39,Bank Transfer,TC00040,True
TT00565,U00967,CR00036,2025-02-09,0.0,Credit Card,TC00042,False
TT00566,U00967,CR00054,2025-01-12,0.0,PayPal,TC00042,False
TT00567,U00976,CR00056,2025-02-07,212.39,Bank Transfer,TC00042,True
TT00568,U00976,CR00031,2025-05-12,0.0,Credit Card,TC00040,False
TT00569,U00976,CR00047,2025-12-10,89.59,Credit Card,TC00040,True
TT00570,U00976,CR00053,2025-09-07,0.0,PayPal,TC00042,False
TT00571,U00981,CR00025,2025-02-04,299.57,PayPal,TC00040,True
TT00572,U00981,CR00037,2025-04-12,0.0,PayPal,TC00040,False
TT00573,U00981,CR00028,2025-04-06,0.78,PayPal,TC00042,True
TT00574,U00981,CR00049,2025-08-21,415.51,Bank Transfer,TC00040,True
TT00575,U00989,CR00003,2025-03-02,0.0,PayPal,TC00042,False
TT00576,U00989,CR00006,2025-11-15,276.37,PayPal,TC00042,True
TT00577,U00989,CR00005,2025-11-09,0.0,Credit Card,TC00040,False
TT00578,U00989,CR00047,2025-11-08,89.59,Credit Card,TC00042,True
TT00579,U00989,CR00013,2025-06-16,0.0,Credit Card,TC00040,False
TT00580,U00997,CR00058,2025-04-17,0.0,Credit Card,TC00040,False
TT00581,U00997,CR00059,2025-11-11,0.0,Credit Card,TC00040,False
TT00582,U00997,CR00008,2025-03-24,0.0,PayPal,TC00042,False
TT00583,U00997,CR00030,2025-03-20,0.0,Bank Transfer,TC00042,False
TT00584,U01000,CR00028,2025-09-10,0.78,Bank Transfer,TC00042,True
TT00585,U01000,CR00002,2025-01-12,0.0,PayPal,TC00040,False
TT00586,U01000,CR00011,2025-02-25,326.02,PayPal,TC00040,True
TT00587,U01015,CR00043,2025-02-02,0.0,Bank Transfer,TC00040,False
TT00588,U01015,CR00056,2025-01-27,212.39,PayPal,TC00042,True
TT00589,U01015,CR00049,2025-01-14,415.51,Credit Card,TC00042,True
TT00590,U01015,CR00060,2025-09-25,0.0,Credit Card,TC00040,False
TT00591,U01020,CR00046,2025-10-06,248.1,Credit Card,TC00042,True
TT00592,U01020,CR00041,2025-05-16,53.86,Bank Transfer,TC00042,True
TT00593,U01020,CR00055,2025-08-10,57.32,PayPal,TC00042,True
TT00594,U01022,CR00041,2025-07-26,53.86,PayPal,TC00040,True
TT00595,U01022,CR00049,2025-03-30,415.51,Credit Card,TC00040,True
TT00596,U01022,CR00037,2025-01-23,0.0,PayPal,TC00042,False
TT00597,U01031,CR00010,2025-11-12,0.0,Credit Card,TC00040,False
TT00598,U01031,CR00041,2025-03-29,53.86,PayPal,TC00040,True
TT00599,U01031,CR00033,2025-09-20,0.0,Credit Card,TC00040,False
TT00600,U01032,CR00041,2025-10-23,53.86,PayPal,TC00040,True
TT00601,U01032,CR00053,2025-02-11,0.0,PayPal,TC00042,False
TT00602,U01032,CR00050,2025-03-17,490.9,Bank Transfer,TC00042,True
TT00603,U01032,CR00055,2025-12-19,57.32,Credit Card,TC00042,True
TT00604,U01032,CR00018,2025-02-10,0.0,Credit Card,TC00042,False
TT00605,U01033,CR00012,2025-03-15,487.92,PayPal,TC00042,True
TT00606,U01033,CR00010,2025-06-23,0.0,Bank Transfer,TC00040,False
TT00607,U01033,CR00004,2025-04-08,0.0,PayPal,TC00042,False
TT00608,U01034,CR00021,2025-05-08,0.0,Bank Transfer,TC00040,False
TT00609,U01034,CR00055,2025-03-25,57.32,PayPal,TC00042,True
TT00610,U01034,CR00016,2025-01-29,0.0,Bank Transfer,TC00042,False
TT00611,U01066,CR00030,2025-11-20,0.0,Bank Transfer,TC00042,False
TT00612,U01066,CR00038,2025-06-04,342.61,PayPal,TC00040,True
TT00613,U01066,CR00040,2025-01-30,327.99,Credit Card,TC00040,True
TT00614,U01066,CR00017,2025-12-02,0.0,Credit Card,TC00042,False
TT00615,U01066,CR00005,2025-01-18,0.0,PayPal,TC00040,False
TT00616,U01079,CR00018,2025-03-13,0.0,Bank Transfer,TC00040,False
TT00617,U01079,CR00021,2025-04-15,0.0,PayPal,TC00042,False
TT00618,U01079,CR00043,2025-01-16,0.0,PayPal,TC00040,False
TT00619,U01083,CR00006,2025-05-01,276.37,Bank Transfer,TC00040,True
TT00620,U01083,CR00047,2025-11-03,89.59,Credit Card,TC00042,True
TT00621,U01083,CR00039,2025-01-13,346.71,Bank Transfer,TC00042,True
TT00622,U01083,CR00057,2025-01-09,177.34,Credit Card,TC00042,True
TT00623,U01083,CR00008,2025-11-09,0.0,Bank Transfer,TC00042,False
TT00624,U01084,CR00008,2025-07-18,0.0,PayPal,TC00042,False
TT00625,U01084,CR00048,2025-02-25,0.0,Bank Transfer,TC00042,False
TT00626,U01084,CR00036,2025-02-16,0.0,Credit Card,TC00042,False
TT00627,U01084,CR00057,2025-09-09,177.34,Credit Card,TC00040,True
TT00628,U01092,CR00001,2025-05-18,472.28,PayPal,TC00042,True
TT00629,U01092,CR00007,2025-03-03,0.0,Credit Card,TC00042,False
TT00630,U01092,CR00013,2025-11-30,0.0,Credit Card,TC00040,False
TT00631,U01092,CR00026,2025-12-02,0.0,Bank Transfer,TC00042,False
TT00632,U01096,CR00028,2025-03-04,0.78,Credit Card,TC00042,True
TT00633,U01096,CR00021,2025-12-21,0.0,Credit Card,TC00042,False
TT00634,U01096,CR00048,2025-01-17,0.0,PayPal,TC00042,False
TT00635,U01096,CR00052,2025-02-08,0.0,PayPal,TC00042,False
TT00636,U01096,CR00043,2025-10-27,0.0,Credit Card,TC00042,False
TT00637,U01123,CR00013,2025-03-30,0.0,Credit Card,TC00042,False
TT00638,U01123,CR00031,2025-05-15,0.0,PayPal,TC00040,False
TT00639,U01123,CR00044,2025-07-02,119.04,Bank Transfer,TC00040,True
TT00640,U01123,CR00005,2025-02-21,0.0,Bank Transfer,TC00042,False
TT00641,U01123,CR00010,2025-10-13,0.0,PayPal,TC00040,False
TT00642,U01143,CR00030,2025-06-29,0.0,Credit Card,TC00042,False
TT00643,U01143,CR00033,2025-06-26,0.0,PayPal,TC00040,False
TT00644,U01143,CR00052,2025-06-01,0.0,PayPal,TC00042,False
TT00645,U01143,CR00054,2025-03-13,0.0,PayPal,TC00042,False
TT00646,U01143,CR00006,2025-03-14,276.37,Bank Transfer,TC00042,True
TT00647,U01146,CR00029,2025-11-24,0.0,PayPal,TC00042,False
TT00648,U01146,CR00004,2025-08-04,0.0,Credit Card,TC00042,False
TT00649,U01146,CR00014,2025-05-28,0.0,Bank Transfer,TC00040,False
TT00650,U01151,CR00049,2025-01-09,415.51,PayPal,TC00040,True
TT00651,U01151,CR00039,2025-08-13,346.71,PayPal,TC00040,True
TT00652,U01151,CR00003,2025-04-16,0.0,PayPal,TC00042,False
TT00653,U01151,CR00031,2025-12-29,0.0,Bank Transfer,TC00040,False
TT00654,U01158,CR00034,2025-09-18,394.26,Credit Card,TC00040,True
TT00655,U01158,CR00059,2025-12-11,0.0,PayPal,TC00042,False
TT00656,U01158,CR00033,2025-03-14,0.0,PayPal,TC00040,False
TT00657,U01163,CR00006,2025-10-02,276.37,Bank Transfer,TC00040,True
TT00658,U01163,CR00014,2025-03-25,0.0,Credit Card,TC00042,False
TT00659,U01163,CR00015,2025-02-24,285.05,PayPal,TC00040,True
TT00660,U01167,CR00044,2025-06-05,119.04,Credit Card,TC00042,True
TT00661,U01167,CR00051,2025-03-04,37.89,Credit Card,TC00042,True
TT00662,U01170,CR00047,2025-07-09,89.59,PayPal,TC00042,True
TT00663,U01170,CR00058,2025-10-02,0.0,Bank Transfer,TC00040,False
TT00664,U01170,CR00005,2025-06-15,0.0,Credit Card,TC00042,False
TT00665,U01170,CR00046,2025-12-07,248.1,PayPal,TC00040,True
TT00666,U01170,CR00007,2025-11-08,0.0,Credit Card,TC00040,False
TT00667,U01177,CR00058,2025-12-16,0.0,Bank Transfer,TC00042,False
TT00668,U01177,CR00047,2025-10-11,89.59,Credit Card,TC00040,True
TT00669,U01177,CR00006,2025-11-16,276.37,Credit Card,TC00042,True
TT00670,U01177,CR00020,2025-08-09,0.0,PayPal,TC00040,False
TT00671,U01180,CR00025,2025-03-07,299.57,PayPal,TC00040,True
TT00672,U01180,CR00024,2025-12-04,117.68,Credit Card,TC00042,True
TT00673,U01180,CR00021,2025-12-19,0.0,Credit Card,TC00040,False
TT00674,U01180,CR00031,2025-04-06,0.0,Credit Card,TC00040,False
TT00675,U01197,CR00013,2025-08-19,0.0,PayPal,TC00042,False
TT00676,U01197,CR00036,2025-09-14,0.0,PayPal,TC00042,False
TT00677,U01197,CR00015,2025-01-18,285.05,Bank Transfer,TC00042,True
TT00678,U01203,CR00028,2025-03-22,0.78,PayPal,TC00042,True
TT00679,U01203,CR00035,2025-03-08,0.0,Bank Transfer,TC00040,False
TT00680,U01203,CR00038,2025-10-13,342.61,Credit Card,TC00042,True
TT00681,U01203,CR00031,2025-03-12,0.0,Credit Card,TC00040,False
TT00682,U01203,CR00048,2025-05-03,0.0,Bank Transfer,TC00040,False
TT00683,U01221,CR00028,2025-09-20,0.78,Bank Transfer,TC00042,True
TT00684,U01221,CR00053,2025-05-11,0.0,Credit Card,TC00040,False
TT00685,U01221,CR00048,2025-10-15,0.0,PayPal,TC00042,False
TT00686,U01221,CR00051,2025-03-17,37.89,Credit Card,TC00040,True
TT00687,U01224,CR00047,2025-08-14,89.59,Bank Transfer,TC00040,True
TT00688,U01224,CR00015,2025-05-12,285.05,PayPal,TC00042,True
TT00689,U01224,CR00059,2025-04-02,0.0,Credit Card,TC00040,False
TT00690,U01231,CR00032,2025-08-12,0.0,Bank Transfer,TC00040,False
TT00691,U01231,CR00015,2025-09-12,285.05,Credit Card,TC00042,True
TT00692,U01231,CR00039,2025-08-24,346.71,Credit Card,TC00042,True
TT00693,U01233,CR00011,2025-04-20,326.02,Credit Card,TC00040,True
TT00694,U01233,CR00050,2025-05-05,490.9,Bank Transfer,TC00042,True
TT00695,U01233,CR00041,2025-01-17,53.86,Credit Card,TC00040,True
TT00696,U01235,CR00021,2025-01-09,0.0,PayPal,TC00040,False
TT00697,U01235,CR00055,2025-10-09,57.32,PayPal,TC00040,True
TT00698,U01235,CR00001,2025-01-20,472.28,Credit Card,TC00040,True
TT00699,U01237,CR00053,2025-08-03,0.0,PayPal,TC00042,False
TT00700,U01237,CR00006,2025-09-26,276.37,PayPal,TC00042,True
TT00701,U01237,CR00041,2025-02-20,53.86,PayPal,TC00042,True
TT00702,U01237,CR00001,2025-11-18,472.28,PayPal,TC00042,True
TT00703,U01237,CR00025,2025-11-01,299.57,Credit Card,TC00040,True
TT00704,U01239,CR00009,2025-04-24,0.0,PayPal,TC00042,False
TT00705,U01239,CR00058,2025-02-09,0.0,Bank Transfer,TC00040,False
TT00706,U01239,CR00029,2025-08-15,0.0,Bank Transfer,TC00042,False
TT00707,U01239,CR00015,2025-04-08,285.05,PayPal,TC00042,True
TT00708,U01244,CR00013,2025-05-01,0.0,PayPal,TC00042,False
TT00709,U01244,CR00012,2025-12-24,487.92,Bank Transfer,TC00042,True
TT00710,U01244,CR00030,2025-12-01,0.0,Credit Card,TC00042,False
TT00711,U01249,CR00015,2025-03-11,285.05,Credit Card,TC00040,True
TT00712,U01249,CR00040,2025-03-30,327.99,Credit Card,TC00042,True
TT00713,U01249,CR00009,2025-05-28,0.0,Credit Card,TC00042,False
TT00714,U01249,CR00059,2025-08-14,0.0,PayPal,TC00040,False
TT00715,U01249,CR00013,2025-07-19,0.0,Bank Transfer,TC00042,False
TT00716,U01250,CR00022,2025-11-11,0.0,PayPal,TC00040,False
TT00717,U01250,CR00056,2025-09-04,212.39,Credit Card,TC00040,True
TT00718,U01250,CR00006,2025-06-27,276.37,Bank Transfer,TC00042,True
TT00719,U01250,CR00009,2025-04-11,0.0,PayPal,TC00040,False
TT00720,U01250,CR00060,2025-12-27,0.0,PayPal,TC00042,False
TT00721,U01261,CR00033,2025-03-01,0.0,PayPal,TC00040,False
TT00722,U01261,CR00060,2025-02-03,0.0,PayPal,TC00040,False
TT00723,U01261,CR00018,2025-10-28,0.0,Credit Card,TC00040,False
TT00724,U01266,CR00005,2025-12-29,0.0,Credit Card,TC00042,False
TT00725,U01266,CR00004,2025-01-11,0.0,Bank Transfer,TC00042,False
TT00726,U01266,CR00024,2025-08-16,117.68,PayPal,TC00042,True
TT00727,U01266,CR00047,2025-05-01,89.59,Credit Card,TC00042,True
TT00728,U01266,CR00033,2025-09-24,0.0,Credit Card,TC00040,False
TT00729,U01267,CR00053,2025-07-04,0.0,PayPal,TC00040,False
TT00730,U01267,CR00008,2025-12-20,0.0,Bank Transfer,TC00042,False
TT00731,U01267,CR00049,2025-08-27,415.51,Bank Transfer,TC00040,True
TT00732,U01267,CR00010,2025-12-02,0.0,PayPal,TC00042,False
TT00733,U01267,CR00005,2025-09-09,0.0,Credit Card,TC00040,False
TT00734,U01268,CR00001,2025-01-23,472.28,Bank Transfer,TC00040,True
TT00735,U01268,CR00021,2025-11-21,0.0,Credit Card,TC00042,False
TT00736,U01268,CR00006,2025-01-24,276.37,PayPal,TC00042,True
TT00737,U01277,CR00010,2025-02-08,0.0,Credit Card,TC00042,False
TT00738,U01277,CR00033,2025-07-25,0.0,Credit Card,TC00040,False
TT00739,U01277,CR00043,2025-06-15,0.0,PayPal,TC00040,False
TT00740,U01277,CR00057,2025-02-21,177.34,PayPal,TC00040,True
TT00741,U01280,CR00014,2025-01-06,0.0,Bank Transfer,TC00042,False
TT00742,U01280,CR00027,2025-05-23,0.0,Bank Transfer,TC00042,False
TT00743,U01280,CR00003,2025-03-21,0.0,Credit Card,TC00042,False
TT00744,U01281,CR00022,2025-07-27,0.0,Bank Transfer,TC00040,False
TT00745,U01281,CR00043,2025-06-20,0.0,Credit Card,TC00042,False
TT00746,U01281,CR00047,2025-01-09,89.59,PayPal,TC00042,True
TT00747,U01281,CR00010,2025-07-12,0.0,Credit Card,TC00040,False
TT00748,U01284,CR00012,2025-01-18,487.92,Bank Transfer,TC00042,True
TT00749,U01284,CR00006,2025-01-24,276.37,Credit Card,TC00042,True
TT00750,U01284,CR00040,2025-01-20,327.99,PayPal,TC00040,True
TT00751,U01284,CR00056,2025-07-21,212.39,Credit Card,TC00040,True
TT00752,U01284,CR00038,2025-04-17,342.61,Bank Transfer,TC00040,True
TT00753,U01286,CR00059,2025-02-05,0.0,Credit Card,TC00042,False
TT00754,U01286,CR00058,2025-10-04,0.0,Bank Transfer,TC00040,False
TT00755,U01286,CR00015,2025-08-15,285.05,PayPal,TC00042,True
TT00756,U01287,CR00016,2025-10-18,0.0,Bank Transfer,TC00040,False
TT00757,U01287,CR00049,2025-10-12,415.51,PayPal,TC00040,True
TT00758,U01287,CR00033,2025-08-02,0.0,PayPal,TC00040,False
TT00759,U01287,CR00043,2025-02-17,0.0,Bank Transfer,TC00042,False
TT00760,U01290,CR00014,2025-11-18,0.0,Credit Card,TC00040,False
TT00761,U01290,CR00030,2025-09-21,0.0,Bank Transfer,TC00042,False
TT00762,U01290,CR00004,2025-06-28,0.0,PayPal,TC00040,False
TT00763,U01290,CR00031,2025-01-05,0.0,Credit Card,TC00040,False
TT00764,U01315,CR00011,2025-11-27,326.02,Bank Transfer,TC00042,True
TT00765,U01315,CR00057,2025-02-21,177.34,PayPal,TC00042,True
TT00766,U01315,CR00025,2025-08-04,299.57,Credit Card,TC00040,True
TT00767,U01318,CR00050,2025-04-07,490.9,PayPal,TC00042,True
TT00768,U01318,CR00039,2025-05-18,346.71,Bank Transfer,TC00040,True
TT00769,U01318,CR00010,2025-04-20,0.0,PayPal,TC00042,False
TT00770,U01321,CR00045,2025-09-24,0.0,PayPal,TC00042,False
TT00771,U01321,CR00060,2025-03-09,0.0,Credit Card,TC00040,False
TT00772,U01321,CR00031,2025-11-05,0.0,Credit Card,TC00040,False
TT00773,U01321,CR00028,2025-07-30,0.78,Bank Transfer,TC00042,True
TT00774,U01321,CR00001,2025-05-29,472.28,Credit Card,TC00040,True
TT00775,U01322,CR00019,2025-11-11,0.0,Credit Card,TC00040,False
TT00776,U01322,CR00022,2025-04-15,0.0,Credit Card,TC00042,False
TT00777,U01322,CR00024,2025-09-17,117.68,PayPal,TC00040,True
TT00778,U01322,CR00045,2025-05-13,0.0,Bank Transfer,TC00040,False
TT00779,U01331,CR00004,2025-05-26,0.0,Bank Transfer,TC00040,False
TT00780,U01331,CR00021,2025-08-17,0.0,Bank Transfer,TC00042,False
TT00781,U01331,CR00005,2025-04-01,0.0,Credit Card,TC00042,False
TT00782,U01332,CR00019,2025-12-12,0.0,Credit Card,TC00042,False
TT00783,U01332,CR00020,2025-11-12,0.0,PayPal,TC00040,False
TT00784,U01332,CR00016,2025-11-16,0.0,PayPal,TC00040,False
TT00785,U01334,CR00008,2025-06-01,0.0,Bank Transfer,TC00042,False
TT00786,U01334,CR00013,2025-08-11,0.0,PayPal,TC00040,False
TT00787,U01334,CR00023,2025-09-19,0.0,PayPal,TC00040,False
TT00788,U01334,CR00047,2025-12-05,89.59,Credit Card,TC00042,True
TT00789,U01334,CR00057,2025-11-06,177.34,Credit Card,TC00042,True
TT00790,U01336,CR00005,2025-06-01,0.0,Bank Transfer,TC00042,False
TT00791,U01336,CR00023,2025-11-11,0.0,Credit Card,TC00042,False
TT00792,U01336,CR00020,2025-10-27,0.0,Credit Card,TC00040,False
TT00793,U01337,CR00051,2025-12-10,37.89,Credit Card,TC00042,True
TT00794,U01337,CR00027,2025-07-20,0.0,PayPal,TC00042,False
TT00795,U01337,CR00028,2025-05-04,0.78,Bank Transfer,TC00042,True
TT00796,U01337,CR00017,2025-04-05,0.0,Bank Transfer,TC00040,False
TT00797,U01337,CR00014,2025-11-24,0.0,PayPal,TC00042,False
TT00798,U01343,CR00059,2025-12-25,0.0,Bank Transfer,TC00040,False
TT00799,U01343,CR00057,2025-05-01,177.34,Bank Transfer,TC00040,True
TT00800,U01343,CR00002,2025-08-04,0.0,Credit Card,TC00042,False
TT00801,U01343,CR00055,2025-01-27,57.32,PayPal,TC00042,True
TT00802,U01343,CR00034,2025-11-08,394.26,Credit Card,TC00040,True
TT00803,U01344,CR00036,2025-11-11,0.0,Credit Card,TC00042,False
TT00804,U01344,CR00045,2025-01-11,0.0,PayPal,TC00042,False
TT00805,U01344,CR00008,2025-07-15,0.0,Bank Transfer,TC00042,False
TT00806,U01346,CR00045,2025-12-29,0.0,Credit Card,TC00042,False
TT00807,U01346,CR00031,2025-07-26,0.0,PayPal,TC00040,False
TT00808,U01346,CR00037,2025-08-14,0.0,PayPal,TC00042,False
TT00809,U01346,CR00028,2025-06-07,0.78,PayPal,TC00042,True
TT00810,U01346,CR00039,2025-03-25,346.71,Credit Card,TC00040,True
TT00811,U01347,CR00026,2025-05-01,0.0,PayPal,TC00042,False
TT00812,U01347,CR00045,2025-11-07,0.0,Credit Card,TC00040,False
TT00813,U01347,CR00019,2025-07-29,0.0,Credit Card,TC00040,False
TT00814,U01350,CR00046,2025-05-20,248.1,Credit Card,TC00040,True
TT00815,U01350,CR00015,2025-04-22,285.05,Bank Transfer,TC00042,True
TT00816,U01350,CR00009,2025-12-13,0.0,Bank Transfer,TC00040,False
TT00817,U01350,CR00048,2025-01-29,0.0,PayPal,TC00042,False
TT00818,U01352,CR00055,2025-12-14,57.32,PayPal,TC00040,True
TT00819,U01352,CR00049,2025-05-03,415.51,Credit Card,TC00040,True
TT00820,U01352,CR00036,2025-07-25,0.0,Credit Card,TC00042,False
TT00821,U01352,CR00003,2025-02-24,0.0,PayPal,TC00042,False
TT00822,U01355,CR00019,2025-02-07,0.0,PayPal,TC00042,False
TT00823,U01355,CR00032,2025-03-13,0.0,Bank Transfer,TC00040,False
TT00824,U01355,CR00018,2025-10-04,0.0,PayPal,TC00040,False
TT00825,U01364,CR00049,2025-06-07,415.51,PayPal,TC00040,True
TT00826,U01364,CR00019,2025-11-30,0.0,Credit Card,TC00040,False
TT00827,U01364,CR00009,2025-10-17,0.0,Bank Transfer,TC00042,False
TT00828,U01364,CR00056,2025-01-14,212.39,Credit Card,TC00040,True
TT00829,U01364,CR00060,2025-12-09,0.0,Credit Card,TC00042,False
TT00830,U01365,CR00011,2025-12-21,326.02,Credit Card,TC00040,True
TT00831,U01365,CR00042,2025-02-25,0.0,Credit Card,TC00042,False
TT00832,U01365,CR00031,2025-02-18,0.0,Bank Transfer,TC00040,False
TT00833,U01365,CR00052,2025-06-01,0.0,Credit Card,TC00040,False
TT00834,U01375,CR00025,2025-05-04,299.57,PayPal,TC00042,True
TT00835,U01375,CR00015,2025-11-25,285.05,Bank Transfer,TC00040,True
TT00836,U01375,CR00022,2025-01-29,0.0,Credit Card,TC00042,False
TT00837,U01394,CR00022,2025-06-02,0.0,PayPal,TC00042,False
TT00838,U01394,CR00016,2025-11-13,0.0,Credit Card,TC00042,False
TT00839,U01394,CR00054,2025-07-29,0.0,Bank Transfer,TC00042,False
TT00840,U01395,CR00008,2025-04-23,0.0,Credit Card,TC00042,False
TT00841,U01395,CR00009,2025-11-05,0.0,PayPal,TC00040,False
TT00842,U01395,CR00037,2025-03-14,0.0,Bank Transfer,TC00042,False
TT00843,U01395,CR00015,2025-05-20,285.05,PayPal,TC00040,True
TT00844,U01397,CR00047,2025-05-04,89.59,Credit Card,TC00040,True
TT00845,U01397,CR00033,2025-10-28,0.0,PayPal,TC00040,False
TT00846,U01397,CR00051,2025-11-05,37.89,Bank Transfer,TC00040,True
TT00847,U01397,CR00024,2025-06-19,117.68,Bank Transfer,TC00042,True
TT00848,U01397,CR00035,2025-08-20,0.0,Credit Card,TC00040,False
TT00849,U01399,CR00028,2025-03-20,0.78,Credit Card,TC00042,True
TT00850,U01399,CR00003,2025-10-15,0.0,Bank Transfer,TC00040,False
TT00851,U01399,CR00055,2025-09-06,57.32,Bank Transfer,TC00042,True
TT00852,U01399,CR00058,2025-08-09,0.0,Credit Card,TC00040,False
TT00853,U01399,CR00013,2025-07-21,0.0,Bank Transfer,TC00040,False
TT00854,U01405,CR00053,2025-08-14,0.0,Bank Transfer,TC00040,False
TT00855,U01405,CR00021,2025-01-06,0.0,Credit Card,TC00042,False
TT00856,U01405,CR00020,2025-09-19,0.0,Bank Transfer,TC00042,False
TT00857,U01411,CR00010,2025-07-26,0.0,Bank Transfer,TC00042,False
TT00858,U01411,CR00017,2025-11-28,0.0,PayPal,TC00042,False
TT00859,U01411,CR00007,2025-06-16,0.0,Bank Transfer,TC00040,False
TT00860,U01411,CR00042,2025-03-25,0.0,PayPal,TC00042,False
TT00861,U01411,CR00026,2025-10-24,0.0,Credit Card,TC00042,False
TT00862,U01414,CR00045,2025-10-23,0.0,Bank Transfer,TC00042,False
TT00863,U01414,CR00007,2025-09-27,0.0,Bank Transfer,TC00042,False
TT00864,U01414,CR00059,2025-08-26,0.0,PayPal,TC00042,False
TT00865,U01414,CR00023,2025-09-23,0.0,Bank Transfer,TC00042,False
TT00866,U01414,CR00011,2025-07-14,326.02,Bank Transfer,TC00042,True
TT00867,U01429,CR00036,2025-10-12,0.0,PayPal,TC00040,False
TT00868,U01429,CR00033,2025-11-21,0.0,Credit Card,TC00040,False
TT00869,U01429,CR00001,2025-05-15,472.28,PayPal,TC00040,True
TT00870,U01429,CR00045,2025-04-16,0.0,PayPal,TC00040,False
TT00871,U01429,CR00055,2025-02-21,57.32,Credit Card,TC00042,True
TT00872,U01430,CR00013,2025-02-06,0.0,Credit Card,TC00042,False
TT00873,U01430,CR00025,2025-02-07,299.57,PayPal,TC00042,True
TT00874,U01430,CR00043,2025-06-02,0.0,Credit Card,TC00042,False
TT00875,U01430,CR00039,2025-10-11,346.71,PayPal,TC00042,True
TT00876,U01432,CR00049,2025-02-23,415.51,Bank Transfer,TC00042,True
TT00877,U01432,CR00042,2025-05-04,0.0,Bank Transfer,TC00042,False
TT00878,U01432,CR00023,2025-06-18,0.0,Bank Transfer,TC00042,False
TT00879,U01435,CR00004,2025-03-20,0.0,Bank Transfer,TC00040,False
TT00880,U01435,CR00048,2025-05-24,0.0,Bank Transfer,TC00042,False
TT00881,U01435,CR00052,2025-11-08,0.0,PayPal,TC00042,False
TT00882,U01435,CR00034,2025-06-01,394.26,Bank Transfer,TC00040,True
TT00883,U01445,CR00016,2025-11-10,0.0,Bank Transfer,TC00042,False
TT00884,U01445,CR00018,2025-11-06,0.0,PayPal,TC00040,False
TT00885,U01445,CR00040,2025-07-09,327.99,Credit Card,TC00042,True
TT00886,U01450,CR00038,2025-07-03,342.61,Credit Card,TC00040,True
TT00887,U01450,CR00016,2025-07-07,0.0,Bank Transfer,TC00042,False
TT00888,U01450,CR00030,2025-11-30,0.0,Credit Card,TC00042,False
TT00889,U01451,CR00026,2025-07-15,0.0,PayPal,TC00042,False
TT00890,U01451,CR00043,2025-01-26,0.0,Bank Transfer,TC00040,False
TT00891,U01451,CR00045,2025-02-13,0.0,Bank Transfer,TC00042,False
TT00892,U01455,CR00057,2025-04-13,177.34,Bank Transfer,TC00040,True
TT00893,U01455,CR00047,2025-05-03,89.59,PayPal,TC00040,True
TT00894,U01455,CR00021,2025-09-16,0.0,PayPal,TC00042,False
TT00895,U01460,CR00037,2025-04-22,0.0,PayPal,TC00040,False
TT00896,U01460,CR00016,2025-11-22,0.0,Credit Card,TC00042,False
TT00897,U01460,CR00050,2025-01-11,490.9,Bank Transfer,TC00040,True
TT00898,U01460,CR00022,2025-03-15,0.0,PayPal,TC00040,False
TT00899,U01463,CR00001,2025-01-04,472.28,Credit Card,TC00040,True
TT00900,U01463,CR00035,2025-07-18,0.0,Bank Transfer,TC00040,False
TT00901,U01463,CR00052,2025-03-29,0.0,Credit Card,TC00042,False
TT00902,U01463,CR00030,2025-04-27,0.0,Credit Card,TC00042,False
TT00903,U01472,CR00007,2025-12-17,0.0,Bank Transfer,TC00040,False
TT00904,U01472,CR00032,2025-02-07,0.0,Bank Transfer,TC00040,False
TT00905,U01472,CR00035,2025-04-07,0.0,PayPal,TC00040,False
TT00906,U01473,CR00057,2025-06-27,177.34,Bank Transfer,TC00040,True
TT00907,U01473,CR00049,2025-07-14,415.51,Bank Transfer,TC00040,True
TT00908,U01473,CR00034,2025-07-05,394.26,Credit Card,TC00040,True
TT00909,U01473,CR00039,2025-08-06,346.71,PayPal,TC00040,True
TT00910,U01473,CR00058,2025-01-17,0.0,Credit Card,TC00042,False
TT00911,U01475,CR00019,2025-04-06,0.0,PayPal,TC00042,False
TT00912,U01475,CR00048,2025-03-21,0.0,PayPal,TC00040,False
TT00913,U01475,CR00042,2025-11-24,0.0,PayPal,TC00042,False
TT00914,U01475,CR00014,2025-01-05,0.0,Credit Card,TC00040,False
TT00915,U01475,CR00045,2025-01-30,0.0,Credit Card,TC00042,False
TT00916,U01488,CR00001,2025-05-17,472.28,Credit Card,TC00042,True
TT00917,U01488,CR00002,2025-08-09,0.0,PayPal,TC00042,False
TT00918,U01488,CR00019,2025-08-07,0.0,Bank Transfer,TC00040,False
TT00919,U01488,CR00052,2025-07-07,0.0,PayPal,TC00040,False
TT00920,U01496,CR00007,2025-10-15,0.0,Credit Card,TC00040,False
TT00921,U01496,CR00051,2025-04-22,37.89,PayPal,TC00042,True
TT00922,U01496,CR00039,2025-11-04,346.71,PayPal,TC00042,True
TT00923,U01496,CR00034,2025-07-12,394.26,Credit Card,TC00040,True
TT00924,U01496,CR00049,2025-02-19,415.51,Credit Card,TC00042,True
TT00925,U01497,CR00059,2025-12-04,0.0,PayPal,TC00042,False
TT00926,U01497,CR00053,2025-05-19,0.0,Credit Card,TC00040,False
TT00927,U01497,CR00022,2025-02-15,0.0,Credit Card,TC00042,False
TT00928,U01500,CR00056,2025-02-14,212.39,Bank Transfer,TC00040,True
TT00929,U01500,CR00020,2025-08-30,0.0,Credit Card,TC00042,False
TT00930,U01500,CR00004,2025-05-20,0.0,Bank Transfer,TC00040,False
TT00931,U01506,CR00057,2025-05-06,177.34,PayPal,TC00040,True
TT00932,U01506,CR00026,2025-01-19,0.0,Bank Transfer,TC00042,False
TT00933,U01506,CR00050,2025-11-15,490.9,Bank Transfer,TC00040,True
TT00934,U01506,CR00013,2025-01-12,0.0,PayPal,TC00040,False
TT00935,U01511,CR00008,2025-07-24,0.0,Bank Transfer,TC00040,False
TT00936,U01511,CR00014,2025-01-24,0.0,Credit Card,TC00040,False
TT00937,U01511,CR00042,2025-03-12,0.0,Bank Transfer,TC00042,False
TT00938,U01511,CR00007,2025-04-14,0.0,PayPal,TC00040,False
TT00939,U01512,CR00025,2025-09-24,299.57,PayPal,TC00040,True
TT00940,U01512,CR00034,2025-04-14,394.26,Bank Transfer,TC00040,True
TT00941,U01512,CR00006,2025-05-04,276.37,PayPal,TC00042,True
TT00942,U01517,CR00014,2025-07-23,0.0,PayPal,TC00040,False
TT00943,U01517,CR00060,2025-06-29,0.0,PayPal,TC00042,False
TT00944,U01517,CR00040,2025-07-09,327.99,Bank Transfer,TC00040,True
TT00945,U01517,CR00050,2025-08-06,490.9,Bank Transfer,TC00042,True
TT00946,U01522,CR00058,2025-11-19,0.0,PayPal,TC00040,False
TT00947,U01522,CR00060,2025-12-18,0.0,Credit Card,TC00040,False
TT00948,U01522,CR00032,2025-04-22,0.0,PayPal,TC00040,False
TT00949,U01526,CR00020,2025-06-05,0.0,Credit Card,TC00040,False
TT00950,U01526,CR00017,2025-06-17,0.0,PayPal,TC00042,False
TT00951,U01526,CR00056,2025-09-29,212.39,PayPal,TC00042,True
TT00952,U01526,CR00040,2025-11-17,327.99,Bank Transfer,TC00042,True
TT00953,U01526,CR00038,2025-06-07,342.61,Bank Transfer,TC00040,True
TT00954,U01528,CR00036,2025-02-28,0.0,PayPal,TC00042,False
TT00955,U01528,CR00028,2025-05-25,0.78,PayPal,TC00042,True
TT00956,U01528,CR00044,2025-02-05,119.04,Bank Transfer,TC00040,True
TT00957,U01528,CR00009,2025-01-25,0.0,Credit Card,TC00042,False
TT00958,U01528,CR00011,2025-08-14,326.02,Credit Card,TC00040,True
TT00959,U01530,CR00034,2025-01-21,394.26,PayPal,TC00040,True
TT00960,U01530,CR00041,2025-02-14,53.86,Bank Transfer,TC00042,True
TT00961,U01530,CR00058,2025-03-28,0.0,Credit Card,TC00040,False
TT00962,U01530,CR00030,2025-06-20,0.0,PayPal,TC00042,False
TT00963,U01530,CR00055,2025-01-28,57.32,Bank Transfer,TC00040,True
TT00964,U01531,CR00009,2025-12-21,0.0,Bank Transfer,TC00040,False
TT00965,U01531,CR00022,2025-04-17,0.0,PayPal,TC00042,False
TT00966,U01531,CR00054,2025-09-09,0.0,PayPal,TC00040,False
TT00967,U01531,CR00016,2025-07-09,0.0,PayPal,TC00040,False
TT00968,U01536,CR00014,2025-11-08,0.0,Credit Card,TC00042,False
TT00969,U01536,CR00059,2025-03-13,0.0,Credit Card,TC00040,False
TT00970,U01536,CR00036,2025-04-24,0.0,PayPal,TC00042,False
TT00971,U01536,CR00046,2025-06-24,248.1,Bank Transfer,TC00042,True
TT00972,U01543,CR00012,2025-04-03,487.92,Credit Card,TC00040,True
TT00973,U01543,CR00041,2025-11-21,53.86,Credit Card,TC00042,True
TT00974,U01543,CR00001,2025-05-11,472.28,PayPal,TC00042,True
TT00975,U01543,CR00025,2025-03-06,299.57,Credit Card,TC00042,True
TT00976,U01543,CR00044,2025-07-18,119.04,PayPal,TC00040,True
TT00977,U01553,CR00010,2025-12-20,0.0,PayPal,TC00042,False
TT00978,U01553,CR00036,2025-01-20,0.0,Bank Transfer,TC00040,False
TT00979,U01553,CR00027,2025-12-30,0.0,Bank Transfer,TC00042,False
TT00980,U01553,CR00002,2025-02-26,0.0,Credit Card,TC00042,False
TT00981,U01553,CR00056,2025-09-03,212.39,Bank Transfer,TC00042,True
TT00982,U01575,CR00003,2025-12-08,0.0,PayPal,TC00040,False
TT00983,U01575,CR00024,2025-07-22,117.68,PayPal,TC00042,True
TT00984,U01575,CR00051,2025-07-02,37.89,PayPal,TC00042,True
TT00985,U01575,CR00035,2025-01-20,0.0,Bank Transfer,TC00040,False
TT00986,U01575,CR00028,2025-10-08,0.78,Credit Card,TC00042,True
TT00987,U01578,CR00002,2025-04-18,0.0,PayPal,TC00040,False
TT00988,U01578,CR00030,2025-08-14,0.0,Bank Transfer,TC00042,False
TT00989,U01578,CR00022,2025-12-25,0.0,PayPal,TC00042,False
TT00990,U01578,CR00057,2025-04-18,177.34,Credit Card,TC00042,True
TT00991,U01585,CR00003,2025-08-04,0.0,Bank Transfer,TC00042,False
TT00992,U01585,CR00025,2025-10-10,299.57,PayPal,TC00042,True
TT00993,U01585,CR00043,2025-05-01,0.0,PayPal,TC00040,False
TT00994,U01585,CR00029,2025-01-22,0.0,PayPal,TC00042,False
TT00995,U01586,CR00023,2025-10-16,0.0,Bank Transfer,TC00042,False
TT00996,U01586,CR00030,2025-12-14,0.0,PayPal,TC00042,False
TT00997,U01586,CR00036,2025-03-15,0.0,PayPal,TC00042,False
TT00998,U01586,CR00022,2025-01-30,0.0,Credit Card,TC00040,False
TT00999,U01586,CR00039,2025-08-12,346.71,PayPal,TC00040,True
TT01000,U01602,CR00030,2025-05-11,0.0,PayPal,TC00042,False
TT01001,U01602,CR00032,2025-05-01,0.0,Credit Card,TC00040,False
TT01002,U01602,CR00022,2025-10-03,0.0,Bank Transfer,TC00040,False
TT01003,U01602,CR00051,2025-01-24,37.89,Bank Transfer,TC00042,True
TT01004,U01602,CR00058,2025-04-19,0.0,Credit Card,TC00042,False
TT01005,U01618,CR00041,2025-12-07,53.86,Bank Transfer,TC00042,True
TT01006,U01618,CR00039,2025-02-18,346.71,Bank Transfer,TC00042,True
TT01007,U01618,CR00051,2025-09-15,37.89,Bank Transfer,TC00042,True
TT01008,U01618,CR00009,2025-08-27,0.0,PayPal,TC00042,False
TT01009,U01618,CR00026,2025-08-12,0.0,Bank Transfer,TC00042,False
TT01010,U01627,CR00021,2025-06-07,0.0,Credit Card,TC00040,False
TT01011,U01627,CR00033,2025-05-06,0.0,Bank Transfer,TC00040,False
TT01012,U01627,CR00015,2025-05-09,285.05,Credit Card,TC00042,True
TT01013,U01627,CR00028,2025-01-14,0.78,Credit Card,TC00042,True
TT01014,U01628,CR00030,2025-10-25,0.0,PayPal,TC00042,False
TT01015,U01628,CR00060,2025-09-25,0.0,PayPal,TC00042,False
TT01016,U01628,CR00039,2025-08-08,346.71,Credit Card,TC00042,True
TT01017,U01635,CR00008,2025-05-13,0.0,PayPal,TC00042,False
TT01018,U01635,CR00034,2025-06-20,394.26,Credit Card,TC00040,True
TT01019,U01635,CR00060,2025-10-20,0.0,Credit Card,TC00040,False
TT01020,U01637,CR00040,2025-06-11,327.99,Bank Transfer,TC00042,True
TT01021,U01637,CR00035,2025-07-28,0.0,Credit Card,TC00040,False
TT01022,U01637,CR00054,2025-09-16,0.0,Bank Transfer,TC00040,False
TT01023,U01637,CR00058,2025-02-14,0.0,PayPal,TC00040,False
TT01024,U01637,CR00001,2025-07-10,472.28,Credit Card,TC00042,True
TT01025,U01647,CR00037,2025-09-02,0.0,PayPal,TC00040,False
TT01026,U01647,CR00033,2025-08-02,0.0,Bank Transfer,TC00040,False
TT01027,U01647,CR00052,2025-09-01,0.0,Bank Transfer,TC00040,False
TT01028,U01647,CR00035,2025-12-10,0.0,Bank Transfer,TC00040,False
TT01029,U01649,CR00046,2025-08-17,248.1,PayPal,TC00040,True
TT01030,U01649,CR00050,2025-10-25,490.9,Credit Card,TC00042,True
TT01031,U01649,CR00014,2025-09-18,0.0,PayPal,TC00040,False
TT01032,U01649,CR00031,2025-06-15,0.0,Credit Card,TC00040,False
TT01033,U01654,CR00049,2025-11-02,415.51,PayPal,TC00042,True
TT01034,U01654,CR00039,2025-01-07,346.71,PayPal,TC00040,True
TT01035,U01654,CR00010,2025-10-08,0.0,Credit Card,TC00040,False
TT01036,U01654,CR00012,2025-02-07,487.92,Credit Card,TC00042,True
TT01037,U01656,CR00010,2025-12-03,0.0,Bank Transfer,TC00040,False
TT01038,U01656,CR00035,2025-02-12,0.0,Credit Card,TC00040,False
TT01039,U01656,CR00004,2025-10-07,0.0,Bank Transfer,TC00042,False
TT01040,U01656,CR00031,2025-04-21,0.0,PayPal,TC00040,False
TT01041,U01662,CR00054,2025-07-24,0.0,Bank Transfer,TC00040,False
TT01042,U01662,CR00049,2025-12-18,415.51,Bank Transfer,TC00042,True
TT01043,U01662,CR00045,2025-07-04,0.0,PayPal,TC00040,False
TT01044,U01662,CR00019,2025-11-20,0.0,Credit Card,TC00040,False
TT01045,U01666,CR00054,2025-01-10,0.0,Credit Card,TC00040,False
TT01046,U01666,CR00010,2025-06-25,0.0,Credit Card,TC00040,False
TT01047,U01666,CR00021,2025-12-09,0.0,Credit Card,TC00040,False
TT01048,U01671,CR00048,2025-06-10,0.0,Credit Card,TC00040,False
TT01049,U01671,CR00043,2025-12-19,0.0,PayPal,TC00040,False
TT01050,U01671,CR00005,2025-06-17,0.0,Credit Card,TC00040,False
TT01051,U01671,CR00058,2025-10-07,0.0,Credit Card,TC00042,False
TT01052,U01671,CR00015,2025-09-11,285.05,Credit Card,TC00040,True
TT01053,U01674,CR00009,2025-09-13,0.0,Credit Card,TC00040,False
TT01054,U01674,CR00058,2025-02-19,0.0,Credit Card,TC00042,False
TT01055,U01674,CR00033,2025-11-26,0.0,PayPal,TC00040,False
TT01056,U01692,CR00055,2025-12-29,57.32,PayPal,TC00040,True
TT01057,U01692,CR00045,2025-10-14,0.0,PayPal,TC00040,False
TT01058,U01692,CR00026,2025-10-24,0.0,Bank Transfer,TC00042,False
TT01059,U01695,CR00019,2025-11-05,0.0,PayPal,TC00040,False
TT01060,U01695,CR00020,2025-11-26,0.0,Credit Card,TC00040,False
TT01061,U01702,CR00035,2025-06-09,0.0,Bank Transfer,TC00040,False
TT01062,U01702,CR00011,2025-02-01,326.02,Bank Transfer,TC00040,True
TT01063,U01702,CR00033,2025-11-16,0.0,Bank Transfer,TC00040,False
TT01064,U01702,CR00052,2025-10-03,0.0,Bank Transfer,TC00042,False
TT01065,U01708,CR00037,2025-09-09,0.0,Credit Card,TC00042,False
TT01066,U01708,CR00011,2025-05-03,326.02,PayPal,TC00040,True
TT01067,U01708,CR00040,2025-03-05,327.99,Credit Card,TC00042,True
TT01068,U01708,CR00030,2025-09-17,0.0,Credit Card,TC00042,False
TT01069,U01708,CR00041,2025-10-08,53.86,Credit Card,TC00042,True
TT01070,U01720,CR00044,2025-09-14,119.04,Bank Transfer,TC00042,True
TT01071,U01720,CR00001,2025-01-11,472.28,Bank Transfer,TC00042,True
TT01072,U01720,CR00006,2025-12-28,276.37,PayPal,TC00042,True
TT01073,U01720,CR00003,2025-01-01,0.0,PayPal,TC00042,False
TT01074,U01721,CR00055,2025-07-30,57.32,Credit Card,TC00040,True
TT01075,U01721,CR00036,2025-05-03,0.0,Credit Card,TC00040,False
TT01076,U01721,CR00014,2025-04-10,0.0,Credit Card,TC00040,False
TT01077,U01724,CR00059,2025-05-25,0.0,Bank Transfer,TC00040,False
TT01078,U01724,CR00005,2025-11-24,0.0,Credit Card,TC00040,False
TT01079,U01724,CR00027,2025-12-20,0.0,PayPal,TC00042,False
TT01080,U01724,CR00032,2025-11-06,0.0,Bank Transfer,TC00040,False
TT01081,U01724,CR00050,2025-02-28,490.9,Credit Card,TC00040,True
TT01082,U01726,CR00028,2025-12-26,0.78,Credit Card,TC00042,True
TT01083,U01726,CR00055,2025-06-17,57.32,PayPal,TC00040,True
TT01084,U01729,CR00050,2025-03-12,490.9,Credit Card,TC00040,True
TT01085,U01729,CR00039,2025-11-16,346.71,Bank Transfer,TC00042,True
TT01086,U01729,CR00007,2025-07-09,0.0,Credit Card,TC00040,False
TT01087,U01729,CR00042,2025-10-27,0.0,Bank Transfer,TC00042,False
TT01088,U01745,CR00060,2025-07-27,0.0,PayPal,TC00042,False
TT01089,U01745,CR00023,2025-11-15,0.0,PayPal,TC00040,False
TT01090,U01745,CR00022,2025-04-27,0.0,PayPal,TC00042,False
TT01091,U01745,CR00055,2025-10-24,57.32,Bank Transfer,TC00040,True
TT01092,U01746,CR00040,2025-12-01,327.99,Credit Card,TC00040,True
TT01093,U01746,CR00007,2025-05-26,0.0,Credit Card,TC00042,False
TT01094,U01746,CR00024,2025-10-30,117.68,Credit Card,TC00040,True
TT01095,U01746,CR00001,2025-09-26,472.28,PayPal,TC00040,True
TT01096,U01762,CR00007,2025-09-09,0.0,PayPal,TC00040,False
TT01097,U01762,CR00011,2025-12-03,326.02,PayPal,TC00042,True
TT01098,U01762,CR00018,2025-07-14,0.0,PayPal,TC00042,False
TT01099,U01762,CR00048,2025-08-23,0.0,Credit Card,TC00040,False
TT01100,U01773,CR00054,2025-10-03,0.0,PayPal,TC00042,False
TT01101,U01773,CR00015,2025-04-07,285.05,PayPal,TC00042,True
TT01102,U01773,CR00051,2025-01-21,37.89,PayPal,TC00040,True
TT01103,U01773,CR00045,2025-11-11,0.0,PayPal,TC00042,False
TT01104,U01773,CR00001,2025-11-06,472.28,PayPal,TC00042,True
TT01105,U01786,CR00043,2025-01-25,0.0,PayPal,TC00040,False
TT01106,U01786,CR00036,2025-08-07,0.0,PayPal,TC00042,False
TT01107,U01786,CR00008,2025-05-06,0.0,Bank Transfer,TC00040,False
TT01108,U01786,CR00050,2025-07-07,490.9,PayPal,TC00042,True
TT01109,U01789,CR00003,2025-11-01,0.0,Credit Card,TC00042,False
TT01110,U01789,CR00054,2025-03-04,0.0,Bank Transfer,TC00040,False
TT01111,U01789,CR00001,2025-08-07,472.28,Credit Card,TC00040,True
TT01112,U01789,CR00055,2025-09-05,57.32,PayPal,TC00042,True
TT01113,U01795,CR00049,2025-04-11,415.51,Credit Card,TC00042,True
TT01114,U01795,CR00048,2025-12-02,0.0,PayPal,TC00042,False
TT01115,U01795,CR00019,2025-06-29,0.0,Credit Card,TC00042,False
TT01116,U01805,CR00013,2025-02-06,0.0,Credit Card,TC00042,False
TT01117,U01805,CR00022,2025-08-10,0.0,Bank Transfer,TC00040,False
TT01118,U01805,CR00053,2025-03-05,0.0,PayPal,TC00042,False
TT01119,U01805,CR00037,2025-09-05,0.0,Credit Card,TC00040,False
TT01120,U01809,CR00058,2025-03-11,0.0,Bank Transfer,TC00040,False
TT01121,U01809,CR00034,2025-12-18,394.26,PayPal,TC00040,True
TT01122,U01809,CR00037,2025-03-25,0.0,Credit Card,TC00042,False
TT01123,U01809,CR00050,2025-11-06,490.9,Bank Transfer,TC00040,True
TT01124,U01809,CR00030,2025-12-13,0.0,PayPal,TC00042,False
TT01125,U01810,CR00039,2025-05-10,346.71,PayPal,TC00042,True
TT01126,U01810,CR00050,2025-10-10,490.9,Bank Transfer,TC00040,True
TT01127,U01810,CR00012,2025-12-22,487.92,Credit Card,TC00042,True
TT01128,U01810,CR00054,2025-12-16,0.0,Bank Transfer,TC00042,False
TT01129,U01810,CR00010,2025-07-22,0.0,PayPal,TC00042,False
TT01130,U01812,CR00025,2025-04-09,299.57,Bank Transfer,TC00040,True
TT01131,U01812,CR00060,2025-11-22,0.0,Bank Transfer,TC00042,False
TT01132,U01812,CR00005,2025-05-02,0.0,Credit Card,TC00042,False
TT01133,U01812,CR00038,2025-12-24,342.61,PayPal,TC00040,True
TT01134,U01812,CR00042,2025-11-18,0.0,Bank Transfer,TC00040,False
TT01135,U01820,CR00007,2025-09-09,0.0,PayPal,TC00040,False
TT01136,U01820,CR00022,2025-07-09,0.0,PayPal,TC00042,False
TT01137,U01820,CR00046,2025-06-14,248.1,PayPal,TC00042,True
TT01138,U01820,CR00012,2025-01-13,487.92,PayPal,TC00042,True
TT01139,U01820,CR00038,2025-12-06,342.61,Bank Transfer,TC00040,True
TT01140,U01822,CR00044,2025-10-10,119.04,PayPal,TC00042,True
TT01141,U01822,CR00058,2025-04-02,0.0,Credit Card,TC00042,False
TT01142,U01822,CR00043,2025-08-11,0.0,Credit Card,TC00042,False
TT01143,U01822,CR00027,2025-03-11,0.0,Credit Card,TC00042,False
TT01144,U01822,CR00029,2025-03-03,0.0,Bank Transfer,TC00042,False
TT01145,U01825,CR00059,2025-05-04,0.0,Credit Card,TC00040,False
TT01146,U01825,CR00045,2025-09-06,0.0,Bank Transfer,TC00040,False
TT01147,U01825,CR00029,2025-03-06,0.0,Credit Card,TC00042,False
TT01148,U01840,CR00055,2025-01-22,57.32,PayPal,TC00042,True
TT01149,U01840,CR00037,2025-05-03,0.0,PayPal,TC00040,False
TT01150,U01840,CR00015,2025-04-25,285.05,PayPal,TC00040,True
TT01151,U01840,CR00028,2025-05-02,0.78,PayPal,TC00042,True
TT01152,U01842,CR00048,2025-07-04,0.0,PayPal,TC00040,False
TT01153,U01842,CR00001,2025-04-11,472.28,PayPal,TC00042,True
TT01154,U01842,CR00020,2025-07-11,0.0,Credit Card,TC00040,False
TT01155,U01854,CR00051,2025-07-30,37.89,Credit Card,TC00042,True
TT01156,U01854,CR00023,2025-01-09,0.0,Credit Card,TC00040,False
TT01157,U01854,CR00020,2025-01-27,0.0,PayPal,TC00042,False
TT01158,U01854,CR00042,2025-03-04,0.0,Bank Transfer,TC00040,False
TT01159,U01867,CR00020,2025-05-20,0.0,Bank Transfer,TC00042,False
TT01160,U01867,CR00054,2025-08-23,0.0,Credit Card,TC00042,False
TT01161,U01867,CR00047,2025-06-08,89.59,PayPal,TC00040,True
TT01162,U01871,CR00008,2025-08-19,0.0,Bank Transfer,TC00040,False
TT01163,U01871,CR00037,2025-03-21,0.0,PayPal,TC00042,False
TT01164,U01871,CR00049,2025-09-21,415.51,Bank Transfer,TC00042,True
TT01165,U01871,CR00007,2025-05-22,0.0,Bank Transfer,TC00040,False
TT01166,U01872,CR00040,2025-01-30,327.99,PayPal,TC00040,True
TT01167,U01872,CR00042,2025-05-17,0.0,Bank Transfer,TC00042,False
TT01168,U01872,CR00023,2025-06-09,0.0,Credit Card,TC00042,False
TT01169,U01876,CR00035,2025-09-25,0.0,Bank Transfer,TC00040,False
TT01170,U01876,CR00003,2025-03-03,0.0,Credit Card,TC00040,False
TT01171,U01876,CR00053,2025-07-13,0.0,PayPal,TC00042,False
TT01172,U01876,CR00033,2025-06-04,0.0,Credit Card,TC00040,False
TT01173,U01876,CR00013,2025-02-13,0.0,PayPal,TC00040,False
TT01174,U01877,CR00019,2025-09-15,0.0,Credit Card,TC00042,False
TT01175,U01877,CR00039,2025-09-26,346.71,Bank Transfer,TC00040,True
TT01176,U01877,CR00059,2025-08-19,0.0,Credit Card,TC00040,False
TT01177,U01879,CR00012,2025-06-25,487.92,Credit Card,TC00042,True
TT01178,U01879,CR00015,2025-05-15,285.05,PayPal,TC00040,True
TT01179,U01879,CR00025,2025-01-28,299.57,Credit Card,TC00040,True
TT01180,U01879,CR00010,2025-09-12,0.0,PayPal,TC00040,False
TT01181,U01879,CR00045,2025-07-10,0.0,Credit Card,TC00040,False
TT01182,U01893,CR00004,2025-04-15,0.0,PayPal,TC00040,False
TT01183,U01893,CR00057,2025-07-28,177.34,Credit Card,TC00040,True
TT01184,U01893,CR00060,2025-03-22,0.0,Credit Card,TC00040,False
TT01185,U01896,CR00026,2025-01-24,0.0,Credit Card,TC00042,False
TT01186,U01896,CR00020,2025-09-21,0.0,PayPal,TC00040,False
TT01187,U01896,CR00034,2025-01-08,394.26,PayPal,TC00040,True
TT01188,U01896,CR00033,2025-07-15,0.0,Bank Transfer,TC00040,False
TT01189,U01900,CR00011,2025-04-06,326.02,Bank Transfer,TC00040,True
TT01190,U01900,CR00022,2025-10-16,0.0,Credit Card,TC00040,False
TT01191,U01900,CR00039,2025-02-12,346.71,PayPal,TC00042,True
TT01192,U01903,CR00046,2025-04-17,248.1,PayPal,TC00042,True
TT01193,U01903,CR00040,2025-11-03,327.99,PayPal,TC00042,True
TT01194,U01903,CR00048,2025-08-01,0.0,Credit Card,TC00042,False
TT01195,U01903,CR00050,2025-06-03,490.9,Bank Transfer,TC00042,True
TT01196,U01903,CR00059,2025-11-04,0.0,Credit Card,TC00040,False
TT01197,U01906,CR00021,2025-06-13,0.0,Bank Transfer,TC00042,False
TT01198,U01906,CR00018,2025-04-19,0.0,Bank Transfer,TC00040,False
TT01199,U01906,CR00044,2025-06-26,119.04,Bank Transfer,TC00040,True
TT01200,U01906,CR00019,2025-02-04,0.0,Credit Card,TC00042,False
TT01201,U01906,CR00007,2025-03-28,0.0,PayPal,TC00040,False
TT01202,U01908,CR00017,2025-11-07,0.0,PayPal,TC00040,False
TT01203,U01908,CR00040,2025-10-05,327.99,Credit Card,TC00042,True
TT01204,U01908,CR00057,2025-12-26,177.34,Bank Transfer,TC00040,True
TT01205,U01917,CR00032,2025-10-14,0.0,PayPal,TC00040,False
TT01206,U01917,CR00022,2025-11-02,0.0,Bank Transfer,TC00040,False
TT01207,U01917,CR00023,2025-03-26,0.0,Credit Card,TC00042,False
TT01208,U01917,CR00040,2025-01-13,327.99,Bank Transfer,TC00040,True
TT01209,U01917,CR00051,2025-04-06,37.89,PayPal,TC00042,True
TT01210,U01918,CR00002,2025-10-10,0.0,PayPal,TC00042,False
TT01211,U01918,CR00005,2025-02-21,0.0,Bank Transfer,TC00040,False
TT01212,U01918,CR00032,2025-01-25,0.0,Bank Transfer,TC00040,False
TT01213,U01920,CR00023,2025-09-28,0.0,Bank Transfer,TC00042,False
TT01214,U01920,CR00026,2025-09-13,0.0,Credit Card,TC00042,False
TT01215,U01920,CR00034,2025-12-09,394.26,PayPal,TC00040,True
TT01216,U01920,CR00007,2025-05-01,0.0,PayPal,TC00042,False
TT01217,U01926,CR00001,2025-04-24,472.28,PayPal,TC00040,True
TT01218,U01926,CR00029,2025-11-27,0.0,Credit Card,TC00042,False
TT01219,U01926,CR00045,2025-11-16,0.0,Bank Transfer,TC00040,False
TT01220,U01929,CR00011,2025-02-02,326.02,Bank Transfer,TC00040,True
TT01221,U01929,CR00023,2025-01-01,0.0,PayPal,TC00042,False
TT01222,U01929,CR00027,2025-05-15,0.0,Bank Transfer,TC00042,False
TT01223,U01929,CR00028,2025-06-23,0.78,PayPal,TC00042,True
TT01224,U01931,CR00004,2025-07-09,0.0,PayPal,TC00042,False
TT01225,U01931,CR00015,2025-10-09,285.05,PayPal,TC00042,True
TT01226,U01931,CR00034,2025-04-07,394.26,Credit Card,TC00040,True
TT01227,U01931,CR00046,2025-05-26,248.1,Bank Transfer,TC00040,True
TT01228,U01931,CR00027,2025-06-30,0.0,Credit Card,TC00042,False
TT01229,U01934,CR00049,2025-11-14,415.51,Bank Transfer,TC00042,True
TT01230,U01934,CR00026,2025-06-14,0.0,PayPal,TC00042,False
TT01231,U01934,CR00006,2025-02-08,276.37,Credit Card,TC00042,True
TT01232,U01934,CR00039,2025-02-23,346.71,Credit Card,TC00040,True
TT01233,U01934,CR00050,2025-09-04,490.9,PayPal,TC00042,True
TT01234,U01943,CR00027,2025-08-25,0.0,Credit Card,TC00042,False
TT01235,U01943,CR00035,2025-01-03,0.0,Bank Transfer,TC00040,False
TT01236,U01943,CR00030,2025-06-26,0.0,PayPal,TC00042,False
TT01237,U01943,CR00044,2025-11-16,119.04,Bank Transfer,TC00042,True
TT01238,U01943,CR00025,2025-02-07,299.57,Bank Transfer,TC00042,True
TT01239,U01953,CR00016,2025-09-07,0.0,Credit Card,TC00042,False
TT01240,U01953,CR00025,2025-08-29,299.57,Credit Card,TC00040,True
TT01241,U01953,CR00057,2025-02-05,177.34,PayPal,TC00040,True
TT01242,U01953,CR00031,2025-10-07,0.0,Credit Card,TC00040,False
TT01243,U01953,CR00017,2025-02-01,0.0,PayPal,TC00040,False
TT01244,U01958,CR00008,2025-08-06,0.0,PayPal,TC00042,False
TT01245,U01958,CR00047,2025-04-16,89.59,PayPal,TC00040,True
TT01246,U01958,CR00045,2025-08-11,0.0,PayPal,TC00040,False
TT01247,U01959,CR00044,2025-12-03,119.04,PayPal,TC00040,True
TT01248,U01959,CR00012,2025-01-07,487.92,Bank Transfer,TC00042,True
TT01249,U01959,CR00010,2025-04-09,0.0,Bank Transfer,TC00042,False
TT01250,U01961,CR00051,2025-10-29,37.89,Bank Transfer,TC00042,True
TT01251,U01961,CR00048,2025-04-12,0.0,Bank Transfer,TC00040,False
TT01252,U01961,CR00026,2025-09-08,0.0,Credit Card,TC00042,False
TT01253,U01961,CR00040,2025-08-21,327.99,Credit Card,TC00042,True
TT01254,U01961,CR00039,2025-05-04,346.71,Bank Transfer,TC00040,True
TT01255,U01962,CR00009,2025-03-15,0.0,Bank Transfer,TC00042,False
TT01256,U01962,CR00038,2025-03-14,342.61,Credit Card,TC00042,True
TT01257,U01962,CR00010,2025-03-10,0.0,Credit Card,TC00040,False
TT01258,U01962,CR00013,2025-01-09,0.0,Bank Transfer,TC00042,False
TT01259,U01979,CR00023,2025-10-08,0.0,Credit Card,TC00042,False
TT01260,U01979,CR00015,2025-12-24,285.05,Credit Card,TC00042,True
TT01261,U01979,CR00039,2025-05-22,346.71,PayPal,TC00042,True
TT01262,U01979,CR00030,2025-09-08,0.0,Credit Card,TC00042,False
TT01263,U01979,CR00005,2025-03-02,0.0,Bank Transfer,TC00042,False
TT01264,U01987,CR00012,2025-10-15,487.92,Bank Transfer,TC00040,True
TT01265,U01987,CR00015,2025-12-25,285.05,PayPal,TC00042,True
TT01266,U01987,CR00040,2025-01-03,327.99,Credit Card,TC00042,True
TT01267,U01989,CR00022,2025-03-08,0.0,Credit Card,TC00040,False
TT01268,U01989,CR00058,2025-01-04,0.0,Bank Transfer,TC00042,False
TT01269,U01989,CR00002,2025-08-02,0.0,PayPal,TC00040,False
TT01270,U01993,CR00045,2025-05-23,0.0,Credit Card,TC00040,False
TT01271,U01993,CR00026,2025-04-28,0.0,Bank Transfer,TC00042,False
TT01272,U01993,CR00029,2025-04-22,0.0,PayPal,TC00042,False
TT01273,U01994,CR00001,2025-10-20,472.28,PayPal,TC00042,True
TT01274,U01994,CR00046,2025-11-05,248.1,Credit Card,TC00042,True
TT01275,U01994,CR00057,2025-12-21,177.34,PayPal,TC00042,True
TT01276,U01998,CR00059,2025-03-26,0.0,PayPal,TC00042,False
TT01277,U01998,CR00047,2025-08-04,89.59,Bank Transfer,TC00040,True
TT01278,U01998,CR00029,2025-08-06,0.0,Bank Transfer,TC00042,False
TT01279,U01998,CR00053,2025-12-30,0.0,PayPal,TC00042,False
TT01280,U01998,CR00025,2025-06-04,299.57,Bank Transfer,TC00042,True
TT01281,U02010,CR00038,2025-01-29,342.61,Credit Card,TC00040,True
TT01282,U02010,CR00019,2025-10-02,0.0,Bank Transfer,TC00040,False
TT01283,U02010,CR00028,2025-09-26,0.78,Credit Card,TC00042,True
TT01284,U02010,CR00006,2025-09-02,276.37,Credit Card,TC00042,True
TT01285,U02015,CR00038,2025-10-12,342.61,PayPal,TC00042,True
TT01286,U02015,CR00036,2025-05-27,0.0,Bank Transfer,TC00040,False
TT01287,U02015,CR00052,2025-05-27,0.0,Credit Card,TC00040,False
TT01288,U02015,CR00016,2025-02-18,0.0,PayPal,TC00042,False
TT01289,U02015,CR00031,2025-11-16,0.0,PayPal,TC00040,False
TT01290,U02022,CR00022,2025-03-13,0.0,Credit Card,TC00040,False
TT01291,U02022,CR00008,2025-09-18,0.0,Bank Transfer,TC00042,False
TT01292,U02022,CR00002,2025-10-21,0.0,Credit Card,TC00040,False
TT01293,U02022,CR00001,2025-08-12,472.28,Bank Transfer,TC00042,True
TT01294,U02035,CR00038,2025-04-16,342.61,Bank Transfer,TC00042,True
TT01295,U02035,CR00045,2025-08-13,0.0,Bank Transfer,TC00040,False
TT01296,U02035,CR00056,2025-10-09,212.39,Credit Card,TC00042,True
TT01297,U02035,CR00006,2025-09-28,276.37,PayPal,TC00042,True
TT01298,U02038,CR00036,2025-02-18,0.0,Bank Transfer,TC00040,False
TT01299,U02038,CR00057,2025-06-01,177.34,Credit Card,TC00040,True
TT01300,U02039,CR00016,2025-06-21,0.0,Credit Card,TC00042,False
TT01301,U02039,CR00009,2025-08-15,0.0,PayPal,TC00040,False
TT01302,U02039,CR00025,2025-09-14,299.57,PayPal,TC00040,True
TT01303,U02039,CR00012,2025-03-08,487.92,Bank Transfer,TC00042,True
TT01304,U02055,CR00018,2025-04-22,0.0,Credit Card,TC00042,False
TT01305,U02055,CR00014,2025-11-12,0.0,Credit Card,TC00040,False
TT01306,U02055,CR00004,2025-07-08,0.0,Credit Card,TC00042,False
TT01307,U02055,CR00059,2025-04-14,0.0,Credit Card,TC00042,False
TT01308,U02055,CR00008,2025-06-10,0.0,Credit Card,TC00042,False
TT01309,U02058,CR00049,2025-02-13,415.51,Credit Card,TC00042,True
TT01310,U02058,CR00058,2025-06-01,0.0,Credit Card,TC00040,False
TT01311,U02058,CR00046,2025-03-02,248.1,Bank Transfer,TC00040,True
TT01312,U02064,CR00054,2025-04-05,0.0,Credit Card,TC00042,False
TT01313,U02064,CR00006,2025-02-03,276.37,PayPal,TC00042,True
TT01314,U02064,CR00044,2025-08-13,119.04,Credit Card,TC00042,True
TT01315,U02064,CR00048,2025-09-07,0.0,Credit Card,TC00042,False
TT01316,U02064,CR00043,2025-05-04,0.0,Bank Transfer,TC00040,False
TT01317,U02068,CR00044,2025-09-27,119.04,Bank Transfer,TC00042,True
TT01318,U02068,CR00009,2025-08-15,0.0,Bank Transfer,TC00042,False
TT01319,U02068,CR00055,2025-06-25,57.32,Bank Transfer,TC00042,True
TT01320,U02071,CR00047,2025-05-03,89.59,PayPal,TC00040,True
TT01321,U02071,CR00048,2025-08-30,0.0,Bank Transfer,TC00042,False
TT01322,U02071,CR00029,2025-03-03,0.0,PayPal,TC00042,False
TT01323,U02074,CR00003,2025-11-26,0.0,PayPal,TC00042,False
TT01324,U02074,CR00046,2025-10-24,248.1,PayPal,TC00042,True
TT01325,U02074,CR00034,2025-06-07,394.26,Credit Card,TC00040,True
TT01326,U02074,CR00027,2025-11-01,0.0,Credit Card,TC00042,False
TT01327,U02077,CR00059,2025-08-18,0.0,Bank Transfer,TC00040,False
TT01328,U02077,CR00040,2025-12-27,327.99,Credit Card,TC00040,True
TT01329,U02077,CR00036,2025-02-15,0.0,PayPal,TC00040,False
TT01330,U02077,CR00058,2025-02-23,0.0,PayPal,TC00040,False
TT01331,U02094,CR00005,2025-10-10,0.0,Credit Card,TC00042,False
TT01332,U02094,CR00034,2025-09-04,394.26,Credit Card,TC00040,True
TT01333,U02094,CR00021,2025-04-11,0.0,Bank Transfer,TC00040,False
TT01334,U02096,CR00013,2025-12-06,0.0,Bank Transfer,TC00040,False
TT01335,U02096,CR00021,2025-03-07,0.0,PayPal,TC00042,False
TT01336,U02096,CR00027,2025-12-22,0.0,PayPal,TC00042,False
TT01337,U02096,CR00003,2025-07-07,0.0,Bank Transfer,TC00040,False
TT01338,U02098,CR00018,2025-06-19,0.0,Bank Transfer,TC00040,False
TT01339,U02098,CR00030,2025-08-21,0.0,Credit Card,TC00042,False
TT01340,U02098,CR00011,2025-03-01,326.02,PayPal,TC00042,True
TT01341,U02125,CR00001,2025-11-09,472.28,Bank Transfer,TC00042,True
TT01342,U02125,CR00019,2025-06-13,0.0,Bank Transfer,TC00040,False
TT01343,U02125,CR00029,2025-04-26,0.0,PayPal,TC00042,False
TT01344,U02125,CR00006,2025-03-03,276.37,Credit Card,TC00042,True
TT01345,U02144,CR00047,2025-01-18,89.59,PayPal,TC00040,True
TT01346,U02144,CR00023,2025-09-16,0.0,PayPal,TC00040,False
TT01347,U02144,CR00053,2025-02-15,0.0,Bank Transfer,TC00040,False
TT01348,U02144,CR00052,2025-08-30,0.0,PayPal,TC00040,False
TT01349,U02147,CR00002,2025-10-04,0.0,PayPal,TC00040,False
TT01350,U02147,CR00001,2025-09-28,472.28,Credit Card,TC00040,True
TT01351,U02147,CR00051,2025-09-16,37.89,Bank Transfer,TC00042,True
TT01352,U02147,CR00013,2025-11-13,0.0,Bank Transfer,TC00040,False
TT01353,U02149,CR00042,2025-11-21,0.0,Bank Transfer,TC00042,False
TT01354,U02149,CR00029,2025-02-21,0.0,PayPal,TC00042,False
TT01355,U02149,CR00033,2025-06-22,0.0,Credit Card,TC00040,False
TT01356,U02149,CR00035,2025-10-03,0.0,Bank Transfer,TC00040,False
TT01357,U02151,CR00043,2025-04-05,0.0,Credit Card,TC00040,False
TT01358,U02151,CR00001,2025-11-16,472.28,Bank Transfer,TC00042,True
TT01359,U02151,CR00048,2025-10-06,0.0,Credit Card,TC00040,False
TT01360,U02151,CR00047,2025-07-14,89.59,Bank Transfer,TC00042,True
TT01361,U02151,CR00056,2025-08-21,212.39,Credit Card,TC00042,True
TT01362,U02152,CR00006,2025-05-29,276.37,Credit Card,TC00042,True
TT01363,U02152,CR00054,2025-03-14,0.0,Credit Card,TC00042,False
TT01364,U02152,CR00017,2025-12-21,0.0,Bank Transfer,TC00042,False
TT01365,U02153,CR00049,2025-01-06,415.51,Bank Transfer,TC00040,True
TT01366,U02153,CR00040,2025-06-02,327.99,Credit Card,TC00040,True
TT01367,U02153,CR00022,2025-04-04,0.0,Bank Transfer,TC00040,False
TT01368,U02155,CR00018,2025-04-15,0.0,Bank Transfer,TC00040,False
TT01369,U02155,CR00056,2025-11-14,212.39,PayPal,TC00040,True
TT01370,U02155,CR00045,2025-02-09,0.0,PayPal,TC00042,False
TT01371,U02155,CR00009,2025-06-10,0.0,Credit Card,TC00042,False
TT01372,U02161,CR00029,2025-07-03,0.0,Credit Card,TC00042,False
TT01373,U02161,CR00008,2025-07-01,0.0,Bank Transfer,TC00040,False
TT01374,U02161,CR00055,2025-03-30,57.32,Credit Card,TC00040,True
TT01375,U02161,CR00017,2025-08-02,0.0,Bank Transfer,TC00040,False
TT01376,U02161,CR00036,2025-03-23,0.0,PayPal,TC00040,False
TT01377,U02174,CR00008,2025-12-11,0.0,Bank Transfer,TC00040,False
TT01378,U02174,CR00006,2025-11-27,276.37,PayPal,TC00040,True
TT01379,U02174,CR00002,2025-09-22,0.0,Credit Card,TC00040,False
TT01380,U02174,CR00016,2025-12-08,0.0,PayPal,TC00040,False
TT01381,U02174,CR00041,2025-02-23,53.86,Credit Card,TC00042,True
TT01382,U02199,CR00011,2025-11-02,326.02,Bank Transfer,TC00042,True
TT01383,U02199,CR00041,2025-11-17,53.86,PayPal,TC00042,True
TT01384,U02199,CR00044,2025-02-15,119.04,Bank Transfer,TC00042,True
TT01385,U02199,CR00048,2025-02-25,0.0,Credit Card,TC00042,False
TT01386,U02212,CR00024,2025-07-23,117.68,Credit Card,TC00042,True
TT01387,U02212,CR00029,2025-02-12,0.0,Bank Transfer,TC00042,False
TT01388,U02212,CR00042,2025-09-30,0.0,Credit Card,TC00040,False
TT01389,U02212,CR00009,2025-04-29,0.0,Bank Transfer,TC00042,False
TT01390,U02215,CR00004,2025-02-06,0.0,Credit Card,TC00040,False
TT01391,U02215,CR00028,2025-11-11,0.78,PayPal,TC00042,True
TT01392,U02215,CR00058,2025-03-07,0.0,PayPal,TC00040,False
TT01393,U02217,CR00018,2025-06-07,0.0,Credit Card,TC00042,False
TT01394,U02217,CR00010,2025-12-03,0.0,Bank Transfer,TC00042,False
TT01395,U02217,CR00029,2025-04-06,0.0,Credit Card,TC00042,False
TT01396,U02217,CR00009,2025-05-30,0.0,Credit Card,TC00042,False
TT01397,U02224,CR00039,2025-10-28,346.71,Bank Transfer,TC00042,True
TT01398,U02224,CR00048,2025-12-19,0.0,PayPal,TC00042,False
TT01399,U02224,CR00016,2025-02-26,0.0,Credit Card,TC00042,False
TT01400,U02224,CR00005,2025-03-25,0.0,Credit Card,TC00042,False
TT01401,U02231,CR00012,2025-07-11,487.92,Credit Card,TC00042,True
TT01402,U02231,CR00054,2025-12-26,0.0,Credit Card,TC00042,False
TT01403,U02231,CR00024,2025-12-10,117.68,PayPal,TC00040,True
TT01404,U02248,CR00014,2025-05-12,0.0,Credit Card,TC00042,False
TT01405,U02248,CR00001,2025-09-20,472.28,PayPal,TC00042,True
TT01406,U02248,CR00054,2025-02-21,0.0,PayPal,TC00042,False
TT01407,U02250,CR00036,2025-05-09,0.0,PayPal,TC00040,False
TT01408,U02250,CR00020,2025-01-06,0.0,PayPal,TC00040,False
TT01409,U02250,CR00019,2025-06-30,0.0,Credit Card,TC00042,False
TT01410,U02250,CR00038,2025-09-08,342.61,PayPal,TC00040,True
TT01411,U02250,CR00003,2025-11-23,0.0,Bank Transfer,TC00042,False
TT01412,U02254,CR00032,2025-06-13,0.0,Credit Card,TC00040,False
TT01413,U02254,CR00009,2025-08-27,0.0,Bank Transfer,TC00042,False
TT01414,U02254,CR00023,2025-02-01,0.0,Credit Card,TC00042,False
TT01415,U02254,CR00007,2025-06-03,0.0,Credit Card,TC00042,False
TT01416,U02254,CR00049,2025-01-07,415.51,Credit Card,TC00042,True
TT01417,U02258,CR00019,2025-09-16,0.0,PayPal,TC00042,False
TT01418,U02258,CR00005,2025-03-04,0.0,Credit Card,TC00042,False
TT01419,U02258,CR00053,2025-12-03,0.0,Credit Card,TC00042,False
TT01420,U02258,CR00025,2025-12-02,299.57,Bank Transfer,TC00042,True
TT01421,U02258,CR00026,2025-05-24,0.0,Bank Transfer,TC00042,False
TT01422,U02284,CR00041,2025-09-25,53.86,Bank Transfer,TC00040,True
TT01423,U02284,CR00051,2025-06-29,37.89,Credit Card,TC00040,True
TT01424,U02284,CR00052,2025-09-18,0.0,Bank Transfer,TC00042,False
TT01425,U02284,CR00009,2025-09-17,0.0,Credit Card,TC00042,False
TT01426,U02288,CR00048,2025-12-17,0.0,Bank Transfer,TC00042,False
TT01427,U02288,CR00031,2025-02-21,0.0,PayPal,TC00040,False
TT01428,U02288,CR00015,2025-02-11,285.05,Bank Transfer,TC00040,True
TT01429,U02288,CR00030,2025-08-20,0.0,Credit Card,TC00042,False
TT01430,U02290,CR00050,2025-02-07,490.9,PayPal,TC00040,True
TT01431,U02290,CR00042,2025-11-22,0.0,PayPal,TC00040,False
TT01432,U02290,CR00002,2025-08-27,0.0,PayPal,TC00040,False
TT01433,U02290,CR00027,2025-10-09,0.0,Credit Card,TC00042,False
TT01434,U02290,CR00053,2025-11-18,0.0,Credit Card,TC00040,False
TT01435,U02300,CR00038,2025-11-25,342.61,Bank Transfer,TC00042,True
TT01436,U02300,CR00023,2025-05-15,0.0,PayPal,TC00042,False
TT01437,U02300,CR00052,2025-07-09,0.0,PayPal,TC00040,False
TT01438,U02300,CR00058,2025-08-07,0.0,Bank Transfer,TC00042,False
TT01439,U02301,CR00031,2025-04-01,0.0,Bank Transfer,TC00040,False
TT01440,U02301,CR00019,2025-01-03,0.0,Credit Card,TC00042,False
TT01441,U02301,CR00025,2025-03-08,299.57,Credit Card,TC00042,True
TT01442,U02306,CR00040,2025-06-02,327.99,Bank Transfer,TC00042,True
TT01443,U02306,CR00009,2025-06-27,0.0,Credit Card,TC00040,False
TT01444,U02306,CR00010,2025-07-12,0.0,PayPal,TC00042,False
TT01445,U02306,CR00041,2025-06-28,53.86,PayPal,TC00040,True
TT01446,U02315,CR00038,2025-07-08,342.61,Credit Card,TC00042,True
TT01447,U02315,CR00015,2025-03-30,285.05,PayPal,TC00042,True
TT01448,U02315,CR00043,2025-10-23,0.0,PayPal,TC00042,False
TT01449,U02315,CR00042,2025-04-23,0.0,PayPal,TC00042,False
TT01450,U02336,CR00047,2025-06-20,89.59,PayPal,TC00040,True
TT01451,U02336,CR00030,2025-10-24,0.0,PayPal,TC00042,False
TT01452,U02336,CR00057,2025-06-07,177.34,Credit Card,TC00042,True
TT01453,U02336,CR00042,2025-08-17,0.0,Credit Card,TC00040,False
TT01454,U02337,CR00046,2025-11-07,248.1,PayPal,TC00042,True
TT01455,U02337,CR00015,2025-07-09,285.05,Credit Card,TC00042,True
TT01456,U02337,CR00003,2025-07-12,0.0,Bank Transfer,TC00040,False
TT01457,U02341,CR00022,2025-11-27,0.0,Credit Card,TC00040,False
TT01458,U02341,CR00036,2025-11-29,0.0,PayPal,TC00042,False
TT01459,U02341,CR00019,2025-05-01,0.0,Bank Transfer,TC00040,False
TT01460,U02341,CR00033,2025-07-30,0.0,PayPal,TC00040,False
TT01461,U02344,CR00022,2025-04-27,0.0,Bank Transfer,TC00040,False
TT01462,U02344,CR00014,2025-11-01,0.0,PayPal,TC00042,False
TT01463,U02344,CR00018,2025-10-06,0.0,Bank Transfer,TC00042,False
TT01464,U02344,CR00051,2025-12-18,37.89,Credit Card,TC00042,True
TT01465,U02345,CR00028,2025-06-12,0.78,PayPal,TC00042,True
TT01466,U02345,CR00026,2025-06-06,0.0,Credit Card,TC00042,False
TT01467,U02345,CR00005,2025-06-10,0.0,Bank Transfer,TC00042,False
TT01468,U02345,CR00027,2025-09-20,0.0,PayPal,TC00042,False
TT01469,U02349,CR00026,2025-07-19,0.0,Credit Card,TC00042,False
TT01470,U02349,CR00012,2025-03-23,487.92,PayPal,TC00040,True
TT01471,U02349,CR00053,2025-03-08,0.0,Credit Card,TC00040,False
TT01472,U02349,CR00016,2025-10-07,0.0,Bank Transfer,TC00042,False
TT01473,U02370,CR00041,2025-11-03,53.86,Credit Card,TC00040,True
TT01474,U02370,CR00002,2025-10-16,0.0,Bank Transfer,TC00040,False
TT01475,U02370,CR00025,2025-05-04,299.57,PayPal,TC00042,True
TT01476,U02371,CR00024,2025-09-29,117.68,Credit Card,TC00042,True
TT01477,U02371,CR00008,2025-05-11,0.0,Credit Card,TC00040,False
TT01478,U02371,CR00030,2025-12-26,0.0,PayPal,TC00042,False
TT01479,U02410,CR00022,2025-03-15,0.0,Bank Transfer,TC00042,False
TT01480,U02410,CR00057,2025-04-29,177.34,PayPal,TC00040,True
TT01481,U02410,CR00003,2025-02-09,0.0,Bank Transfer,TC00040,False
TT01482,U02415,CR00056,2025-10-08,212.39,Credit Card,TC00040,True
TT01483,U02415,CR00048,2025-09-17,0.0,PayPal,TC00042,False
TT01484,U02415,CR00050,2025-01-15,490.9,Credit Card,TC00040,True
TT01485,U02427,CR00035,2025-04-16,0.0,PayPal,TC00040,False
TT01486,U02427,CR00043,2025-01-01,0.0,Credit Card,TC00040,False
TT01487,U02427,CR00054,2025-02-07,0.0,PayPal,TC00040,False
TT01488,U02427,CR00025,2025-01-13,299.57,PayPal,TC00042,True
TT01489,U02432,CR00040,2025-08-16,327.99,Credit Card,TC00040,True
TT01490,U02432,CR00058,2025-08-19,0.0,Bank Transfer,TC00040,False
TT01491,U02432,CR00033,2025-10-01,0.0,PayPal,TC00040,False
TT01492,U02432,CR00039,2025-10-03,346.71,Bank Transfer,TC00042,True
TT01493,U02432,CR00005,2025-09-26,0.0,Bank Transfer,TC00042,False
TT01494,U02445,CR00031,2025-11-27,0.0,PayPal,TC00040,False
TT01495,U02445,CR00030,2025-08-24,0.0,Credit Card,TC00042,False
TT01496,U02445,CR00049,2025-12-24,415.51,Bank Transfer,TC00040,True
TT01497,U02459,CR00043,2025-05-17,0.0,Bank Transfer,TC00042,False
TT01498,U02459,CR00010,2025-11-27,0.0,PayPal,TC00040,False
TT01499,U02459,CR00016,2025-08-30,0.0,PayPal,TC00042,False
TT01500,U02470,CR00022,2025-09-26,0.0,Credit Card,TC00040,False
TT01501,U02470,CR00006,2025-12-16,276.37,Credit Card,TC00040,True
TT01502,U02470,CR00045,2025-01-30,0.0,Bank Transfer,TC00040,False
TT01503,U02470,CR00041,2025-04-24,53.86,PayPal,TC00040,True
TT01504,U02470,CR00030,2025-04-02,0.0,Credit Card,TC00042,False
TT01505,U02485,CR00001,2025-06-07,472.28,Credit Card,TC00040,True
TT01506,U02485,CR00052,2025-05-10,0.0,Bank Transfer,TC00040,False
TT01507,U02485,CR00017,2025-08-12,0.0,PayPal,TC00040,False
TT01508,U02485,CR00058,2025-04-24,0.0,Bank Transfer,TC00042,False
TT01509,U02490,CR00026,2025-03-09,0.0,PayPal,TC00042,False
TT01510,U02490,CR00023,2025-04-27,0.0,Bank Transfer,TC00040,False
TT01511,U02490,CR00013,2025-06-07,0.0,Bank Transfer,TC00042,False
TT01512,U02512,CR00036,2025-01-15,0.0,Bank Transfer,TC00040,False
TT01513,U02512,CR00013,2025-01-30,0.0,PayPal,TC00042,False
TT01514,U02512,CR00004,2025-03-18,0.0,PayPal,TC00040,False
TT01515,U02515,CR00051,2025-11-30,37.89,Credit Card,TC00042,True
TT01516,U02515,CR00025,2025-07-12,299.57,Credit Card,TC00040,True
TT01517,U02515,CR00058,2025-04-24,0.0,Credit Card,TC00042,False
TT01518,U02515,CR00059,2025-02-04,0.0,Bank Transfer,TC00040,False
TT01519,U02537,CR00016,2025-09-06,0.0,Credit Card,TC00042,False
TT01520,U02537,CR00040,2025-05-11,327.99,PayPal,TC00042,True
TT01521,U02537,CR00047,2025-02-27,89.59,PayPal,TC00042,True
TT01522,U02540,CR00018,2025-07-28,0.0,PayPal,TC00040,False
TT01523,U02540,CR00050,2025-01-07,490.9,PayPal,TC00042,True
TT01524,U02540,CR00033,2025-04-21,0.0,Bank Transfer,TC00040,False
TT01525,U02540,CR00003,2025-05-20,0.0,Bank Transfer,TC00042,False
TT01526,U02540,CR00037,2025-03-27,0.0,PayPal,TC00042,False
TT01527,U02541,CR00059,2025-12-27,0.0,Credit Card,TC00040,False
TT01528,U02541,CR00052,2025-02-05,0.0,Bank Transfer,TC00042,False
TT01529,U02541,CR00003,2025-08-14,0.0,PayPal,TC00040,False
TT01530,U02542,CR00018,2025-01-17,0.0,PayPal,TC00040,False
TT01531,U02542,CR00050,2025-11-13,490.9,Bank Transfer,TC00042,True
TT01532,U02542,CR00060,2025-04-24,0.0,PayPal,TC00042,False
TT01533,U02564,CR00055,2025-03-01,57.32,Credit Card,TC00040,True
TT01534,U02564,CR00060,2025-04-20,0.0,PayPal,TC00042,False
TT01535,U02564,CR00003,2025-10-16,0.0,PayPal,TC00040,False
TT01536,U02564,CR00027,2025-06-29,0.0,PayPal,TC00042,False
TT01537,U02566,CR00033,2025-04-18,0.0,Credit Card,TC00040,False
TT01538,U02566,CR00014,2025-10-22,0.0,Bank Transfer,TC00042,False
TT01539,U02566,CR00002,2025-07-20,0.0,PayPal,TC00042,False
TT01540,U02582,CR00003,2025-07-29,0.0,PayPal,TC00040,False
TT01541,U02582,CR00048,2025-12-24,0.0,PayPal,TC00042,False
TT01542,U02582,CR00035,2025-02-22,0.0,Credit Card,TC00040,False
TT01543,U02582,CR00037,2025-01-18,0.0,Credit Card,TC00042,False
TT01544,U02582,CR00042,2025-04-10,0.0,Bank Transfer,TC00042,False
TT01545,U02583,CR00032,2025-12-24,0.0,Credit Card,TC00040,False
TT01546,U02583,CR00038,2025-05-06,342.61,Bank Transfer,TC00040,True
TT01547,U02583,CR00060,2025-03-25,0.0,Bank Transfer,TC00042,False
TT01548,U02593,CR00006,2025-02-12,276.37,Bank Transfer,TC00040,True
TT01549,U02593,CR00008,2025-02-09,0.0,Credit Card,TC00042,False
TT01550,U02593,CR00012,2025-06-17,487.92,PayPal,TC00040,True
TT01551,U02593,CR00003,2025-07-15,0.0,Bank Transfer,TC00040,False
TT01552,U02593,CR00057,2025-06-19,177.34,Bank Transfer,TC00040,True
TT01553,U02602,CR00042,2025-05-29,0.0,PayPal,TC00040,False
TT01554,U02602,CR00047,2025-02-26,89.59,Bank Transfer,TC00042,True
TT01555,U02602,CR00032,2025-06-11,0.0,Credit Card,TC00040,False
TT01556,U02602,CR00010,2025-10-16,0.0,PayPal,TC00042,False
TT01557,U02602,CR00034,2025-11-08,394.26,Bank Transfer,TC00040,True
TT01558,U02605,CR00019,2025-06-15,0.0,PayPal,TC00042,False
TT01559,U02605,CR00057,2025-11-17,177.34,Credit Card,TC00042,True
TT01560,U02605,CR00047,2025-09-12,89.59,Bank Transfer,TC00040,True
TT01561,U02612,CR00044,2025-07-13,119.04,Bank Transfer,TC00042,True
TT01562,U02612,CR00059,2025-03-12,0.0,PayPal,TC00040,False
TT01563,U02612,CR00045,2025-11-10,0.0,Bank Transfer,TC00042,False
TT01564,U02612,CR00005,2025-08-11,0.0,Credit Card,TC00042,False
TT01565,U02614,CR00009,2025-06-07,0.0,Bank Transfer,TC00040,False
TT01566,U02614,CR00017,2025-08-12,0.0,Credit Card,TC00040,False
TT01567,U02614,CR00005,2025-02-14,0.0,Credit Card,TC00040,False
TT01568,U02616,CR00008,2025-11-07,0.0,PayPal,TC00042,False
TT01569,U02616,CR00007,2025-12-14,0.0,Bank Transfer,TC00042,False
TT01570,U02616,CR00006,2025-03-28,276.37,PayPal,TC00040,True
TT01571,U02623,CR00032,2025-03-14,0.0,Bank Transfer,TC00040,False
TT01572,U02623,CR00057,2025-04-14,177.34,Credit Card,TC00042,True
TT01573,U02623,CR00055,2025-08-10,57.32,PayPal,TC00040,True
TT01574,U02623,CR00016,2025-08-27,0.0,PayPal,TC00040,False
TT01575,U02623,CR00018,2025-06-02,0.0,Credit Card,TC00042,False
TT01576,U02630,CR00029,2025-01-09,0.0,Bank Transfer,TC00042,False
TT01577,U02630,CR00014,2025-05-19,0.0,Bank Transfer,TC00040,False
TT01578,U02630,CR00048,2025-09-08,0.0,PayPal,TC00042,False
TT01579,U02630,CR00006,2025-07-30,276.37,Bank Transfer,TC00042,True
TT01580,U02633,CR00010,2025-10-02,0.0,Bank Transfer,TC00040,False
TT01581,U02633,CR00045,2025-03-03,0.0,PayPal,TC00040,False
TT01582,U02633,CR00057,2025-09-01,177.34,Credit Card,TC00042,True
TT01583,U02633,CR00047,2025-03-18,89.59,PayPal,TC00040,True
TT01584,U02633,CR00023,2025-07-09,0.0,Bank Transfer,TC00040,False
TT01585,U02643,CR00041,2025-07-12,53.86,Bank Transfer,TC00040,True
TT01586,U02643,CR00002,2025-11-24,0.0,Credit Card,TC00042,False
TT01587,U02643,CR00048,2025-09-05,0.0,Bank Transfer,TC00042,False
TT01588,U02643,CR00051,2025-03-28,37.89,Credit Card,TC00042,True
TT01589,U02643,CR00042,2025-09-27,0.0,Bank Transfer,TC00042,False
TT01590,U02645,CR00003,2025-10-03,0.0,PayPal,TC00042,False
TT01591,U02645,CR00041,2025-05-12,53.86,Credit Card,TC00042,True
TT01592,U02645,CR00059,2025-01-07,0.0,Bank Transfer,TC00040,False
TT01593,U02651,CR00053,2025-01-07,0.0,Credit Card,TC00040,False
TT01594,U02651,CR00037,2025-01-17,0.0,PayPal,TC00040,False
TT01595,U02651,CR00056,2025-11-28,212.39,Credit Card,TC00042,True
TT01596,U02651,CR00057,2025-07-23,177.34,Bank Transfer,TC00040,True
TT01597,U02651,CR00035,2025-01-19,0.0,Credit Card,TC00040,False
TT01598,U02663,CR00058,2025-02-16,0.0,Bank Transfer,TC00042,False
TT01599,U02663,CR00010,2025-05-07,0.0,Bank Transfer,TC00040,False
TT01600,U02663,CR00030,2025-05-27,0.0,PayPal,TC00042,False
TT01601,U02663,CR00004,2025-02-17,0.0,Credit Card,TC00042,False
TT01602,U02672,CR00051,2025-09-16,37.89,Bank Transfer,TC00042,True
TT01603,U02672,CR00059,2025-01-16,0.0,PayPal,TC00042,False
TT01604,U02672,CR00010,2025-05-20,0.0,Credit Card,TC00040,False
TT01605,U02672,CR00060,2025-02-09,0.0,Credit Card,TC00040,False
TT01606,U02672,CR00015,2025-01-19,285.05,PayPal,TC00042,True
TT01607,U02679,CR00011,2025-07-26,326.02,PayPal,TC00042,True
TT01608,U02679,CR00014,2025-06-08,0.0,Credit Card,TC00040,False
TT01609,U02679,CR00004,2025-06-12,0.0,Bank Transfer,TC00042,False
TT01610,U02683,CR00045,2025-03-17,0.0,Bank Transfer,TC00040,False
TT01611,U02683,CR00012,2025-11-18,487.92,PayPal,TC00042,True
TT01612,U02683,CR00008,2025-12-01,0.0,Credit Card,TC00040,False
TT01613,U02683,CR00047,2025-05-14,89.59,Bank Transfer,TC00040,True
TT01614,U02683,CR00044,2025-04-24,119.04,Bank Transfer,TC00042,True
TT01615,U02684,CR00027,2025-08-14,0.0,PayPal,TC00042,False
TT01616,U02684,CR00007,2025-06-02,0.0,Credit Card,TC00040,False
TT01617,U02684,CR00023,2025-07-25,0.0,Credit Card,TC00040,False
TT01618,U02684,CR00057,2025-01-05,177.34,Credit Card,TC00042,True
TT01619,U02698,CR00050,2025-01-05,490.9,Bank Transfer,TC00042,True
TT01620,U02698,CR00039,2025-02-16,346.71,Credit Card,TC00040,True
TT01621,U02698,CR00010,2025-11-03,0.0,Bank Transfer,TC00042,False
TT01622,U02709,CR00034,2025-09-07,394.26,PayPal,TC00040,True
TT01623,U02709,CR00015,2025-06-03,285.05,Credit Card,TC00042,True
TT01624,U02709,CR00028,2025-05-14,0.78,Bank Transfer,TC00042,True
TT01625,U02709,CR00023,2025-03-20,0.0,Credit Card,TC00042,False
TT01626,U02733,CR00017,2025-04-01,0.0,PayPal,TC00040,False
TT01627,U02733,CR00015,2025-12-19,285.05,Bank Transfer,TC00040,True
TT01628,U02733,CR00011,2025-10-25,326.02,Bank Transfer,TC00040,True
TT01629,U02733,CR00008,2025-07-11,0.0,Credit Card,TC00040,False
TT01630,U02743,CR00016,2025-09-18,0.0,PayPal,TC00042,False
TT01631,U02743,CR00042,2025-09-08,0.0,Bank Transfer,TC00042,False
TT01632,U02743,CR00037,2025-05-15,0.0,Credit Card,TC00040,False
TT01633,U02743,CR00040,2025-04-23,327.99,PayPal,TC00042,True
TT01634,U02754,CR00018,2025-05-29,0.0,Bank Transfer,TC00042,False
TT01635,U02754,CR00015,2025-05-05,285.05,PayPal,TC00042,True
TT01636,U02754,CR00041,2025-11-15,53.86,Credit Card,TC00042,True
TT01637,U02767,CR00042,2025-02-04,0.0,Bank Transfer,TC00040,False
TT01638,U02767,CR00039,2025-01-05,346.71,Credit Card,TC00040,True
TT01639,U02767,CR00053,2025-09-25,0.0,Bank Transfer,TC00042,False
TT01640,U02767,CR00040,2025-03-01,327.99,Bank Transfer,TC00040,True
TT01641,U02767,CR00012,2025-01-09,487.92,PayPal,TC00042,True
TT01642,U02770,CR00047,2025-08-27,89.59,Credit Card,TC00042,True
TT01643,U02770,CR00021,2025-10-25,0.0,Bank Transfer,TC00040,False
TT01644,U02770,CR00060,2025-10-26,0.0,Bank Transfer,TC00042,False
TT01645,U02770,CR00054,2025-09-06,0.0,PayPal,TC00042,False
TT01646,U02775,CR00001,2025-09-12,472.28,Credit Card,TC00042,True
TT01647,U02775,CR00010,2025-09-04,0.0,PayPal,TC00040,False
TT01648,U02775,CR00027,2025-02-26,0.0,Bank Transfer,TC00042,False
TT01649,U02786,CR00053,2025-08-08,0.0,PayPal,TC00040,False
TT01650,U02786,CR00054,2025-11-11,0.0,PayPal,TC00040,False
TT01651,U02786,CR00030,2025-07-30,0.0,Credit Card,TC00042,False
TT01652,U02786,CR00020,2025-06-13,0.0,Credit Card,TC00040,False
TT01653,U02788,CR00026,2025-04-18,0.0,PayPal,TC00042,False
TT01654,U02788,CR00055,2025-01-25,57.32,Bank Transfer,TC00042,True
TT01655,U02788,CR00031,2025-09-13,0.0,Credit Card,TC00040,False
TT01656,U02791,CR00009,2025-06-08,0.0,PayPal,TC00042,False
TT01657,U02791,CR00055,2025-09-27,57.32,Credit Card,TC00040,True
TT01658,U02791,CR00049,2025-06-21,415.51,Credit Card,TC00042,True
TT01659,U02791,CR00036,2025-01-07,0.0,PayPal,TC00040,False
TT01660,U02792,CR00020,2025-08-16,0.0,Credit Card,TC00040,False
TT01661,U02792,CR00021,2025-09-15,0.0,Bank Transfer,TC00040,False
TT01662,U02792,CR00008,2025-05-12,0.0,PayPal,TC00040,False
TT01663,U02792,CR00029,2025-10-14,0.0,Credit Card,TC00042,False
TT01664,U02792,CR00052,2025-03-19,0.0,Bank Transfer,TC00040,False
TT01665,U02793,CR00015,2025-11-09,285.05,Credit Card,TC00042,True
TT01666,U02793,CR00039,2025-08-18,346.71,Bank Transfer,TC00042,True
TT01667,U02793,CR00026,2025-04-27,0.0,Credit Card,TC00042,False
TT01668,U02793,CR00006,2025-12-10,276.37,Bank Transfer,TC00040,True
TT01669,U02821,CR00011,2025-01-28,326.02,Credit Card,TC00042,True
TT01670,U02821,CR00017,2025-11-20,0.0,Credit Card,TC00040,False
TT01671,U02821,CR00020,2025-07-14,0.0,Bank Transfer,TC00040,False
TT01672,U02821,CR00040,2025-12-08,327.99,Bank Transfer,TC00040,True
TT01673,U02825,CR00015,2025-09-20,285.05,Credit Card,TC00042,True
TT01674,U02825,CR00040,2025-09-07,327.99,Bank Transfer,TC00040,True
TT01675,U02825,CR00011,2025-05-13,326.02,PayPal,TC00042,True
TT01676,U02832,CR00030,2025-07-13,0.0,Credit Card,TC00042,False
TT01677,U02832,CR00042,2025-02-11,0.0,Credit Card,TC00040,False
TT01678,U02832,CR00022,2025-03-26,0.0,Credit Card,TC00040,False
TT01679,U02843,CR00034,2025-04-23,394.26,PayPal,TC00040,True
TT01680,U02843,CR00046,2025-01-13,248.1,Bank Transfer,TC00040,True
TT01681,U02843,CR00024,2025-09-03,117.68,PayPal,TC00042,True
TT01682,U02844,CR00035,2025-08-03,0.0,PayPal,TC00040,False
TT01683,U02844,CR00046,2025-10-17,248.1,Credit Card,TC00040,True
TT01684,U02844,CR00047,2025-05-15,89.59,Credit Card,TC00042,True
TT01685,U02844,CR00016,2025-03-24,0.0,Bank Transfer,TC00040,False
TT01686,U02850,CR00026,2025-10-30,0.0,PayPal,TC00042,False
TT01687,U02850,CR00031,2025-10-09,0.0,PayPal,TC00040,False
TT01688,U02850,CR00057,2025-08-03,177.34,Credit Card,TC00040,True
TT01689,U02857,CR00028,2025-06-01,0.78,Bank Transfer,TC00042,True
TT01690,U02857,CR00011,2025-09-24,326.02,Bank Transfer,TC00042,True
TT01691,U02857,CR00039,2025-07-02,346.71,PayPal,TC00040,True
TT01692,U02874,CR00019,2025-05-25,0.0,PayPal,TC00040,False
TT01693,U02874,CR00050,2025-06-25,490.9,Bank Transfer,TC00040,True
TT01694,U02874,CR00005,2025-07-10,0.0,Credit Card,TC00042,False
TT01695,U02874,CR00052,2025-03-02,0.0,Bank Transfer,TC00042,False
TT01696,U02883,CR00011,2025-05-11,326.02,PayPal,TC00040,True
TT01697,U02883,CR00012,2025-04-23,487.92,Bank Transfer,TC00042,True
TT01698,U02883,CR00033,2025-03-24,0.0,Credit Card,TC00040,False
TT01699,U02899,CR00040,2025-03-17,327.99,PayPal,TC00042,True
TT01700,U02899,CR00020,2025-12-05,0.0,PayPal,TC00040,False
TT01701,U02899,CR00008,2025-10-24,0.0,PayPal,TC00040,False
TT01702,U02909,CR00021,2025-02-06,0.0,Credit Card,TC00040,False
TT01703,U02909,CR00046,2025-05-16,248.1,Bank Transfer,TC00042,True
TT01704,U02909,CR00059,2025-02-22,0.0,PayPal,TC00040,False
TT01705,U02915,CR00017,2025-07-22,0.0,Bank Transfer,TC00042,False
TT01706,U02915,CR00036,2025-05-14,0.0,PayPal,TC00040,False
TT01707,U02915,CR00002,2025-05-28,0.0,PayPal,TC00042,False
TT01708,U02916,CR00054,2025-06-15,0.0,PayPal,TC00040,False
TT01709,U02916,CR00011,2025-07-27,326.02,Bank Transfer,TC00042,True
TT01710,U02916,CR00005,2025-02-21,0.0,Credit Card,TC00040,False
TT01711,U02916,CR00016,2025-10-03,0.0,Bank Transfer,TC00040,False
TT01712,U02927,CR00008,2025-09-24,0.0,PayPal,TC00040,False
TT01713,U02927,CR00039,2025-11-30,346.71,Credit Card,TC00040,True
TT01714,U02927,CR00059,2025-01-08,0.0,PayPal,TC00040,False
TT01715,U02927,CR00041,2025-01-09,53.86,Credit Card,TC00040,True
TT01716,U02931,CR00004,2025-09-30,0.0,PayPal,TC00042,False
TT01717,U02931,CR00010,2025-11-19,0.0,Bank Transfer,TC00042,False
TT01718,U02931,CR00051,2025-05-05,37.89,Bank Transfer,TC00042,True
TT01719,U02931,CR00033,2025-11-04,0.0,Bank Transfer,TC00040,False
TT01720,U02931,CR00030,2025-11-13,0.0,Bank Transfer,TC00042,False
TT01721,U02937,CR00040,2025-08-20,327.99,Credit Card,TC00040,True
TT01722,U02937,CR00037,2025-06-14,0.0,PayPal,TC00042,False
TT01723,U02937,CR00045,2025-06-26,0.0,Bank Transfer,TC00040,False
TT01724,U02937,CR00013,2025-03-23,0.0,Credit Card,TC00042,False
TT01725,U02941,CR00054,2025-09-18,0.0,Credit Card,TC00040,False
TT01726,U02941,CR00052,2025-05-08,0.0,Credit Card,TC00042,False
TT01727,U02941,CR00033,2025-07-23,0.0,Credit Card,TC00040,False
TT01728,U02945,CR00002,2025-06-18,0.0,PayPal,TC00042,False
TT01729,U02945,CR00050,2025-06-12,490.9,Bank Transfer,TC00042,True
TT01730,U02945,CR00037,2025-04-22,0.0,PayPal,TC00040,False
TT01731,U02945,CR00058,2025-11-05,0.0,Credit Card,TC00040,False
TT01732,U02947,CR00018,2025-10-13,0.0,Credit Card,TC00040,False
TT01733,U02947,CR00050,2025-02-04,490.9,Bank Transfer,TC00042,True
TT01734,U02947,CR00022,2025-01-02,0.0,PayPal,TC00040,False
TT01735,U02958,CR00006,2025-01-24,276.37,Bank Transfer,TC00042,True
TT01736,U02958,CR00011,2025-03-12,326.02,PayPal,TC00040,True
TT01737,U02958,CR00009,2025-08-22,0.0,Credit Card,TC00040,False
TT01738,U02969,CR00023,2025-06-23,0.0,Bank Transfer,TC00040,False
TT01739,U02969,CR00060,2025-02-25,0.0,Credit Card,TC00040,False
TT01740,U02969,CR00029,2025-07-10,0.0,Bank Transfer,TC00042,False
TT01741,U02969,CR00035,2025-09-04,0.0,Bank Transfer,TC00040,False
TT01742,U02969,CR00018,2025-02-09,0.0,PayPal,TC00042,False
TT01743,U02971,CR00013,2025-11-05,0.0,PayPal,TC00040,False
TT01744,U02971,CR00045,2025-06-15,0.0,PayPal,TC00042,False
TT01745,U02971,CR00048,2025-12-05,0.0,Credit Card,TC00042,False
TT01746,U02974,CR00016,2025-05-19,0.0,Credit Card,TC00042,False
TT01747,U02974,CR00035,2025-01-11,0.0,Credit Card,TC00040,False
TT01748,U02974,CR00018,2025-03-27,0.0,Bank Transfer,TC00042,False
TT01749,U02976,CR00037,2025-05-18,0.0,PayPal,TC00040,False
TT01750,U02976,CR00030,2025-11-22,0.0,Bank Transfer,TC00042,False
TT01751,U02976,CR00033,2025-02-07,0.0,Credit Card,TC00040,False
TT01752,U02976,CR00001,2025-01-13,472.28,Bank Transfer,TC00042,True
TT01753,U02976,CR00040,2025-12-01,327.99,Credit Card,TC00040,True
TT01754,U02980,CR00007,2025-09-14,0.0,Bank Transfer,TC00040,False
TT01755,U02980,CR00026,2025-05-03,0.0,PayPal,TC00042,False
TT01756,U02980,CR00043,2025-05-03,0.0,Bank Transfer,TC00040,False
TT01757,U02981,CR00023,2025-12-25,0.0,PayPal,TC00040,False
TT01758,U02981,CR00015,2025-02-28,285.05,PayPal,TC00040,True
TT01759,U02981,CR00054,2025-09-16,0.0,PayPal,TC00040,False
TT01760,U02984,CR00040,2025-03-12,327.99,Bank Transfer,TC00040,True
TT01761,U02984,CR00036,2025-12-03,0.0,Credit Card,TC00040,False
TT01762,U02984,CR00021,2025-10-15,0.0,Credit Card,TC00042,False
TT01763,U02989,CR00038,2025-11-20,342.61,Bank Transfer,TC00042,True
TT01764,U02989,CR00031,2025-12-08,0.0,Bank Transfer,TC00040,False
TT01765,U02989,CR00058,2025-10-20,0.0,Credit Card,TC00042,False
TT01766,U02992,CR00040,2025-10-17,327.99,Bank Transfer,TC00040,True
TT01767,U02992,CR00012,2025-07-05,487.92,Bank Transfer,TC00040,True
TT01768,U02992,CR00023,2025-06-20,0.0,PayPal,TC00042,False
TT01769,U02992,CR00005,2025-10-30,0.0,Credit Card,TC00040,False
TT01770,U02994,CR00014,2025-08-06,0.0,PayPal,TC00040,False
TT01771,U02994,CR00046,2025-02-11,248.1,Bank Transfer,TC00042,True
TT01772,U02994,CR00004,2025-06-09,0.0,Credit Card,TC00040,False
TT01773,U02994,CR00015,2025-01-22,285.05,PayPal,TC00042,True
TT01774,U02994,CR00029,2025-03-12,0.0,Bank Transfer,TC00042,False
TT01775,U00005,CR00004,2025-12-03,0.0,Bank Transfer,TC00015,False
TT01776,U00005,CR00039,2025-09-11,346.71,PayPal,TC00060,True
TT01777,U00011,CR00053,2025-03-28,0.0,PayPal,TC00030,False
TT01778,U00011,CR00025,2025-09-24,299.57,Credit Card,TC00015,True
TT01779,U00014,CR00027,2025-04-11,0.0,Credit Card,TC00049,False
TT01780,U00019,CR00009,2025-11-10,0.0,Credit Card,TC00020,False
TT01781,U00021,CR00057,2025-04-08,177.34,Bank Transfer,TC00050,True
TT01782,U00021,CR00032,2025-05-08,0.0,PayPal,TC00001,False
TT01783,U00024,CR00033,2025-09-27,0.0,PayPal,TC00006,False
TT01784,U00027,CR00037,2025-07-25,0.0,PayPal,TC00060,False
TT01785,U00027,CR00032,2025-10-08,0.0,Credit Card,TC00006,False
TT01786,U00029,CR00011,2025-07-09,326.02,Credit Card,TC00052,True
TT01787,U00034,CR00043,2025-07-02,0.0,Bank Transfer,TC00005,False
TT01788,U00034,CR00046,2025-04-20,248.1,Bank Transfer,TC00030,True
TT01789,U00037,CR00032,2025-02-28,0.0,Bank Transfer,TC00001,False
TT01790,U00037,CR00045,2025-11-12,0.0,Credit Card,TC00005,False
TT01791,U00041,CR00058,2025-06-10,0.0,Bank Transfer,TC00020,False
TT01792,U00041,CR00011,2025-05-28,326.02,Bank Transfer,TC00052,True
TT01793,U00042,CR00047,2025-10-27,89.59,Bank Transfer,TC00029,True
TT01794,U00043,CR00040,2025-08-29,327.99,Credit Card,TC00060,True
TT01795,U00057,CR00012,2025-06-10,487.92,Credit Card,TC00052,True
TT01796,U00063,CR00004,2025-01-22,0.0,PayPal,TC00030,False
TT01797,U00063,CR00025,2025-02-03,299.57,Bank Transfer,TC00015,True
TT01798,U00066,CR00040,2025-04-12,327.99,Credit Card,TC00060,True
TT01799,U00068,CR00037,2025-03-29,0.0,PayPal,TC00060,False
TT01800,U00073,CR00028,2025-06-23,0.78,Bank Transfer,TC00049,True
TT01801,U00075,CR00010,2025-11-12,0.0,Bank Transfer,TC00035,False
TT01802,U00078,CR00020,2025-04-09,0.0,PayPal,TC00030,False
TT01803,U00091,CR00043,2025-10-30,0.0,PayPal,TC00039,False
TT01804,U00094,CR00025,2025-02-11,299.57,Credit Card,TC00015,True
TT01805,U00097,CR00027,2025-07-10,0.0,Credit Card,TC00049,False
TT01806,U00097,CR00032,2025-07-07,0.0,Bank Transfer,TC00032,False
TT01807,U00102,CR00025,2025-10-01,299.57,Bank Transfer,TC00015,True
TT01808,U00104,CR00041,2025-10-29,53.86,Credit Card,TC00005,True
TT01809,U00106,CR00060,2025-10-22,0.0,Credit Card,TC00019,False
TT01810,U00106,CR00055,2025-12-01,57.32,Bank Transfer,TC00050,True
TT01811,U00110,CR00012,2025-12-05,487.92,Bank Transfer,TC00052,True
TT01812,U00114,CR00032,2025-02-22,0.0,Bank Transfer,TC00001,False
TT01813,U00118,CR00013,2025-03-12,0.0,Bank Transfer,TC00052,False
TT01814,U00120,CR00054,2025-04-09,0.0,Credit Card,TC00029,False
TT01815,U00120,CR00049,2025-03-06,415.51,Credit Card,TC00029,True
TT01816,U00121,CR00040,2025-11-22,327.99,Credit Card,TC00060,True
TT01817,U00121,CR00028,2025-06-08,0.78,Bank Transfer,TC00049,True
TT01818,U00123,CR00025,2025-05-02,299.57,Credit Card,TC00057,True
TT01819,U00123,CR00055,2025-10-21,57.32,PayPal,TC00020,True
TT01820,U00124,CR00056,2025-09-07,212.39,Credit Card,TC00019,True
TT01821,U00124,CR00046,2025-02-28,248.1,PayPal,TC00030,True
TT01822,U00129,CR00049,2025-01-23,415.51,PayPal,TC00030,True
TT01823,U00129,CR00059,2025-03-19,0.0,Credit Card,TC00013,False
TT01824,U00136,CR00014,2025-03-23,0.0,Bank Transfer,TC00052,False
TT01825,U00138,CR00029,2025-01-21,0.0,PayPal,TC00049,False
TT01826,U00138,CR00007,2025-08-11,0.0,PayPal,TC00005,False
TT01827,U00140,CR00059,2025-02-19,0.0,Credit Card,TC00035,False
TT01828,U00140,CR00041,2025-03-26,53.86,Credit Card,TC00005,True
TT01829,U00145,CR00035,2025-02-26,0.0,Bank Transfer,TC00006,False
TT01830,U00155,CR00042,2025-01-19,0.0,PayPal,TC00039,False
TT01831,U00155,CR00054,2025-05-19,0.0,Bank Transfer,TC00052,False
TT01832,U00157,CR00056,2025-12-18,212.39,Credit Card,TC00035,True
TT01833,U00157,CR00031,2025-05-07,0.0,Credit Card,TC00032,False
TT01834,U00159,CR00041,2025-04-16,53.86,Bank Transfer,TC00039,True
TT01835,U00159,CR00030,2025-03-09,0.0,Credit Card,TC00049,False
TT01836,U00164,CR00027,2025-05-15,0.0,Bank Transfer,TC00049,False
TT01837,U00164,CR00026,2025-09-11,0.0,PayPal,TC00049,False
TT01838,U00168,CR00011,2025-09-20,326.02,PayPal,TC00052,True
TT01839,U00171,CR00036,2025-09-29,0.0,PayPal,TC00060,False
TT01840,U00171,CR00037,2025-06-24,0.0,Bank Transfer,TC00060,False
TT01841,U00175,CR00005,2025-10-07,0.0,Bank Transfer,TC00049,False
TT01842,U00175,CR00050,2025-01-01,490.9,PayPal,TC00029,True
TT01843,U00179,CR00012,2025-11-18,487.92,Credit Card,TC00052,True
TT01844,U00179,CR00030,2025-08-27,0.0,PayPal,TC00049,False
TT01845,U00180,CR00026,2025-09-26,0.0,Credit Card,TC00049,False
TT01846,U00196,CR00034,2025-07-04,394.26,PayPal,TC00032,True
TT01847,U00203,CR00054,2025-01-10,0.0,Credit Card,TC00049,False
TT01848,U00203,CR00011,2025-07-22,326.02,Bank Transfer,TC00052,True
TT01849,U00205,CR00038,2025-06-12,342.61,Credit Card,TC00060,True
TT01850,U00206,CR00047,2025-05-06,89.59,Credit Card,TC00030,True
TT01851,U00207,CR00057,2025-11-11,177.34,Bank Transfer,TC00019,True
TT01852,U00207,CR00005,2025-07-17,0.0,Credit Card,TC00057,False
TT01853,U00210,CR00051,2025-02-20,37.89,PayPal,TC00048,True
TT01854,U00210,CR00030,2025-03-29,0.0,Credit Card,TC00049,False
TT01855,U00212,CR00036,2025-07-04,0.0,Credit Card,TC00060,False
TT01856,U00212,CR00003,2025-04-24,0.0,Bank Transfer,TC00006,False
TT01857,U00217,CR00051,2025-05-02,37.89,Credit Card,TC00005,True
TT01858,U00227,CR00042,2025-03-04,0.0,PayPal,TC00039,False
TT01859,U00227,CR00009,2025-06-04,0.0,Credit Card,TC00005,False
TT01860,U00229,CR00022,2025-05-22,0.0,Credit Card,TC00015,False
TT01861,U00229,CR00027,2025-01-18,0.0,PayPal,TC00049,False
TT01862,U00230,CR00058,2025-11-28,0.0,PayPal,TC00035,False
TT01863,U00230,CR00044,2025-11-01,119.04,Bank Transfer,TC00048,True
TT01864,U00231,CR00056,2025-06-27,212.39,PayPal,TC00050,True
TT01865,U00231,CR00028,2025-03-30,0.78,Bank Transfer,TC00049,True
TT01866,U00237,CR00014,2025-11-27,0.0,PayPal,TC00052,False
TT01867,U00239,CR00058,2025-05-01,0.0,PayPal,TC00050,False
TT01868,U00242,CR00057,2025-01-18,177.34,Credit Card,TC00013,True
TT01869,U00242,CR00047,2025-03-27,89.59,Bank Transfer,TC00030,True
TT01870,U00245,CR00043,2025-07-20,0.0,PayPal,TC00039,False
TT01871,U00254,CR00035,2025-08-02,0.0,Credit Card,TC00006,False
TT01872,U00255,CR00034,2025-07-12,394.26,PayPal,TC00006,True
TT01873,U00268,CR00021,2025-05-22,0.0,PayPal,TC00015,False
TT01874,U00274,CR00014,2025-09-02,0.0,PayPal,TC00052,False
TT01875,U00274,CR00057,2025-04-07,177.34,PayPal,TC00035,True
TT01876,U00280,CR00025,2025-04-11,299.57,Credit Card,TC00057,True
TT01877,U00296,CR00057,2025-01-08,177.34,PayPal,TC00035,True
TT01878,U00296,CR00037,2025-05-17,0.0,PayPal,TC00060,False
TT01879,U00297,CR00060,2025-06-26,0.0,Credit Card,TC00019,False
TT01880,U00300,CR00012,2025-12-20,487.92,PayPal,TC00052,True
TT01881,U00300,CR00052,2025-12-03,0.0,PayPal,TC00015,False
TT01882,U00311,CR00014,2025-07-05,0.0,PayPal,TC00052,False
TT01883,U00312,CR00037,2025-06-30,0.0,Bank Transfer,TC00060,False
TT01884,U00350,CR00047,2025-10-13,89.59,PayPal,TC00029,True
TT01885,U00350,CR00035,2025-04-22,0.0,Bank Transfer,TC00032,False
TT01886,U00367,CR00053,2025-07-03,0.0,Credit Card,TC00029,False
TT01887,U00371,CR00023,2025-08-22,0.0,Bank Transfer,TC00015,False
TT01888,U00375,CR00011,2025-10-25,326.02,Bank Transfer,TC00052,True
TT01889,U00384,CR00018,2025-10-26,0.0,Credit Card,TC00020,False
TT01890,U00384,CR00025,2025-05-08,299.57,Credit Card,TC00057,True
TT01891,U00388,CR00038,2025-01-07,342.61,Bank Transfer,TC00060,True
TT01892,U00392,CR00040,2025-09-09,327.99,Bank Transfer,TC00060,True
TT01893,U00400,CR00027,2025-04-09,0.0,Bank Transfer,TC00049,False
TT01894,U00400,CR00003,2025-05-20,0.0,PayPal,TC00005,False
TT01895,U00401,CR00023,2025-12-08,0.0,PayPal,TC00015,False
TT01896,U00401,CR00004,2025-02-02,0.0,PayPal,TC00029,False
TT01897,U00403,CR00042,2025-05-08,0.0,PayPal,TC00039,False
TT01898,U00405,CR00038,2025-12-04,342.61,Bank Transfer,TC00060,True
TT01899,U00405,CR00039,2025-05-28,346.71,PayPal,TC00060,True
TT01900,U00409,CR00020,2025-02-23,0.0,PayPal,TC00020,False
TT01901,U00409,CR00045,2025-01-13,0.0,Credit Card,TC00005,False
TT01902,U00416,CR00022,2025-01-11,0.0,Bank Transfer,TC00057,False
TT01903,U00416,CR00052,2025-01-27,0.0,PayPal,TC00049,False
TT01904,U00417,CR00048,2025-09-26,0.0,Bank Transfer,TC00030,False
TT01905,U00417,CR00052,2025-04-13,0.0,Bank Transfer,TC00032,False
TT01906,U00436,CR00050,2025-04-21,490.9,Bank Transfer,TC00030,True
TT01907,U00443,CR00050,2025-12-15,490.9,PayPal,TC00029,True
TT01908,U00443,CR00012,2025-11-10,487.92,PayPal,TC00052,True
TT01909,U00460,CR00022,2025-12-16,0.0,Credit Card,TC00015,False
TT01910,U00460,CR00049,2025-02-26,415.51,PayPal,TC00030,True
TT01911,U00466,CR00056,2025-12-09,212.39,Credit Card,TC00019,True
TT01912,U00466,CR00016,2025-08-25,0.0,Credit Card,TC00005,False
TT01913,U00469,CR00029,2025-10-27,0.0,Bank Transfer,TC00049,False
TT01914,U00469,CR00053,2025-08-24,0.0,Credit Card,TC00029,False
TT01915,U00474,CR00055,2025-10-07,57.32,Bank Transfer,TC00049,True
TT01916,U00476,CR00006,2025-04-21,276.37,Credit Card,TC00019,True
TT01917,U00476,CR00045,2025-10-25,0.0,PayPal,TC00005,False
TT01918,U00478,CR00030,2025-06-18,0.0,Bank Transfer,TC00049,False
TT01919,U00478,CR00055,2025-08-14,57.32,Credit Card,TC00029,True
TT01920,U00484,CR00023,2025-04-28,0.0,Credit Card,TC00015,False
TT01921,U00484,CR00002,2025-06-21,0.0,Bank Transfer,TC00015,False
TT01922,U00485,CR00036,2025-10-05,0.0,Credit Card,TC00060,False
TT01923,U00496,CR00032,2025-12-18,0.0,PayPal,TC00006,False
TT01924,U00504,CR00054,2025-07-24,0.0,PayPal,TC00032,False
TT01925,U00504,CR00033,2025-03-04,0.0,PayPal,TC00006,False
TT01926,U00506,CR00021,2025-02-25,0.0,Credit Card,TC00015,False
TT01927,U00507,CR00057,2025-04-28,177.34,Bank Transfer,TC00035,True
TT01928,U00507,CR00023,2025-07-06,0.0,Bank Transfer,TC00057,False
TT01929,U00512,CR00011,2025-10-03,326.02,Bank Transfer,TC00052,True
TT01930,U00512,CR00045,2025-07-15,0.0,Bank Transfer,TC00039,False
TT01931,U00521,CR00027,2025-05-01,0.0,PayPal,TC00049,False
TT01932,U00524,CR00044,2025-06-25,119.04,PayPal,TC00005,True
TT01933,U00524,CR00043,2025-12-03,0.0,Bank Transfer,TC00005,False
TT01934,U00531,CR00034,2025-04-04,394.26,Credit Card,TC00032,True
TT01935,U00531,CR00058,2025-10-08,0.0,PayPal,TC00035,False
TT01936,U00533,CR00007,2025-06-26,0.0,Bank Transfer,TC00035,False
TT01937,U00533,CR00016,2025-10-25,0.0,PayPal,TC00015,False
TT01938,U00550,CR00007,2025-04-08,0.0,PayPal,TC00006,False
TT01939,U00550,CR00053,2025-03-05,0.0,Credit Card,TC00035,False
TT01940,U00552,CR00004,2025-12-10,0.0,Credit Card,TC00013,False
TT01941,U00552,CR00029,2025-04-13,0.0,Bank Transfer,TC00049,False
TT01942,U00555,CR00049,2025-12-30,415.51,Credit Card,TC00029,True
TT01943,U00557,CR00017,2025-02-22,0.0,Bank Transfer,TC00020,False
TT01944,U00557,CR00028,2025-04-20,0.78,PayPal,TC00049,True
TT01945,U00558,CR00043,2025-09-24,0.0,Bank Transfer,TC00005,False
TT01946,U00560,CR00025,2025-01-29,299.57,Bank Transfer,TC00015,True
TT01947,U00560,CR00050,2025-02-06,490.9,Credit Card,TC00029,True
TT01948,U00563,CR00058,2025-08-10,0.0,Credit Card,TC00019,False
TT01949,U00563,CR00013,2025-05-04,0.0,PayPal,TC00052,False
TT01950,U00565,CR00060,2025-08-07,0.0,PayPal,TC00050,False
TT01951,U00565,CR00046,2025-01-18,248.1,Credit Card,TC00029,True
TT01952,U00567,CR00015,2025-03-20,285.05,PayPal,TC00052,True
TT01953,U00581,CR00047,2025-11-14,89.59,Bank Transfer,TC00030,True
TT01954,U00581,CR00053,2025-06-30,0.0,Credit Card,TC00006,False
TT01955,U00583,CR00032,2025-03-01,0.0,PayPal,TC00001,False
TT01956,U00587,CR00039,2025-09-17,346.71,PayPal,TC00060,True
TT01957,U00587,CR00003,2025-01-28,0.0,Bank Transfer,TC00035,False
TT01958,U00588,CR00055,2025-05-12,57.32,Credit Card,TC00001,True
TT01959,U00590,CR00014,2025-11-30,0.0,PayPal,TC00052,False
TT01960,U00591,CR00060,2025-02-11,0.0,PayPal,TC00020,False
TT01961,U00591,CR00021,2025-08-07,0.0,PayPal,TC00015,False
TT01962,U00596,CR00057,2025-06-19,177.34,Bank Transfer,TC00035,True
TT01963,U00596,CR00054,2025-06-11,0.0,Credit Card,TC00019,False
TT01964,U00611,CR00023,2025-08-29,0.0,PayPal,TC00015,False
TT01965,U00611,CR00049,2025-09-03,415.51,PayPal,TC00029,True
TT01966,U00613,CR00050,2025-02-27,490.9,Bank Transfer,TC00029,True
TT01967,U00613,CR00005,2025-09-25,0.0,Credit Card,TC00005,False
TT01968,U00616,CR00033,2025-08-12,0.0,Bank Transfer,TC00006,False
TT01969,U00616,CR00060,2025-11-03,0.0,Credit Card,TC00035,False
TT01970,U00624,CR00054,2025-05-08,0.0,PayPal,TC00060,False
TT01971,U00624,CR00009,2025-02-25,0.0,Bank Transfer,TC00029,False
TT01972,U00635,CR00026,2025-03-27,0.0,PayPal,TC00049,False
TT01973,U00645,CR00025,2025-08-01,299.57,Bank Transfer,TC00057,True
TT01974,U00653,CR00039,2025-06-30,346.71,Bank Transfer,TC00060,True
TT01975,U00655,CR00041,2025-03-02,53.86,Credit Card,TC00039,True
TT01976,U00657,CR00047,2025-08-07,89.59,PayPal,TC00029,True
TT01977,U00659,CR00043,2025-09-06,0.0,PayPal,TC00039,False
TT01978,U00659,CR00036,2025-08-19,0.0,Bank Transfer,TC00060,False
TT01979,U00665,CR00051,2025-06-10,37.89,Bank Transfer,TC00035,True
TT01980,U00673,CR00051,2025-07-07,37.89,PayPal,TC00048,True
TT01981,U00673,CR00038,2025-06-16,342.61,Credit Card,TC00060,True
TT01982,U00675,CR00018,2025-03-03,0.0,PayPal,TC00052,False
TT01983,U00681,CR00037,2025-02-22,0.0,PayPal,TC00060,False
TT01984,U00681,CR00014,2025-02-17,0.0,Bank Transfer,TC00052,False
TT01985,U00688,CR00027,2025-04-01,0.0,PayPal,TC00049,False
TT01986,U00688,CR00028,2025-10-29,0.78,Credit Card,TC00049,True
TT01987,U00699,CR00027,2025-01-11,0.0,Bank Transfer,TC00049,False
TT01988,U00699,CR00016,2025-08-27,0.0,PayPal,TC00015,False
TT01989,U00700,CR00024,2025-04-17,117.68,Credit Card,TC00015,True
TT01990,U00706,CR00025,2025-05-16,299.57,PayPal,TC00057,True
TT01991,U00706,CR00012,2025-11-05,487.92,PayPal,TC00052,True
TT01992,U00711,CR00040,2025-01-08,327.99,Credit Card,TC00060,True
TT01993,U00711,CR00054,2025-03-12,0.0,PayPal,TC00039,False
TT01994,U00713,CR00001,2025-01-05,472.28,PayPal,TC00019,True
TT01995,U00719,CR00024,2025-09-27,117.68,Credit Card,TC00015,True
TT01996,U00730,CR00019,2025-06-21,0.0,PayPal,TC00030,False
TT01997,U00730,CR00012,2025-08-13,487.92,Bank Transfer,TC00052,True
TT01998,U00731,CR00015,2025-09-17,285.05,PayPal,TC00052,True
TT01999,U00731,CR00054,2025-05-06,0.0,Credit Card,TC00019,False
TT02000,U00733,CR00007,2025-04-27,0.0,PayPal,TC00029,False
TT02001,U00740,CR00040,2025-09-25,327.99,Credit Card,TC00060,True
TT02002,U00745,CR00014,2025-06-28,0.0,PayPal,TC00052,False
TT02003,U00745,CR00008,2025-11-22,0.0,Bank Transfer,TC00006,False
TT02004,U00746,CR00013,2025-11-11,0.0,Credit Card,TC00052,False
TT02005,U00746,CR00006,2025-03-26,276.37,PayPal,TC00005,True
TT02006,U00754,CR00050,2025-12-18,490.9,PayPal,TC00030,True
TT02007,U00755,CR00031,2025-07-25,0.0,Bank Transfer,TC00001,False
TT02008,U00783,CR00023,2025-03-24,0.0,Credit Card,TC00057,False
TT02009,U00783,CR00055,2025-06-18,57.32,PayPal,TC00057,True
TT02010,U00784,CR00025,2025-09-16,299.57,Bank Transfer,TC00057,True
TT02011,U00784,CR00036,2025-06-28,0.0,PayPal,TC00060,False
TT02012,U00790,CR00039,2025-04-02,346.71,PayPal,TC00060,True
TT02013,U00790,CR00028,2025-09-02,0.78,PayPal,TC00049,True
TT02014,U00791,CR00033,2025-09-16,0.0,Bank Transfer,TC00032,False
TT02015,U00791,CR00047,2025-12-16,89.59,Credit Card,TC00029,True
TT02016,U00792,CR00039,2025-01-25,346.71,Credit Card,TC00060,True
TT02017,U00796,CR00056,2025-07-07,212.39,Bank Transfer,TC00020,True
TT02018,U00796,CR00005,2025-07-14,0.0,PayPal,TC00001,False
TT02019,U00799,CR00022,2025-08-02,0.0,PayPal,TC00057,False
TT02020,U00799,CR00052,2025-03-02,0.0,PayPal,TC00019,False
TT02021,U00810,CR00006,2025-11-01,276.37,Bank Transfer,TC00035,True
TT02022,U00818,CR00017,2025-02-28,0.0,Bank Transfer,TC00006,False
TT02023,U00822,CR00002,2025-02-25,0.0,Bank Transfer,TC00039,False
TT02024,U00823,CR00056,2025-03-03,212.39,PayPal,TC00019,True
TT02025,U00827,CR00016,2025-04-09,0.0,PayPal,TC00032,False
TT02026,U00827,CR00042,2025-02-25,0.0,Bank Transfer,TC00039,False
TT02027,U00839,CR00035,2025-08-13,0.0,Bank Transfer,TC00032,False
TT02028,U00841,CR00031,2025-07-29,0.0,PayPal,TC00032,False
TT02029,U00842,CR00047,2025-12-20,89.59,Bank Transfer,TC00030,True
TT02030,U00842,CR00004,2025-01-26,0.0,PayPal,TC00039,False
TT02031,U00854,CR00025,2025-12-12,299.57,Bank Transfer,TC00057,True
TT02032,U00854,CR00019,2025-12-26,0.0,PayPal,TC00006,False
TT02033,U00862,CR00012,2025-06-30,487.92,Bank Transfer,TC00052,True
TT02034,U00864,CR00013,2025-08-25,0.0,Bank Transfer,TC00052,False
TT02035,U00868,CR00060,2025-06-13,0.0,Bank Transfer,TC00019,False
TT02036,U00869,CR00018,2025-01-12,0.0,Credit Card,TC00048,False
TT02037,U00873,CR00010,2025-08-30,0.0,Bank Transfer,TC00032,False
TT02038,U00886,CR00030,2025-09-14,0.0,Credit Card,TC00049,False
TT02039,U00886,CR00005,2025-01-10,0.0,Bank Transfer,TC00029,False
TT02040,U00887,CR00060,2025-12-30,0.0,Credit Card,TC00019,False
TT02041,U00890,CR00005,2025-12-22,0.0,Bank Transfer,TC00057,False
TT02042,U00890,CR00025,2025-04-09,299.57,Credit Card,TC00015,True
TT02043,U00891,CR00017,2025-12-04,0.0,Bank Transfer,TC00019,False
TT02044,U00891,CR00021,2025-07-03,0.0,Credit Card,TC00057,False
TT02045,U00899,CR00018,2025-10-08,0.0,Bank Transfer,TC00015,False
TT02046,U00900,CR00033,2025-02-05,0.0,Bank Transfer,TC00032,False
TT02047,U00900,CR00044,2025-02-22,119.04,Credit Card,TC00005,True
TT02048,U00914,CR00020,2025-08-29,0.0,Bank Transfer,TC00050,False
TT02049,U00918,CR00025,2025-05-05,299.57,Credit Card,TC00057,True
TT02050,U00926,CR00043,2025-01-25,0.0,Credit Card,TC00048,False
TT02051,U00926,CR00038,2025-12-05,342.61,PayPal,TC00060,True
TT02052,U00931,CR00024,2025-05-04,117.68,Bank Transfer,TC00015,True
TT02053,U00937,CR00027,2025-12-28,0.0,Bank Transfer,TC00049,False
TT02054,U00938,CR00009,2025-05-27,0.0,PayPal,TC00057,False
TT02055,U00943,CR00018,2025-06-07,0.0,Credit Card,TC00050,False
TT02056,U00943,CR00032,2025-08-13,0.0,Credit Card,TC00006,False
TT02057,U00944,CR00024,2025-06-18,117.68,Bank Transfer,TC00015,True
TT02058,U00951,CR00038,2025-09-11,342.61,Bank Transfer,TC00060,True
TT02059,U00951,CR00059,2025-01-12,0.0,PayPal,TC00035,False
TT02060,U00954,CR00016,2025-08-10,0.0,PayPal,TC00013,False
TT02061,U00954,CR00013,2025-08-19,0.0,Credit Card,TC00052,False
TT02062,U00964,CR00019,2025-12-20,0.0,PayPal,TC00001,False
TT02063,U00968,CR00054,2025-04-24,0.0,PayPal,TC00029,False
TT02064,U00968,CR00030,2025-06-15,0.0,PayPal,TC00049,False
TT02065,U00970,CR00015,2025-05-04,285.05,Credit Card,TC00052,True
TT02066,U00980,CR00045,2025-04-24,0.0,Bank Transfer,TC00048,False
TT02067,U00983,CR00013,2025-07-16,0.0,PayPal,TC00052,False
TT02068,U00984,CR00049,2025-02-01,415.51,Bank Transfer,TC00030,True
TT02069,U00986,CR00035,2025-02-26,0.0,PayPal,TC00001,False
TT02070,U00986,CR00032,2025-12-06,0.0,PayPal,TC00006,False
TT02071,U00999,CR00009,2025-06-08,0.0,Bank Transfer,TC00032,False
TT02072,U01001,CR00037,2025-09-22,0.0,Bank Transfer,TC00060,False
TT02073,U01002,CR00014,2025-06-03,0.0,PayPal,TC00052,False
TT02074,U01004,CR00049,2025-06-03,415.51,Bank Transfer,TC00030,True
TT02075,U01006,CR00002,2025-04-29,0.0,Bank Transfer,TC00050,False
TT02076,U01006,CR00051,2025-11-12,37.89,PayPal,TC00005,True
TT02077,U01008,CR00004,2025-02-21,0.0,PayPal,TC00019,False
TT02078,U01008,CR00021,2025-07-10,0.0,Credit Card,TC00057,False
TT02079,U01016,CR00055,2025-03-02,57.32,Bank Transfer,TC00049,True
TT02080,U01016,CR00045,2025-01-03,0.0,Credit Card,TC00005,False
TT02081,U01017,CR00015,2025-02-24,285.05,Bank Transfer,TC00052,True
TT02082,U01017,CR00011,2025-01-12,326.02,Bank Transfer,TC00052,True
TT02083,U01018,CR00043,2025-12-02,0.0,PayPal,TC00039,False
TT02084,U01019,CR00043,2025-12-19,0.0,Credit Card,TC00005,False
TT02085,U01021,CR00009,2025-08-23,0.0,PayPal,TC00060,False
TT02086,U01021,CR00052,2025-04-11,0.0,Bank Transfer,TC00019,False
TT02087,U01025,CR00050,2025-07-22,490.9,Bank Transfer,TC00030,True
TT02088,U01026,CR00043,2025-12-23,0.0,Bank Transfer,TC00048,False
TT02089,U01037,CR00049,2025-05-24,415.51,PayPal,TC00029,True
TT02090,U01039,CR00035,2025-11-17,0.0,PayPal,TC00006,False
TT02091,U01048,CR00027,2025-03-03,0.0,Credit Card,TC00049,False
TT02092,U01051,CR00018,2025-08-20,0.0,Credit Card,TC00060,False
TT02093,U01051,CR00010,2025-09-24,0.0,Bank Transfer,TC00052,False
TT02094,U01052,CR00026,2025-09-24,0.0,Credit Card,TC00049,False
TT02095,U01052,CR00009,2025-03-22,0.0,Credit Card,TC00020,False
TT02096,U01055,CR00026,2025-01-26,0.0,Credit Card,TC00049,False
TT02097,U01064,CR00012,2025-10-30,487.92,Credit Card,TC00052,True
TT02098,U01064,CR00036,2025-05-17,0.0,Credit Card,TC00060,False
TT02099,U01068,CR00021,2025-05-25,0.0,Bank Transfer,TC00057,False
TT02100,U01068,CR00035,2025-10-04,0.0,Bank Transfer,TC00006,False
TT02101,U01072,CR00040,2025-05-03,327.99,PayPal,TC00060,True
TT02102,U01077,CR00050,2025-02-07,490.9,PayPal,TC00030,True
TT02103,U01077,CR00060,2025-05-02,0.0,Credit Card,TC00019,False
TT02104,U01078,CR00019,2025-07-09,0.0,Bank Transfer,TC00052,False
TT02105,U01078,CR00007,2025-03-24,0.0,PayPal,TC00013,False
TT02106,U01090,CR00030,2025-06-12,0.0,Bank Transfer,TC00049,False
TT02107,U01090,CR00059,2025-08-11,0.0,PayPal,TC00019,False
TT02108,U01091,CR00020,2025-09-23,0.0,PayPal,TC00049,False
TT02109,U01091,CR00026,2025-10-28,0.0,Bank Transfer,TC00049,False
TT02110,U01094,CR00026,2025-03-29,0.0,Bank Transfer,TC00049,False
TT02111,U01094,CR00015,2025-12-13,285.05,PayPal,TC00052,True
TT02112,U01095,CR00009,2025-03-02,0.0,Credit Card,TC00013,False
TT02113,U01101,CR00018,2025-08-06,0.0,PayPal,TC00048,False
TT02114,U01110,CR00051,2025-04-24,37.89,Bank Transfer,TC00001,True
TT02115,U01110,CR00053,2025-10-23,0.0,Bank Transfer,TC00020,False
TT02116,U01125,CR00026,2025-07-21,0.0,PayPal,TC00049,False
TT02117,U01125,CR00014,2025-05-27,0.0,Credit Card,TC00052,False
TT02118,U01126,CR00020,2025-12-11,0.0,Credit Card,TC00019,False
TT02119,U01126,CR00036,2025-10-18,0.0,Bank Transfer,TC00060,False
TT02120,U01128,CR00036,2025-01-09,0.0,Bank Transfer,TC00060,False
TT02121,U01128,CR00042,2025-01-09,0.0,PayPal,TC00005,False
TT02122,U01136,CR00056,2025-06-01,212.39,Credit Card,TC00035,True
TT02123,U01138,CR00047,2025-08-18,89.59,Bank Transfer,TC00029,True
TT02124,U01142,CR00036,2025-10-10,0.0,PayPal,TC00060,False
TT02125,U01142,CR00027,2025-09-25,0.0,Bank Transfer,TC00049,False
TT02126,U01148,CR00033,2025-06-10,0.0,Bank Transfer,TC00001,False
TT02127,U01148,CR00053,2025-08-04,0.0,Bank Transfer,TC00019,False
TT02128,U01161,CR00042,2025-07-04,0.0,PayPal,TC00048,False
TT02129,U01166,CR00015,2025-06-08,285.05,PayPal,TC00052,True
TT02130,U01166,CR00053,2025-06-19,0.0,Credit Card,TC00030,False
TT02131,U01174,CR00047,2025-02-04,89.59,PayPal,TC00029,True
TT02132,U01185,CR00006,2025-03-15,276.37,PayPal,TC00029,True
TT02133,U01185,CR00034,2025-02-12,394.26,Bank Transfer,TC00032,True
TT02134,U01189,CR00020,2025-01-10,0.0,Credit Card,TC00020,False
TT02135,U01193,CR00008,2025-02-04,0.0,Credit Card,TC00057,False
TT02136,U01193,CR00012,2025-12-20,487.92,Credit Card,TC00052,True
TT02137,U01200,CR00052,2025-02-28,0.0,Credit Card,TC00005,False
TT02138,U01201,CR00057,2025-07-25,177.34,Bank Transfer,TC00013,True
TT02139,U01202,CR00010,2025-09-16,0.0,Credit Card,TC00015,False
TT02140,U01209,CR00009,2025-04-17,0.0,Credit Card,TC00030,False
TT02141,U01209,CR00054,2025-03-01,0.0,Bank Transfer,TC00013,False
TT02142,U01211,CR00050,2025-02-09,490.9,PayPal,TC00030,True
TT02143,U01214,CR00027,2025-10-05,0.0,PayPal,TC00049,False
TT02144,U01216,CR00051,2025-06-10,37.89,Bank Transfer,TC00006,True
TT02145,U01218,CR00012,2025-08-19,487.92,Credit Card,TC00052,True
TT02146,U01225,CR00042,2025-05-14,0.0,Credit Card,TC00005,False
TT02147,U01225,CR00021,2025-09-16,0.0,Credit Card,TC00015,False
TT02148,U01229,CR00021,2025-08-07,0.0,Bank Transfer,TC00015,False
TT02149,U01229,CR00048,2025-11-10,0.0,PayPal,TC00030,False
TT02150,U01241,CR00010,2025-12-08,0.0,PayPal,TC00052,False
TT02151,U01241,CR00013,2025-06-12,0.0,Credit Card,TC00052,False
TT02152,U01242,CR00051,2025-08-30,37.89,Credit Card,TC00013,True
TT02153,U01242,CR00032,2025-12-26,0.0,PayPal,TC00006,False
TT02154,U01243,CR00011,2025-05-25,326.02,PayPal,TC00052,True
TT02155,U01243,CR00007,2025-10-20,0.0,Credit Card,TC00015,False
TT02156,U01246,CR00030,2025-12-27,0.0,Bank Transfer,TC00049,False
TT02157,U01246,CR00014,2025-05-11,0.0,Credit Card,TC00052,False
TT02158,U01247,CR00023,2025-07-09,0.0,Bank Transfer,TC00015,False
TT02159,U01251,CR00013,2025-12-09,0.0,PayPal,TC00052,False
TT02160,U01251,CR00019,2025-06-15,0.0,PayPal,TC00030,False
TT02161,U01257,CR00017,2025-05-18,0.0,PayPal,TC00035,False
TT02162,U01257,CR00031,2025-12-14,0.0,Bank Transfer,TC00032,False
TT02163,U01259,CR00034,2025-12-06,394.26,Bank Transfer,TC00001,True
TT02164,U01260,CR00022,2025-01-05,0.0,Credit Card,TC00057,False
TT02165,U01269,CR00011,2025-08-25,326.02,PayPal,TC00052,True
TT02166,U01271,CR00031,2025-06-25,0.0,Credit Card,TC00032,False
TT02167,U01276,CR00042,2025-04-19,0.0,Bank Transfer,TC00048,False
TT02168,U01276,CR00021,2025-11-30,0.0,PayPal,TC00015,False
TT02169,U01278,CR00054,2025-07-04,0.0,Credit Card,TC00020,False
TT02170,U01278,CR00047,2025-08-20,89.59,Credit Card,TC00029,True
TT02171,U01301,CR00058,2025-12-29,0.0,Credit Card,TC00013,False
TT02172,U01302,CR00010,2025-04-09,0.0,PayPal,TC00048,False
TT02173,U01302,CR00054,2025-09-30,0.0,PayPal,TC00015,False
TT02174,U01317,CR00045,2025-07-27,0.0,PayPal,TC00039,False
TT02175,U01323,CR00003,2025-06-27,0.0,PayPal,TC00006,False
TT02176,U01323,CR00037,2025-04-02,0.0,Bank Transfer,TC00060,False
TT02177,U01329,CR00006,2025-10-29,276.37,Bank Transfer,TC00001,True
TT02178,U01330,CR00013,2025-01-07,0.0,Credit Card,TC00052,False
TT02179,U01330,CR00048,2025-08-14,0.0,PayPal,TC00029,False
TT02180,U01348,CR00031,2025-06-30,0.0,Bank Transfer,TC00001,False
TT02181,U01348,CR00009,2025-06-24,0.0,Credit Card,TC00030,False
TT02182,U01351,CR00028,2025-08-07,0.78,PayPal,TC00049,True
TT02183,U01351,CR00037,2025-10-29,0.0,Bank Transfer,TC00060,False
TT02184,U01358,CR00051,2025-02-21,37.89,Credit Card,TC00006,True
TT02185,U01367,CR00036,2025-03-03,0.0,PayPal,TC00060,False
TT02186,U01369,CR00023,2025-04-28,0.0,Credit Card,TC00015,False
TT02187,U01382,CR00011,2025-08-21,326.02,Bank Transfer,TC00052,True
TT02188,U01385,CR00043,2025-11-09,0.0,Credit Card,TC00048,False
TT02189,U01388,CR00007,2025-05-09,0.0,Bank Transfer,TC00015,False
TT02190,U01401,CR00040,2025-11-06,327.99,PayPal,TC00060,True
TT02191,U01416,CR00035,2025-03-01,0.0,PayPal,TC00001,False
TT02192,U01416,CR00011,2025-09-10,326.02,Bank Transfer,TC00052,True
TT02193,U01417,CR00039,2025-03-29,346.71,Bank Transfer,TC00060,True
TT02194,U01417,CR00036,2025-10-19,0.0,Bank Transfer,TC00060,False
TT02195,U01419,CR00005,2025-01-27,0.0,Bank Transfer,TC00005,False
TT02196,U01419,CR00040,2025-02-14,327.99,Credit Card,TC00060,True
TT02197,U01431,CR00020,2025-09-23,0.0,PayPal,TC00030,False
TT02198,U01431,CR00033,2025-04-13,0.0,PayPal,TC00001,False
TT02199,U01434,CR00047,2025-12-29,89.59,Bank Transfer,TC00030,True
TT02200,U01434,CR00028,2025-01-16,0.78,PayPal,TC00049,True
TT02201,U01439,CR00040,2025-06-06,327.99,PayPal,TC00060,True
TT02202,U01440,CR00033,2025-12-08,0.0,PayPal,TC00032,False
TT02203,U01440,CR00034,2025-09-29,394.26,Credit Card,TC00006,True
TT02204,U01444,CR00047,2025-04-01,89.59,Credit Card,TC00029,True
TT02205,U01444,CR00039,2025-12-16,346.71,Credit Card,TC00060,True
TT02206,U01446,CR00054,2025-10-17,0.0,Bank Transfer,TC00015,False
TT02207,U01449,CR00054,2025-02-13,0.0,PayPal,TC00048,False
TT02208,U01449,CR00059,2025-07-28,0.0,Bank Transfer,TC00019,False
TT02209,U01466,CR00014,2025-07-01,0.0,PayPal,TC00052,False
TT02210,U01466,CR00010,2025-11-14,0.0,Bank Transfer,TC00048,False
TT02211,U01468,CR00032,2025-09-23,0.0,Bank Transfer,TC00001,False
TT02212,U01468,CR00025,2025-01-15,299.57,PayPal,TC00015,True
TT02213,U01470,CR00033,2025-06-25,0.0,Credit Card,TC00006,False
TT02214,U01470,CR00049,2025-03-27,415.51,Bank Transfer,TC00029,True
TT02215,U01480,CR00028,2025-01-26,0.78,PayPal,TC00049,True
TT02216,U01487,CR00008,2025-11-24,0.0,PayPal,TC00039,False
TT02217,U01487,CR00059,2025-02-23,0.0,PayPal,TC00020,False
TT02218,U01493,CR00049,2025-02-18,415.51,Credit Card,TC00030,True
TT02219,U01495,CR00037,2025-06-24,0.0,Bank Transfer,TC00060,False
TT02220,U01498,CR00013,2025-02-17,0.0,Bank Transfer,TC00052,False
TT02221,U01509,CR00055,2025-09-27,57.32,PayPal,TC00057,True
TT02222,U01510,CR00023,2025-03-28,0.0,PayPal,TC00057,False
TT02223,U01510,CR00029,2025-04-30,0.0,Credit Card,TC00049,False
TT02224,U01514,CR00048,2025-02-13,0.0,Credit Card,TC00029,False
TT02225,U01524,CR00058,2025-05-05,0.0,Credit Card,TC00035,False
TT02226,U01525,CR00028,2025-09-08,0.78,Credit Card,TC00049,True
TT02227,U01525,CR00039,2025-05-14,346.71,Credit Card,TC00060,True
TT02228,U01549,CR00060,2025-06-04,0.0,PayPal,TC00050,False
TT02229,U01556,CR00042,2025-05-24,0.0,Bank Transfer,TC00039,False
TT02230,U01556,CR00017,2025-02-04,0.0,Bank Transfer,TC00039,False
TT02231,U01561,CR00023,2025-05-13,0.0,Bank Transfer,TC00015,False
TT02232,U01570,CR00011,2025-12-10,326.02,Credit Card,TC00052,True
TT02233,U01570,CR00043,2025-06-04,0.0,Credit Card,TC00048,False
TT02234,U01573,CR00037,2025-09-26,0.0,Bank Transfer,TC00060,False
TT02235,U01573,CR00012,2025-01-27,487.92,PayPal,TC00052,True
TT02236,U01580,CR00030,2025-05-24,0.0,Bank Transfer,TC00049,False
TT02237,U01580,CR00034,2025-01-19,394.26,Bank Transfer,TC00006,True
TT02238,U01582,CR00020,2025-11-18,0.0,Credit Card,TC00005,False
TT02239,U01587,CR00033,2025-10-07,0.0,Credit Card,TC00006,False
TT02240,U01587,CR00051,2025-09-20,37.89,PayPal,TC00057,True
TT02241,U01590,CR00036,2025-02-05,0.0,PayPal,TC00060,False
TT02242,U01594,CR00051,2025-08-19,37.89,Bank Transfer,TC00015,True
TT02243,U01595,CR00049,2025-12-09,415.51,Bank Transfer,TC00029,True
TT02244,U01595,CR00057,2025-07-23,177.34,Credit Card,TC00020,True
TT02245,U01601,CR00039,2025-08-04,346.71,Bank Transfer,TC00060,True
TT02246,U01601,CR00009,2025-07-02,0.0,Bank Transfer,TC00019,False
TT02247,U01608,CR00030,2025-04-18,0.0,Bank Transfer,TC00049,False
TT02248,U01611,CR00018,2025-07-01,0.0,Bank Transfer,TC00029,False
TT02249,U01612,CR00030,2025-02-28,0.0,Bank Transfer,TC00049,False
TT02250,U01613,CR00035,2025-03-30,0.0,PayPal,TC00001,False
TT02251,U01614,CR00059,2025-12-25,0.0,Bank Transfer,TC00035,False
TT02252,U01620,CR00058,2025-06-20,0.0,Credit Card,TC00020,False
TT02253,U01621,CR00027,2025-01-15,0.0,Bank Transfer,TC00049,False
TT02254,U01621,CR00013,2025-05-09,0.0,PayPal,TC00052,False
TT02255,U01633,CR00036,2025-07-11,0.0,Bank Transfer,TC00060,False
TT02256,U01643,CR00047,2025-12-28,89.59,Credit Card,TC00030,True
TT02257,U01653,CR00007,2025-10-03,0.0,Credit Card,TC00039,False
TT02258,U01663,CR00016,2025-04-25,0.0,Credit Card,TC00029,False
TT02259,U01663,CR00005,2025-03-18,0.0,PayPal,TC00029,False
TT02260,U01664,CR00049,2025-11-05,415.51,Credit Card,TC00030,True
TT02261,U01664,CR00023,2025-12-11,0.0,PayPal,TC00057,False
TT02262,U01667,CR00045,2025-08-01,0.0,Credit Card,TC00005,False
TT02263,U01669,CR00036,2025-09-15,0.0,Credit Card,TC00060,False
TT02264,U01669,CR00041,2025-09-14,53.86,PayPal,TC00039,True
TT02265,U01673,CR00030,2025-07-23,0.0,Credit Card,TC00049,False
TT02266,U01678,CR00026,2025-07-23,0.0,Bank Transfer,TC00049,False
TT02267,U01682,CR00054,2025-11-02,0.0,Bank Transfer,TC00060,False
TT02268,U01682,CR00059,2025-08-05,0.0,Bank Transfer,TC00035,False
TT02269,U01683,CR00011,2025-10-06,326.02,Bank Transfer,TC00052,True
TT02270,U01687,CR00019,2025-09-17,0.0,PayPal,TC00060,False
TT02271,U01687,CR00017,2025-06-09,0.0,Credit Card,TC00048,False
TT02272,U01689,CR00054,2025-08-11,0.0,Credit Card,TC00049,False
TT02273,U01693,CR00006,2025-08-11,276.37,Credit Card,TC00052,True
TT02274,U01693,CR00053,2025-04-12,0.0,Credit Card,TC00050,False
TT02275,U01696,CR00059,2025-09-17,0.0,PayPal,TC00035,False
TT02276,U01696,CR00040,2025-10-23,327.99,Bank Transfer,TC00060,True
TT02277,U01698,CR00029,2025-09-11,0.0,Credit Card,TC00049,False
TT02278,U01699,CR00042,2025-02-19,0.0,Bank Transfer,TC00039,False
TT02279,U01704,CR00035,2025-05-15,0.0,PayPal,TC00006,False
TT02280,U01704,CR00047,2025-05-30,89.59,Credit Card,TC00030,True
TT02281,U01709,CR00060,2025-02-05,0.0,Bank Transfer,TC00020,False
TT02282,U01715,CR00009,2025-07-16,0.0,Bank Transfer,TC00057,False
TT02283,U01717,CR00025,2025-05-15,299.57,Bank Transfer,TC00015,True
TT02284,U01725,CR00008,2025-05-08,0.0,Bank Transfer,TC00015,False
TT02285,U01725,CR00029,2025-07-15,0.0,Credit Card,TC00049,False
TT02286,U01728,CR00009,2025-12-06,0.0,Bank Transfer,TC00029,False
TT02287,U01728,CR00019,2025-06-23,0.0,Credit Card,TC00039,False
TT02288,U01732,CR00016,2025-08-05,0.0,PayPal,TC00001,False
TT02289,U01732,CR00010,2025-01-25,0.0,PayPal,TC00060,False
TT02290,U01741,CR00004,2025-08-10,0.0,Bank Transfer,TC00032,False
TT02291,U01741,CR00023,2025-03-24,0.0,Credit Card,TC00015,False
TT02292,U01754,CR00048,2025-06-29,0.0,Credit Card,TC00029,False
TT02293,U01759,CR00006,2025-03-11,276.37,Credit Card,TC00057,True
TT02294,U01761,CR00014,2025-09-25,0.0,Credit Card,TC00052,False
TT02295,U01761,CR00030,2025-02-12,0.0,Credit Card,TC00049,False
TT02296,U01768,CR00033,2025-09-04,0.0,Credit Card,TC00001,False
TT02297,U01768,CR00010,2025-04-30,0.0,PayPal,TC00001,False
TT02298,U01774,CR00035,2025-08-02,0.0,PayPal,TC00006,False
TT02299,U01775,CR00008,2025-05-23,0.0,PayPal,TC00020,False
TT02300,U01775,CR00036,2025-03-23,0.0,Bank Transfer,TC00060,False
TT02301,U01778,CR00021,2025-04-11,0.0,PayPal,TC00015,False
TT02302,U01778,CR00009,2025-06-23,0.0,PayPal,TC00048,False
TT02303,U01780,CR00039,2025-09-22,346.71,Bank Transfer,TC00060,True
TT02304,U01788,CR00017,2025-05-06,0.0,Bank Transfer,TC00029,False
TT02305,U01788,CR00047,2025-01-10,89.59,PayPal,TC00029,True
TT02306,U01790,CR00025,2025-06-25,299.57,Bank Transfer,TC00057,True
TT02307,U01791,CR00041,2025-08-13,53.86,PayPal,TC00005,True
TT02308,U01791,CR00017,2025-05-25,0.0,PayPal,TC00006,False
TT02309,U01800,CR00046,2025-06-25,248.1,Credit Card,TC00030,True
TT02310,U01800,CR00021,2025-05-20,0.0,Credit Card,TC00057,False
TT02311,U01802,CR00006,2025-06-23,276.37,Credit Card,TC00052,True
TT02312,U01818,CR00041,2025-07-07,53.86,Credit Card,TC00005,True
TT02313,U01818,CR00016,2025-07-20,0.0,Bank Transfer,TC00020,False
TT02314,U01823,CR00045,2025-03-18,0.0,PayPal,TC00005,False
TT02315,U01827,CR00010,2025-12-01,0.0,Credit Card,TC00005,False
TT02316,U01828,CR00057,2025-03-27,177.34,Bank Transfer,TC00050,True
TT02317,U01830,CR00051,2025-10-07,37.89,PayPal,TC00001,True
TT02318,U01833,CR00017,2025-05-09,0.0,PayPal,TC00006,False
TT02319,U01833,CR00012,2025-10-17,487.92,PayPal,TC00052,True
TT02320,U01834,CR00030,2025-12-05,0.0,Bank Transfer,TC00049,False
TT02321,U01836,CR00025,2025-07-24,299.57,Credit Card,TC00057,True
TT02322,U01838,CR00042,2025-05-19,0.0,Bank Transfer,TC00039,False
TT02323,U01838,CR00033,2025-04-02,0.0,PayPal,TC00006,False
TT02324,U01858,CR00037,2025-04-12,0.0,Bank Transfer,TC00060,False
TT02325,U01859,CR00052,2025-04-27,0.0,Credit Card,TC00048,False
TT02326,U01878,CR00010,2025-11-08,0.0,Bank Transfer,TC00039,False
TT02327,U01880,CR00009,2025-02-08,0.0,Credit Card,TC00049,False
TT02328,U01880,CR00059,2025-09-30,0.0,Bank Transfer,TC00035,False
TT02329,U01885,CR00036,2025-12-23,0.0,Bank Transfer,TC00060,False
TT02330,U01886,CR00017,2025-10-18,0.0,Bank Transfer,TC00006,False
TT02331,U01887,CR00022,2025-02-05,0.0,Credit Card,TC00015,False
TT02332,U01890,CR00045,2025-06-15,0.0,Credit Card,TC00005,False
TT02333,U01901,CR00027,2025-05-29,0.0,PayPal,TC00049,False
TT02334,U01905,CR00050,2025-08-23,490.9,PayPal,TC00029,True
TT02335,U01905,CR00005,2025-05-02,0.0,PayPal,TC00032,False
TT02336,U01912,CR00023,2025-04-20,0.0,Credit Card,TC00057,False
TT02337,U01915,CR00049,2025-06-12,415.51,Credit Card,TC00029,True
TT02338,U01915,CR00051,2025-04-11,37.89,Bank Transfer,TC00029,True
TT02339,U01916,CR00024,2025-06-20,117.68,PayPal,TC00057,True
TT02340,U01923,CR00055,2025-10-07,57.32,Bank Transfer,TC00005,True
TT02341,U01930,CR00037,2025-02-11,0.0,Credit Card,TC00060,False
TT02342,U01936,CR00033,2025-01-24,0.0,Bank Transfer,TC00032,False
TT02343,U01936,CR00058,2025-09-25,0.0,Bank Transfer,TC00019,False
TT02344,U01940,CR00042,2025-10-16,0.0,PayPal,TC00048,False
TT02345,U01940,CR00006,2025-03-18,276.37,Credit Card,TC00052,True
TT02346,U01941,CR00047,2025-08-02,89.59,PayPal,TC00030,True
TT02347,U01948,CR00006,2025-12-19,276.37,Credit Card,TC00035,True
TT02348,U01952,CR00007,2025-12-11,0.0,PayPal,TC00057,False
TT02349,U01952,CR00029,2025-12-20,0.0,Bank Transfer,TC00049,False
TT02350,U01954,CR00054,2025-06-03,0.0,PayPal,TC00039,False
TT02351,U01963,CR00040,2025-11-19,327.99,Bank Transfer,TC00060,True
TT02352,U01968,CR00049,2025-07-30,415.51,Credit Card,TC00029,True
TT02353,U01968,CR00058,2025-06-21,0.0,Credit Card,TC00013,False
TT02354,U01970,CR00017,2025-03-17,0.0,Credit Card,TC00029,False
TT02355,U01970,CR00060,2025-09-29,0.0,Bank Transfer,TC00050,False
TT02356,U01972,CR00003,2025-11-24,0.0,PayPal,TC00039,False
TT02357,U01974,CR00050,2025-06-07,490.9,Credit Card,TC00029,True
TT02358,U01974,CR00010,2025-09-02,0.0,Bank Transfer,TC00030,False
TT02359,U01976,CR00026,2025-04-15,0.0,Credit Card,TC00049,False
TT02360,U01977,CR00018,2025-02-25,0.0,Credit Card,TC00039,False
TT02361,U01977,CR00047,2025-06-07,89.59,Bank Transfer,TC00030,True
TT02362,U01983,CR00041,2025-08-10,53.86,Credit Card,TC00005,True
TT02363,U01984,CR00060,2025-05-03,0.0,Bank Transfer,TC00035,False
TT02364,U01988,CR00050,2025-09-26,490.9,Bank Transfer,TC00029,True
TT02365,U01990,CR00013,2025-03-25,0.0,Bank Transfer,TC00052,False
TT02366,U01990,CR00043,2025-01-25,0.0,PayPal,TC00048,False
TT02367,U02000,CR00055,2025-10-20,57.32,PayPal,TC00048,True
TT02368,U02000,CR00008,2025-03-27,0.0,PayPal,TC00013,False
TT02369,U02001,CR00027,2025-11-12,0.0,Credit Card,TC00049,False
TT02370,U02002,CR00026,2025-07-19,0.0,PayPal,TC00049,False
TT02371,U02017,CR00041,2025-01-22,53.86,Credit Card,TC00048,True
TT02372,U02017,CR00003,2025-05-24,0.0,Credit Card,TC00006,False
TT02373,U02023,CR00004,2025-07-08,0.0,Bank Transfer,TC00039,False
TT02374,U02023,CR00037,2025-02-20,0.0,Bank Transfer,TC00060,False
TT02375,U02033,CR00019,2025-11-07,0.0,Credit Card,TC00050,False
TT02376,U02037,CR00040,2025-10-16,327.99,Credit Card,TC00060,True
TT02377,U02037,CR00042,2025-05-27,0.0,PayPal,TC00005,False
TT02378,U02040,CR00021,2025-09-13,0.0,Credit Card,TC00015,False
TT02379,U02043,CR00014,2025-04-18,0.0,Bank Transfer,TC00052,False
TT02380,U02047,CR00036,2025-05-10,0.0,Bank Transfer,TC00060,False
TT02381,U02054,CR00052,2025-11-18,0.0,Bank Transfer,TC00032,False
TT02382,U02054,CR00002,2025-11-10,0.0,Credit Card,TC00019,False
TT02383,U02056,CR00045,2025-04-24,0.0,PayPal,TC00005,False
TT02384,U02057,CR00048,2025-11-04,0.0,Bank Transfer,TC00029,False
TT02385,U02057,CR00031,2025-10-13,0.0,Credit Card,TC00001,False
TT02386,U02063,CR00051,2025-03-28,37.89,Credit Card,TC00048,True
TT02387,U02063,CR00008,2025-03-24,0.0,Credit Card,TC00050,False
TT02388,U02067,CR00021,2025-08-18,0.0,Credit Card,TC00057,False
TT02389,U02078,CR00055,2025-11-05,57.32,Bank Transfer,TC00052,True
TT02390,U02078,CR00015,2025-05-30,285.05,Bank Transfer,TC00052,True
TT02391,U02093,CR00046,2025-01-22,248.1,Bank Transfer,TC00030,True
TT02392,U02093,CR00058,2025-05-20,0.0,Bank Transfer,TC00050,False
TT02393,U02097,CR00009,2025-10-09,0.0,Bank Transfer,TC00032,False
TT02394,U02097,CR00040,2025-11-28,327.99,Credit Card,TC00060,True
TT02395,U02105,CR00034,2025-05-23,394.26,PayPal,TC00006,True
TT02396,U02109,CR00053,2025-07-08,0.0,Credit Card,TC00052,False
TT02397,U02113,CR00040,2025-07-26,327.99,Bank Transfer,TC00060,True
TT02398,U02113,CR00037,2025-05-15,0.0,Bank Transfer,TC00060,False
TT02399,U02117,CR00004,2025-03-08,0.0,Bank Transfer,TC00060,False
TT02400,U02122,CR00010,2025-12-29,0.0,PayPal,TC00029,False
TT02401,U02122,CR00036,2025-11-04,0.0,PayPal,TC00060,False
TT02402,U02132,CR00054,2025-05-19,0.0,Credit Card,TC00035,False
TT02403,U02132,CR00003,2025-01-01,0.0,Bank Transfer,TC00052,False
TT02404,U02133,CR00010,2025-07-14,0.0,Credit Card,TC00015,False
TT02405,U02133,CR00028,2025-08-03,0.78,Credit Card,TC00049,True
TT02406,U02135,CR00043,2025-07-22,0.0,Bank Transfer,TC00048,False
TT02407,U02136,CR00014,2025-03-26,0.0,Credit Card,TC00052,False
TT02408,U02137,CR00015,2025-10-02,285.05,Credit Card,TC00052,True
TT02409,U02138,CR00027,2025-01-09,0.0,Bank Transfer,TC00049,False
TT02410,U02138,CR00050,2025-02-07,490.9,Credit Card,TC00029,True
TT02411,U02146,CR00018,2025-12-13,0.0,PayPal,TC00015,False
TT02412,U02159,CR00040,2025-04-13,327.99,Bank Transfer,TC00060,True
TT02413,U02159,CR00059,2025-11-02,0.0,PayPal,TC00020,False
TT02414,U02162,CR00060,2025-07-18,0.0,Credit Card,TC00013,False
TT02415,U02166,CR00029,2025-09-02,0.0,PayPal,TC00049,False
TT02416,U02171,CR00055,2025-05-12,57.32,PayPal,TC00032,True
TT02417,U02171,CR00022,2025-10-12,0.0,PayPal,TC00057,False
TT02418,U02175,CR00027,2025-05-22,0.0,Bank Transfer,TC00049,False
TT02419,U02175,CR00043,2025-12-05,0.0,Bank Transfer,TC00039,False
TT02420,U02177,CR00001,2025-03-10,472.28,PayPal,TC00050,True
TT02421,U02181,CR00060,2025-10-13,0.0,Credit Card,TC00035,False
TT02422,U02181,CR00038,2025-12-08,342.61,PayPal,TC00060,True
TT02423,U02182,CR00013,2025-07-15,0.0,PayPal,TC00052,False
TT02424,U02182,CR00021,2025-05-17,0.0,Credit Card,TC00057,False
TT02425,U02187,CR00055,2025-09-04,57.32,Bank Transfer,TC00015,True
TT02426,U02187,CR00026,2025-08-09,0.0,Credit Card,TC00049,False
TT02427,U02193,CR00058,2025-11-27,0.0,PayPal,TC00019,False
TT02428,U02193,CR00035,2025-05-26,0.0,PayPal,TC00032,False
TT02429,U02194,CR00050,2025-11-27,490.9,PayPal,TC00030,True
TT02430,U02194,CR00025,2025-03-28,299.57,PayPal,TC00057,True
TT02431,U02197,CR00017,2025-06-16,0.0,Bank Transfer,TC00015,False
TT02432,U02197,CR00026,2025-09-24,0.0,Credit Card,TC00049,False
TT02433,U02202,CR00026,2025-07-09,0.0,PayPal,TC00049,False
TT02434,U02208,CR00019,2025-08-18,0.0,Bank Transfer,TC00049,False
TT02435,U02208,CR00040,2025-11-24,327.99,Credit Card,TC00060,True
TT02436,U02213,CR00038,2025-07-22,342.61,Bank Transfer,TC00060,True
TT02437,U02216,CR00047,2025-01-07,89.59,Credit Card,TC00030,True
TT02438,U02216,CR00014,2025-01-07,0.0,Bank Transfer,TC00052,False
TT02439,U02219,CR00002,2025-08-09,0.0,PayPal,TC00049,False
TT02440,U02220,CR00001,2025-04-26,472.28,Bank Transfer,TC00039,True
TT02441,U02222,CR00034,2025-11-03,394.26,Bank Transfer,TC00001,True
TT02442,U02223,CR00043,2025-10-20,0.0,Bank Transfer,TC00048,False
TT02443,U02229,CR00003,2025-07-24,0.0,Credit Card,TC00019,False
TT02444,U02229,CR00031,2025-12-05,0.0,Credit Card,TC00006,False
TT02445,U02233,CR00025,2025-04-07,299.57,Bank Transfer,TC00015,True
TT02446,U02233,CR00058,2025-11-27,0.0,Credit Card,TC00013,False
TT02447,U02234,CR00045,2025-06-25,0.0,Credit Card,TC00039,False
TT02448,U02235,CR00025,2025-09-22,299.57,Bank Transfer,TC00015,True
TT02449,U02235,CR00051,2025-09-23,37.89,Credit Card,TC00032,True
TT02450,U02247,CR00056,2025-10-13,212.39,Bank Transfer,TC00013,True
TT02451,U02252,CR00053,2025-02-03,0.0,Bank Transfer,TC00060,False
TT02452,U02252,CR00007,2025-08-08,0.0,PayPal,TC00013,False
TT02453,U02255,CR00048,2025-07-07,0.0,Bank Transfer,TC00029,False
TT02454,U02255,CR00047,2025-01-09,89.59,PayPal,TC00030,True
TT02455,U02260,CR00039,2025-07-11,346.71,PayPal,TC00060,True
TT02456,U02261,CR00005,2025-05-18,0.0,Credit Card,TC00029,False
TT02457,U02265,CR00060,2025-10-28,0.0,Bank Transfer,TC00019,False
TT02458,U02265,CR00034,2025-11-28,394.26,Credit Card,TC00032,True
TT02459,U02268,CR00023,2025-01-24,0.0,Credit Card,TC00057,False
TT02460,U02268,CR00045,2025-04-08,0.0,PayPal,TC00005,False
TT02461,U02271,CR00010,2025-06-06,0.0,Bank Transfer,TC00039,False
TT02462,U02271,CR00055,2025-04-30,57.32,Credit Card,TC00049,True
TT02463,U02276,CR00045,2025-04-28,0.0,Bank Transfer,TC00005,False
TT02464,U02280,CR00049,2025-04-18,415.51,PayPal,TC00029,True
TT02465,U02280,CR00058,2025-10-08,0.0,Credit Card,TC00019,False
TT02466,U02282,CR00007,2025-07-21,0.0,Bank Transfer,TC00030,False
TT02467,U02291,CR00017,2025-12-11,0.0,Credit Card,TC00035,False
TT02468,U02291,CR00055,2025-03-11,57.32,Credit Card,TC00052,True
TT02469,U02302,CR00031,2025-04-23,0.0,Credit Card,TC00006,False
TT02470,U02302,CR00015,2025-04-03,285.05,PayPal,TC00052,True
TT02471,U02304,CR00005,2025-06-13,0.0,Bank Transfer,TC00005,False
TT02472,U02310,CR00028,2025-06-20,0.78,Bank Transfer,TC00049,True
TT02473,U02313,CR00007,2025-04-30,0.0,Credit Card,TC00006,False
TT02474,U02314,CR00057,2025-06-12,177.34,Credit Card,TC00050,True
TT02475,U02317,CR00055,2025-05-12,57.32,Bank Transfer,TC00049,True
TT02476,U02317,CR00018,2025-08-25,0.0,Bank Transfer,TC00057,False
TT02477,U02319,CR00046,2025-05-16,248.1,PayPal,TC00029,True
TT02478,U02321,CR00001,2025-11-01,472.28,Credit Card,TC00005,True
TT02479,U02321,CR00024,2025-06-07,117.68,Bank Transfer,TC00057,True
TT02480,U02325,CR00057,2025-07-24,177.34,PayPal,TC00035,True
TT02481,U02327,CR00022,2025-09-16,0.0,Credit Card,TC00015,False
TT02482,U02330,CR00054,2025-11-15,0.0,Credit Card,TC00052,False
TT02483,U02331,CR00029,2025-09-25,0.0,Credit Card,TC00049,False
TT02484,U02331,CR00008,2025-07-21,0.0,Bank Transfer,TC00013,False
TT02485,U02332,CR00006,2025-06-14,276.37,Bank Transfer,TC00019,True
TT02486,U02332,CR00028,2025-05-25,0.78,Bank Transfer,TC00049,True
TT02487,U02334,CR00028,2025-05-23,0.78,PayPal,TC00049,True
TT02488,U02334,CR00017,2025-09-08,0.0,Bank Transfer,TC00030,False
TT02489,U02346,CR00034,2025-08-17,394.26,Bank Transfer,TC00006,True
TT02490,U02347,CR00033,2025-07-09,0.0,Credit Card,TC00006,False
TT02491,U02348,CR00031,2025-10-03,0.0,PayPal,TC00032,False
TT02492,U02350,CR00024,2025-03-11,117.68,Bank Transfer,TC00057,True
TT02493,U02350,CR00057,2025-09-06,177.34,Bank Transfer,TC00050,True
TT02494,U02351,CR00043,2025-05-08,0.0,PayPal,TC00039,False
TT02495,U02351,CR00052,2025-03-11,0.0,Bank Transfer,TC00057,False
TT02496,U02357,CR00002,2025-07-22,0.0,PayPal,TC00052,False
TT02497,U02357,CR00014,2025-09-30,0.0,PayPal,TC00052,False
TT02498,U02361,CR00023,2025-07-15,0.0,Credit Card,TC00057,False
TT02499,U02361,CR00040,2025-05-17,327.99,PayPal,TC00060,True
TT02500,U02369,CR00017,2025-10-30,0.0,PayPal,TC00052,False
TT02501,U02369,CR00060,2025-04-14,0.0,PayPal,TC00050,False
TT02502,U02373,CR00021,2025-12-01,0.0,Credit Card,TC00057,False
TT02503,U02373,CR00012,2025-10-29,487.92,Bank Transfer,TC00052,True
TT02504,U02381,CR00049,2025-05-28,415.51,Bank Transfer,TC00029,True
TT02505,U02383,CR00016,2025-04-23,0.0,Bank Transfer,TC00029,False
TT02506,U02385,CR00035,2025-08-26,0.0,Credit Card,TC00032,False
TT02507,U02388,CR00039,2025-08-11,346.71,PayPal,TC00060,True
TT02508,U02390,CR00002,2025-11-07,0.0,Bank Transfer,TC00048,False
TT02509,U02390,CR00001,2025-06-28,472.28,Bank Transfer,TC00035,True
TT02510,U02394,CR00025,2025-08-21,299.57,PayPal,TC00057,True
TT02511,U02398,CR00046,2025-08-23,248.1,PayPal,TC00030,True
TT02512,U02398,CR00028,2025-05-15,0.78,Bank Transfer,TC00049,True
TT02513,U02403,CR00032,2025-08-14,0.0,Credit Card,TC00001,False
TT02514,U02405,CR00054,2025-06-29,0.0,Bank Transfer,TC00050,False
TT02515,U02406,CR00006,2025-02-11,276.37,Bank Transfer,TC00032,True
TT02516,U02406,CR00051,2025-04-15,37.89,Bank Transfer,TC00049,True
TT02517,U02407,CR00003,2025-07-28,0.0,Credit Card,TC00035,False
TT02518,U02407,CR00035,2025-05-13,0.0,PayPal,TC00032,False
TT02519,U02416,CR00010,2025-08-04,0.0,Credit Card,TC00052,False
TT02520,U02417,CR00018,2025-09-23,0.0,Credit Card,TC00048,False
TT02521,U02428,CR00050,2025-05-02,490.9,Credit Card,TC00029,True
TT02522,U02428,CR00055,2025-03-10,57.32,Bank Transfer,TC00020,True
TT02523,U02438,CR00032,2025-11-17,0.0,Bank Transfer,TC00006,False
TT02524,U02439,CR00006,2025-08-18,276.37,Bank Transfer,TC00057,True
TT02525,U02442,CR00042,2025-11-25,0.0,PayPal,TC00005,False
TT02526,U02446,CR00050,2025-12-07,490.9,Bank Transfer,TC00030,True
TT02527,U02446,CR00054,2025-09-30,0.0,Bank Transfer,TC00013,False
TT02528,U02448,CR00008,2025-05-22,0.0,Credit Card,TC00048,False
TT02529,U02448,CR00042,2025-09-16,0.0,PayPal,TC00005,False
TT02530,U02451,CR00005,2025-09-10,0.0,PayPal,TC00015,False
TT02531,U02451,CR00017,2025-08-02,0.0,PayPal,TC00001,False
TT02532,U02452,CR00010,2025-06-02,0.0,PayPal,TC00013,False
TT02533,U02452,CR00005,2025-11-28,0.0,Credit Card,TC00060,False
TT02534,U02454,CR00053,2025-05-29,0.0,PayPal,TC00029,False
TT02535,U02454,CR00013,2025-07-02,0.0,PayPal,TC00052,False
TT02536,U02458,CR00011,2025-10-26,326.02,Credit Card,TC00052,True
TT02537,U02458,CR00024,2025-12-16,117.68,PayPal,TC00057,True
TT02538,U02465,CR00009,2025-06-12,0.0,Bank Transfer,TC00001,False
TT02539,U02465,CR00004,2025-12-14,0.0,Bank Transfer,TC00039,False
TT02540,U02469,CR00054,2025-05-29,0.0,Bank Transfer,TC00057,False
TT02541,U02469,CR00005,2025-12-11,0.0,PayPal,TC00015,False
TT02542,U02475,CR00016,2025-06-25,0.0,Bank Transfer,TC00050,False
TT02543,U02480,CR00059,2025-09-26,0.0,PayPal,TC00013,False
TT02544,U02482,CR00027,2025-11-11,0.0,Credit Card,TC00049,False
TT02545,U02482,CR00048,2025-01-07,0.0,PayPal,TC00029,False
TT02546,U02486,CR00059,2025-01-30,0.0,Bank Transfer,TC00013,False
TT02547,U02486,CR00057,2025-12-02,177.34,Bank Transfer,TC00035,True
TT02548,U02496,CR00008,2025-06-28,0.0,Bank Transfer,TC00060,False
TT02549,U02497,CR00032,2025-12-28,0.0,PayPal,TC00006,False
TT02550,U02497,CR00054,2025-12-02,0.0,Credit Card,TC00049,False
TT02551,U02506,CR00015,2025-02-08,285.05,Credit Card,TC00052,True
TT02552,U02510,CR00004,2025-11-28,0.0,Bank Transfer,TC00050,False
TT02553,U02510,CR00036,2025-12-11,0.0,PayPal,TC00060,False
TT02554,U02514,CR00010,2025-09-01,0.0,Bank Transfer,TC00035,False
TT02555,U02514,CR00048,2025-05-07,0.0,Bank Transfer,TC00030,False
TT02556,U02525,CR00029,2025-08-28,0.0,Bank Transfer,TC00049,False
TT02557,U02535,CR00026,2025-07-30,0.0,Credit Card,TC00049,False
TT02558,U02535,CR00040,2025-03-01,327.99,Credit Card,TC00060,True
TT02559,U02539,CR00034,2025-12-30,394.26,Bank Transfer,TC00032,True
TT02560,U02539,CR00035,2025-04-05,0.0,Bank Transfer,TC00032,False
TT02561,U02543,CR00048,2025-08-22,0.0,Bank Transfer,TC00029,False
TT02562,U02545,CR00033,2025-05-08,0.0,Bank Transfer,TC00001,False
TT02563,U02545,CR00031,2025-01-07,0.0,Credit Card,TC00032,False
TT02564,U02548,CR00033,2025-02-04,0.0,Credit Card,TC00006,False
TT02565,U02548,CR00012,2025-09-23,487.92,Bank Transfer,TC00052,True
TT02566,U02553,CR00012,2025-10-10,487.92,Bank Transfer,TC00052,True
TT02567,U02553,CR00031,2025-11-15,0.0,Bank Transfer,TC00006,False
TT02568,U02568,CR00058,2025-06-29,0.0,PayPal,TC00019,False
TT02569,U02568,CR00019,2025-04-27,0.0,PayPal,TC00049,False
TT02570,U02571,CR00031,2025-09-28,0.0,PayPal,TC00001,False
TT02571,U02573,CR00005,2025-06-24,0.0,Credit Card,TC00052,False
TT02572,U02577,CR00020,2025-08-28,0.0,Bank Transfer,TC00001,False
TT02573,U02577,CR00015,2025-03-27,285.05,Credit Card,TC00052,True
TT02574,U02578,CR00043,2025-10-12,0.0,Credit Card,TC00048,False
TT02575,U02580,CR00015,2025-10-01,285.05,Credit Card,TC00052,True
TT02576,U02581,CR00039,2025-03-02,346.71,Bank Transfer,TC00060,True
TT02577,U02581,CR00020,2025-05-21,0.0,Bank Transfer,TC00052,False
TT02578,U02584,CR00028,2025-03-30,0.78,Bank Transfer,TC00049,True
TT02579,U02584,CR00032,2025-07-05,0.0,Credit Card,TC00001,False
TT02580,U02586,CR00048,2025-08-28,0.0,PayPal,TC00029,False
TT02581,U02589,CR00028,2025-10-10,0.78,Credit Card,TC00049,True
TT02582,U02590,CR00059,2025-03-01,0.0,PayPal,TC00020,False
TT02583,U02590,CR00046,2025-03-18,248.1,Bank Transfer,TC00029,True
TT02584,U02596,CR00056,2025-05-18,212.39,Bank Transfer,TC00013,True
TT02585,U02599,CR00047,2025-03-02,89.59,Credit Card,TC00029,True
TT02586,U02599,CR00039,2025-07-08,346.71,Credit Card,TC00060,True
TT02587,U02608,CR00026,2025-01-28,0.0,Credit Card,TC00049,False
TT02588,U02609,CR00018,2025-06-01,0.0,PayPal,TC00015,False
TT02589,U02609,CR00031,2025-07-09,0.0,Credit Card,TC00001,False
TT02590,U02620,CR00009,2025-04-15,0.0,Bank Transfer,TC00052,False
TT02591,U02620,CR00051,2025-11-05,37.89,PayPal,TC00052,True
TT02592,U02621,CR00003,2025-02-18,0.0,PayPal,TC00015,False
TT02593,U02631,CR00021,2025-07-14,0.0,Credit Card,TC00015,False
TT02594,U02634,CR00055,2025-03-01,57.32,Bank Transfer,TC00050,True
TT02595,U02639,CR00056,2025-06-14,212.39,PayPal,TC00020,True
TT02596,U02642,CR00022,2025-06-17,0.0,PayPal,TC00015,False
TT02597,U02659,CR00046,2025-02-07,248.1,Bank Transfer,TC00029,True
TT02598,U02659,CR00037,2025-02-13,0.0,Credit Card,TC00060,False
TT02599,U02662,CR00042,2025-03-24,0.0,PayPal,TC00048,False
TT02600,U02662,CR00024,2025-10-03,117.68,Bank Transfer,TC00015,True
TT02601,U02665,CR00051,2025-03-05,37.89,PayPal,TC00001,True
TT02602,U02669,CR00016,2025-11-16,0.0,PayPal,TC00005,False
TT02603,U02669,CR00059,2025-11-22,0.0,Bank Transfer,TC00019,False
TT02604,U02688,CR00043,2025-05-13,0.0,PayPal,TC00048,False
TT02605,U02696,CR00050,2025-06-22,490.9,Bank Transfer,TC00030,True
TT02606,U02696,CR00013,2025-12-05,0.0,Bank Transfer,TC00052,False
TT02607,U02712,CR00004,2025-11-14,0.0,Bank Transfer,TC00006,False
TT02608,U02712,CR00001,2025-10-25,472.28,Credit Card,TC00015,True
TT02609,U02723,CR00040,2025-10-20,327.99,Credit Card,TC00060,True
TT02610,U02727,CR00034,2025-01-11,394.26,PayPal,TC00001,True
TT02611,U02727,CR00026,2025-02-10,0.0,PayPal,TC00049,False
TT02612,U02731,CR00018,2025-01-14,0.0,PayPal,TC00049,False
TT02613,U02732,CR00042,2025-09-29,0.0,PayPal,TC00039,False
TT02614,U02737,CR00020,2025-04-21,0.0,Credit Card,TC00006,False
TT02615,U02740,CR00060,2025-07-09,0.0,Credit Card,TC00019,False
TT02616,U02748,CR00048,2025-03-16,0.0,Credit Card,TC00029,False
TT02617,U02748,CR00045,2025-01-15,0.0,Credit Card,TC00005,False
TT02618,U02750,CR00055,2025-11-24,57.32,Credit Card,TC00032,True
TT02619,U02750,CR00007,2025-09-25,0.0,Bank Transfer,TC00030,False
TT02620,U02752,CR00058,2025-06-11,0.0,Bank Transfer,TC00035,False
TT02621,U02755,CR00043,2025-09-27,0.0,Credit Card,TC00039,False
TT02622,U02772,CR00057,2025-06-22,177.34,Bank Transfer,TC00035,True
TT02623,U02773,CR00022,2025-03-24,0.0,Bank Transfer,TC00015,False
TT02624,U02782,CR00045,2025-01-20,0.0,Credit Card,TC00005,False
TT02625,U02794,CR00030,2025-04-21,0.0,PayPal,TC00049,False
TT02626,U02794,CR00038,2025-04-16,342.61,PayPal,TC00060,True
TT02627,U02809,CR00043,2025-07-03,0.0,Bank Transfer,TC00039,False
TT02628,U02809,CR00048,2025-10-09,0.0,PayPal,TC00029,False
TT02629,U02813,CR00031,2025-04-02,0.0,Bank Transfer,TC00006,False
TT02630,U02814,CR00035,2025-07-12,0.0,Credit Card,TC00032,False
TT02631,U02814,CR00003,2025-12-05,0.0,Bank Transfer,TC00035,False
TT02632,U02828,CR00019,2025-07-21,0.0,Credit Card,TC00005,False
TT02633,U02828,CR00050,2025-04-09,490.9,Credit Card,TC00030,True
TT02634,U02836,CR00001,2025-03-17,472.28,PayPal,TC00030,True
TT02635,U02837,CR00014,2025-11-27,0.0,PayPal,TC00052,False
TT02636,U02837,CR00058,2025-02-08,0.0,Credit Card,TC00035,False
TT02637,U02838,CR00050,2025-02-14,490.9,PayPal,TC00030,True
TT02638,U02838,CR00039,2025-03-02,346.71,Credit Card,TC00060,True
TT02639,U02840,CR00058,2025-10-25,0.0,PayPal,TC00020,False
TT02640,U02842,CR00013,2025-04-19,0.0,PayPal,TC00052,False
TT02641,U02842,CR00050,2025-11-22,490.9,Bank Transfer,TC00029,True
TT02642,U02849,CR00004,2025-06-10,0.0,Bank Transfer,TC00019,False
TT02643,U02871,CR00035,2025-01-24,0.0,Credit Card,TC00006,False
TT02644,U02878,CR00044,2025-10-12,119.04,Bank Transfer,TC00048,True
TT02645,U02878,CR00049,2025-07-03,415.51,Credit Card,TC00030,True
TT02646,U02895,CR00048,2025-12-03,0.0,Credit Card,TC00029,False
TT02647,U02895,CR00041,2025-06-07,53.86,Credit Card,TC00039,True
TT02648,U02897,CR00025,2025-06-23,299.57,Bank Transfer,TC00015,True
TT02649,U02902,CR00052,2025-07-11,0.0,Bank Transfer,TC00060,False
TT02650,U02902,CR00032,2025-10-12,0.0,Credit Card,TC00001,False
TT02651,U02904,CR00039,2025-09-22,346.71,Credit Card,TC00060,True
TT02652,U02905,CR00018,2025-06-02,0.0,Bank Transfer,TC00050,False
TT02653,U02905,CR00044,2025-03-16,119.04,PayPal,TC00005,True
TT02654,U02907,CR00049,2025-05-19,415.51,Credit Card,TC00030,True
TT02655,U02907,CR00053,2025-08-30,0.0,Bank Transfer,TC00039,False
TT02656,U02914,CR00055,2025-10-26,57.32,PayPal,TC00020,True
TT02657,U02914,CR00026,2025-01-17,0.0,PayPal,TC00049,False
TT02658,U02918,CR00058,2025-07-27,0.0,Credit Card,TC00020,False
TT02659,U02918,CR00005,2025-05-27,0.0,Credit Card,TC00052,False
TT02660,U02924,CR00045,2025-10-25,0.0,Bank Transfer,TC00005,False
TT02661,U02936,CR00007,2025-03-24,0.0,Credit Card,TC00019,False
TT02662,U02936,CR00016,2025-11-13,0.0,Bank Transfer,TC00006,False
TT02663,U02938,CR00013,2025-12-30,0.0,Credit Card,TC00052,False
TT02664,U02956,CR00041,2025-04-02,53.86,PayPal,TC00039,True
TT02665,U02956,CR00005,2025-06-28,0.0,Bank Transfer,TC00030,False
TT02666,U02959,CR00006,2025-02-02,276.37,PayPal,TC00049,True
TT02667,U02959,CR00019,2025-07-22,0.0,PayPal,TC00013,False
TT02668,U02962,CR00042,2025-04-25,0.0,Credit Card,TC00039,False
TT02669,U02968,CR00025,2025-11-25,299.57,Credit Card,TC00057,True
TT02670,U02968,CR00056,2025-01-05,212.39,PayPal,TC00035,True
TT02671,U02988,CR00016,2025-12-29,0.0,Credit Card,TC00030,False
TT02672,U02995,CR00051,2025-08-21,37.89,Credit Card,TC00030,True
TT02673,U02996,CR00043,2025-11-21,0.0,PayPal,TC00048,False
TT02674,U03000,CR00034,2025-02-06,394.26,PayPal,TC00001,True
TT02675,U00001,CR00034,2025-11-02,394.26,PayPal,TC00031,True
TT02676,U00002,CR00004,2025-07-15,0.0,PayPal,TC00009,False
TT02677,U00006,CR00028,2025-11-19,0.78,Bank Transfer,TC00038,True
TT02678,U00007,CR00031,2025-03-08,0.0,PayPal,TC00031,False
TT02679,U00008,CR00042,2025-07-30,0.0,PayPal,TC00044,False
TT02680,U00009,CR00006,2025-06-19,276.37,Credit Card,TC00003,True
TT02681,U00016,CR00017,2025-09-27,0.0,PayPal,TC00009,False
TT02682,U00020,CR00004,2025-07-17,0.0,Credit Card,TC00009,False
TT02683,U00022,CR00036,2025-05-20,0.0,PayPal,TC00043,False
TT02684,U00023,CR00009,2025-06-14,0.0,Bank Transfer,TC00047,False
TT02685,U00026,CR00040,2025-11-06,327.99,Bank Transfer,TC00043,True
TT02686,U00030,CR00037,2025-11-15,0.0,PayPal,TC00009,False
TT02687,U00031,CR00052,2025-10-21,0.0,Credit Card,TC00025,False
TT02688,U00032,CR00015,2025-04-10,285.05,Bank Transfer,TC00028,True
TT02689,U00033,CR00006,2025-02-02,276.37,Bank Transfer,TC00003,True
TT02690,U00035,CR00028,2025-05-17,0.78,Credit Card,TC00016,True
TT02691,U00036,CR00003,2025-11-01,0.0,PayPal,TC00028,False
TT02692,U00039,CR00039,2025-03-01,346.71,Credit Card,TC00009,True
TT02693,U00040,CR00003,2025-05-13,0.0,PayPal,TC00025,False
TT02694,U00044,CR00025,2025-05-19,299.57,Bank Transfer,TC00016,True
TT02695,U00049,CR00037,2025-04-29,0.0,Bank Transfer,TC00014,False
TT02696,U00050,CR00007,2025-08-14,0.0,PayPal,TC00051,False
TT02697,U00051,CR00009,2025-07-25,0.0,PayPal,TC00047,False
TT02698,U00052,CR00028,2025-09-15,0.78,Bank Transfer,TC00044,True
TT02699,U00053,CR00041,2025-12-18,53.86,Credit Card,TC00044,True
TT02700,U00054,CR00050,2025-03-12,490.9,Credit Card,TC00027,True
TT02701,U00058,CR00024,2025-04-10,117.68,Credit Card,TC00010,True
TT02702,U00059,CR00009,2025-08-21,0.0,Bank Transfer,TC00047,False
TT02703,U00061,CR00031,2025-05-05,0.0,Bank Transfer,TC00031,False
TT02704,U00062,CR00003,2025-11-26,0.0,PayPal,TC00051,False
TT02705,U00064,CR00006,2025-09-08,276.37,Bank Transfer,TC00047,True
TT02706,U00065,CR00053,2025-01-15,0.0,Credit Card,TC00045,False
TT02707,U00067,CR00044,2025-11-06,119.04,Bank Transfer,TC00044,True
TT02708,U00077,CR00020,2025-08-30,0.0,Bank Transfer,TC00043,False
TT02709,U00079,CR00035,2025-10-04,0.0,Credit Card,TC00031,False
TT02710,U00080,CR00004,2025-05-21,0.0,Bank Transfer,TC00009,False
TT02711,U00081,CR00008,2025-07-09,0.0,Bank Transfer,TC00047,False
TT02712,U00084,CR00040,2025-02-11,327.99,Bank Transfer,TC00043,True
TT02713,U00088,CR00048,2025-01-26,0.0,PayPal,TC00027,False
TT02714,U00089,CR00026,2025-05-16,0.0,PayPal,TC00034,False
TT02715,U00090,CR00037,2025-11-17,0.0,Credit Card,TC00009,False
TT02716,U00093,CR00015,2025-06-23,285.05,Bank Transfer,TC00028,True
TT02717,U00095,CR00046,2025-06-06,248.1,PayPal,TC00027,True
TT02718,U00098,CR00010,2025-05-26,0.0,Bank Transfer,TC00003,False
TT02719,U00099,CR00025,2025-08-22,299.57,Credit Card,TC00010,True
TT02720,U00100,CR00060,2025-09-21,0.0,Bank Transfer,TC00036,False
TT02721,U00101,CR00047,2025-03-07,89.59,Bank Transfer,TC00027,True
TT02722,U00103,CR00013,2025-02-16,0.0,Credit Card,TC00028,False
TT02723,U00105,CR00025,2025-07-21,299.57,Credit Card,TC00016,True
TT02724,U00107,CR00003,2025-07-26,0.0,PayPal,TC00044,False
TT02725,U00111,CR00060,2025-06-28,0.0,Bank Transfer,TC00017,False
TT02726,U00113,CR00039,2025-04-14,346.71,PayPal,TC00043,True
TT02727,U00116,CR00008,2025-04-27,0.0,PayPal,TC00047,False
TT02728,U00119,CR00055,2025-06-11,57.32,PayPal,TC00026,True
TT02729,U00130,CR00046,2025-01-16,248.1,Bank Transfer,TC00027,True
TT02730,U00131,CR00014,2025-10-24,0.0,PayPal,TC00028,False
TT02731,U00132,CR00029,2025-10-21,0.0,PayPal,TC00038,False
TT02732,U00135,CR00023,2025-07-07,0.0,Credit Card,TC00010,False
TT02733,U00141,CR00004,2025-02-06,0.0,Bank Transfer,TC00009,False
TT02734,U00142,CR00001,2025-01-20,472.28,Bank Transfer,TC00023,True
TT02735,U00146,CR00058,2025-11-18,0.0,Bank Transfer,TC00022,False
TT02736,U00148,CR00023,2025-02-05,0.0,Credit Card,TC00016,False
TT02737,U00151,CR00058,2025-02-27,0.0,Bank Transfer,TC00017,False
TT02738,U00156,CR00045,2025-02-13,0.0,Credit Card,TC00044,False
TT02739,U00158,CR00005,2025-05-24,0.0,PayPal,TC00051,False
TT02740,U00160,CR00040,2025-12-16,327.99,PayPal,TC00043,True
TT02741,U00163,CR00037,2025-07-20,0.0,Bank Transfer,TC00009,False
TT02742,U00167,CR00035,2025-11-16,0.0,PayPal,TC00031,False
TT02743,U00172,CR00026,2025-11-07,0.0,Bank Transfer,TC00023,False
TT02744,U00174,CR00056,2025-12-26,212.39,PayPal,TC00017,True
TT02745,U00176,CR00036,2025-07-27,0.0,Credit Card,TC00043,False
TT02746,U00181,CR00025,2025-11-06,299.57,Bank Transfer,TC00010,True
TT02747,U00182,CR00042,2025-01-21,0.0,Bank Transfer,TC00023,False
TT02748,U00183,CR00026,2025-07-02,0.0,Bank Transfer,TC00026,False
TT02749,U00184,CR00032,2025-05-07,0.0,Bank Transfer,TC00031,False
TT02750,U00185,CR00055,2025-04-19,57.32,PayPal,TC00045,True
TT02751,U00187,CR00001,2025-06-18,472.28,Bank Transfer,TC00026,True
TT02752,U00188,CR00008,2025-11-07,0.0,Bank Transfer,TC00047,False
TT02753,U00189,CR00045,2025-08-18,0.0,PayPal,TC00044,False
TT02754,U00190,CR00012,2025-03-30,487.92,Bank Transfer,TC00028,True
TT02755,U00193,CR00017,2025-06-24,0.0,Credit Card,TC00036,False
TT02756,U00194,CR00023,2025-02-07,0.0,Bank Transfer,TC00010,False
TT02757,U00195,CR00039,2025-07-10,346.71,Bank Transfer,TC00043,True
TT02758,U00197,CR00021,2025-03-04,0.0,Credit Card,TC00016,False
TT02759,U00199,CR00002,2025-05-06,0.0,Bank Transfer,TC00023,False
TT02760,U00202,CR00003,2025-11-17,0.0,Bank Transfer,TC00031,False
TT02761,U00211,CR00036,2025-03-25,0.0,Bank Transfer,TC00009,False
TT02762,U00214,CR00047,2025-10-27,89.59,Bank Transfer,TC00027,True
TT02763,U00215,CR00011,2025-07-29,326.02,Bank Transfer,TC00028,True
TT02764,U00218,CR00016,2025-10-06,0.0,PayPal,TC00023,False
TT02765,U00219,CR00009,2025-02-02,0.0,PayPal,TC00003,False
TT02766,U00222,CR00028,2025-09-03,0.78,PayPal,TC00047,True
TT02767,U00223,CR00042,2025-05-20,0.0,Bank Transfer,TC00023,False
TT02768,U00224,CR00050,2025-11-21,490.9,Credit Card,TC00027,True
TT02769,U00225,CR00042,2025-09-21,0.0,Credit Card,TC00044,False
TT02770,U00226,CR00039,2025-11-06,346.71,PayPal,TC00009,True
TT02771,U00228,CR00024,2025-11-30,117.68,Bank Transfer,TC00016,True
TT02772,U00232,CR00032,2025-04-09,0.0,PayPal,TC00031,False
TT02773,U00233,CR00044,2025-11-06,119.04,Credit Card,TC00023,True
TT02774,U00236,CR00034,2025-12-11,394.26,Bank Transfer,TC00031,True
TT02775,U00243,CR00057,2025-01-12,177.34,Bank Transfer,TC00038,True
TT02776,U00244,CR00006,2025-03-02,276.37,Credit Card,TC00051,True
TT02777,U00246,CR00001,2025-05-09,472.28,Bank Transfer,TC00022,True
TT02778,U00248,CR00045,2025-08-28,0.0,PayPal,TC00023,False
TT02779,U00249,CR00004,2025-08-10,0.0,Credit Card,TC00023,False
TT02780,U00250,CR00038,2025-09-22,342.61,Bank Transfer,TC00009,True
TT02781,U00252,CR00008,2025-01-21,0.0,Credit Card,TC00051,False
TT02782,U00253,CR00059,2025-02-27,0.0,PayPal,TC00022,False
TT02783,U00256,CR00009,2025-03-26,0.0,Credit Card,TC00047,False
TT02784,U00257,CR00037,2025-11-26,0.0,PayPal,TC00014,False
TT02785,U00258,CR00024,2025-11-12,117.68,PayPal,TC00016,True
TT02786,U00261,CR00029,2025-11-07,0.0,Credit Card,TC00045,False
TT02787,U00262,CR00031,2025-12-06,0.0,Bank Transfer,TC00031,False
TT02788,U00266,CR00056,2025-06-23,212.39,Bank Transfer,TC00036,True
TT02789,U00270,CR00053,2025-02-09,0.0,PayPal,TC00026,False
TT02790,U00271,CR00058,2025-06-11,0.0,Bank Transfer,TC00038,False
TT02791,U00273,CR00060,2025-02-24,0.0,PayPal,TC00017,False
TT02792,U00275,CR00019,2025-12-15,0.0,Bank Transfer,TC00010,False
TT02793,U00276,CR00025,2025-03-20,299.57,Credit Card,TC00016,True
TT02794,U00277,CR00018,2025-06-10,0.0,Credit Card,TC00038,False
TT02795,U00281,CR00020,2025-06-18,0.0,Credit Card,TC00014,False
TT02796,U00288,CR00033,2025-01-28,0.0,PayPal,TC00031,False
TT02797,U00289,CR00028,2025-08-17,0.78,Bank Transfer,TC00034,True
TT02798,U00294,CR00026,2025-07-05,0.0,Bank Transfer,TC00044,False
TT02799,U00295,CR00029,2025-06-06,0.0,PayPal,TC00026,False
TT02800,U00299,CR00014,2025-11-28,0.0,Bank Transfer,TC00028,False
TT02801,U00302,CR00051,2025-04-16,37.89,PayPal,TC00026,True
TT02802,U00304,CR00040,2025-07-16,327.99,Credit Card,TC00043,True
TT02803,U00305,CR00035,2025-11-12,0.0,Bank Transfer,TC00031,False
TT02804,U00306,CR00043,2025-12-22,0.0,PayPal,TC00023,False
TT02805,U00309,CR00038,2025-04-26,342.61,Bank Transfer,TC00043,True
TT02806,U00313,CR00059,2025-09-16,0.0,Bank Transfer,TC00017,False
TT02807,U00318,CR00011,2025-11-14,326.02,PayPal,TC00028,True
TT02808,U00319,CR00039,2025-05-26,346.71,PayPal,TC00009,True
TT02809,U00324,CR00004,2025-07-15,0.0,Bank Transfer,TC00038,False
TT02810,U00325,CR00014,2025-04-20,0.0,Credit Card,TC00028,False
TT02811,U00326,CR00052,2025-04-23,0.0,Bank Transfer,TC00026,False
TT02812,U00331,CR00006,2025-08-10,276.37,Bank Transfer,TC00047,True
TT02813,U00332,CR00027,2025-09-14,0.0,Credit Card,TC00025,False
TT02814,U00333,CR00045,2025-04-17,0.0,Bank Transfer,TC00044,False
TT02815,U00335,CR00035,2025-03-21,0.0,Bank Transfer,TC00031,False
TT02816,U00336,CR00048,2025-12-30,0.0,Bank Transfer,TC00027,False
TT02817,U00341,CR00017,2025-07-21,0.0,Bank Transfer,TC00034,False
TT02818,U00343,CR00029,2025-04-02,0.0,Bank Transfer,TC00036,False
TT02819,U00349,CR00029,2025-09-05,0.0,Credit Card,TC00017,False
TT02820,U00355,CR00010,2025-11-12,0.0,Bank Transfer,TC00051,False
TT02821,U00358,CR00037,2025-07-22,0.0,PayPal,TC00009,False
TT02822,U00359,CR00005,2025-07-23,0.0,PayPal,TC00022,False
TT02823,U00360,CR00021,2025-04-19,0.0,Credit Card,TC00010,False
TT02824,U00361,CR00016,2025-08-14,0.0,PayPal,TC00017,False
TT02825,U00363,CR00008,2025-11-12,0.0,Credit Card,TC00051,False
TT02826,U00364,CR00036,2025-04-20,0.0,Bank Transfer,TC00014,False
TT02827,U00368,CR00008,2025-03-18,0.0,Bank Transfer,TC00051,False
TT02828,U00372,CR00028,2025-07-27,0.78,PayPal,TC00017,True
TT02829,U00373,CR00013,2025-10-28,0.0,PayPal,TC00028,False
TT02830,U00374,CR00048,2025-12-05,0.0,PayPal,TC00027,False
TT02831,U00376,CR00009,2025-01-07,0.0,PayPal,TC00051,False
TT02832,U00377,CR00057,2025-10-12,177.34,PayPal,TC00017,True
TT02833,U00380,CR00028,2025-01-23,0.78,Bank Transfer,TC00022,True
TT02834,U00381,CR00010,2025-05-06,0.0,Bank Transfer,TC00051,False
TT02835,U00385,CR00030,2025-01-07,0.0,PayPal,TC00045,False
TT02836,U00387,CR00028,2025-08-10,0.78,Credit Card,TC00043,True
TT02837,U00391,CR00033,2025-08-15,0.0,Bank Transfer,TC00031,False
TT02838,U00393,CR00035,2025-02-26,0.0,Credit Card,TC00031,False
TT02839,U00395,CR00035,2025-12-26,0.0,Bank Transfer,TC00031,False
TT02840,U00397,CR00051,2025-02-11,37.89,PayPal,TC00034,True
TT02841,U00410,CR00053,2025-11-03,0.0,Credit Card,TC00045,False
TT02842,U00414,CR00007,2025-10-16,0.0,PayPal,TC00051,False
TT02843,U00420,CR00040,2025-04-28,327.99,Bank Transfer,TC00014,True
TT02844,U00421,CR00010,2025-10-21,0.0,Credit Card,TC00051,False
TT02845,U00425,CR00050,2025-08-21,490.9,Bank Transfer,TC00027,True
TT02846,U00428,CR00019,2025-06-26,0.0,Bank Transfer,TC00045,False
TT02847,U00429,CR00042,2025-09-04,0.0,Bank Transfer,TC00023,False
TT02848,U00431,CR00012,2025-10-10,487.92,Bank Transfer,TC00028,True
TT02849,U00432,CR00017,2025-08-30,0.0,Bank Transfer,TC00023,False
TT02850,U00433,CR00006,2025-01-28,276.37,Credit Card,TC00047,True
TT02851,U00434,CR00057,2025-02-06,177.34,PayPal,TC00022,True
TT02852,U00435,CR00044,2025-06-20,119.04,Bank Transfer,TC00044,True
TT02853,U00439,CR00008,2025-12-05,0.0,Bank Transfer,TC00051,False
TT02854,U00440,CR00053,2025-12-17,0.0,Credit Card,TC00026,False
TT02855,U00441,CR00051,2025-03-16,37.89,Bank Transfer,TC00034,True
TT02856,U00442,CR00015,2025-11-15,285.05,Credit Card,TC00028,True
TT02857,U00445,CR00015,2025-06-05,285.05,Bank Transfer,TC00028,True
TT02858,U00447,CR00023,2025-10-02,0.0,Credit Card,TC00010,False
TT02859,U00451,CR00046,2025-03-17,248.1,PayPal,TC00027,True
TT02860,U00453,CR00050,2025-01-14,490.9,Bank Transfer,TC00027,True
TT02861,U00459,CR00037,2025-10-14,0.0,PayPal,TC00043,False
TT02862,U00463,CR00037,2025-06-27,0.0,Bank Transfer,TC00043,False
TT02863,U00465,CR00028,2025-01-10,0.78,PayPal,TC00010,True
TT02864,U00467,CR00032,2025-07-30,0.0,Bank Transfer,TC00031,False
TT02865,U00468,CR00035,2025-01-27,0.0,Bank Transfer,TC00031,False
TT02866,U00470,CR00047,2025-11-22,89.59,PayPal,TC00027,True
TT02867,U00471,CR00058,2025-02-26,0.0,Bank Transfer,TC00017,False
TT02868,U00472,CR00036,2025-10-02,0.0,Bank Transfer,TC00014,False
TT02869,U00477,CR00051,2025-01-08,37.89,PayPal,TC00025,True
TT02870,U00480,CR00059,2025-10-14,0.0,PayPal,TC00038,False
TT02871,U00481,CR00011,2025-12-07,326.02,PayPal,TC00028,True
TT02872,U00482,CR00059,2025-07-26,0.0,PayPal,TC00017,False
TT02873,U00483,CR00012,2025-06-23,487.92,Bank Transfer,TC00028,True
TT02874,U00490,CR00014,2025-08-17,0.0,PayPal,TC00028,False
TT02875,U00491,CR00034,2025-08-09,394.26,Credit Card,TC00031,True
TT02876,U00492,CR00057,2025-02-17,177.34,Credit Card,TC00036,True
TT02877,U00493,CR00037,2025-01-17,0.0,Bank Transfer,TC00014,False
TT02878,U00499,CR00049,2025-04-01,415.51,Credit Card,TC00027,True
TT02879,U00501,CR00033,2025-06-03,0.0,Bank Transfer,TC00031,False
TT02880,U00508,CR00058,2025-03-26,0.0,Credit Card,TC00038,False
TT02881,U00509,CR00043,2025-05-10,0.0,Credit Card,TC00023,False
TT02882,U00510,CR00013,2025-04-23,0.0,PayPal,TC00028,False
TT02883,U00511,CR00019,2025-05-08,0.0,Bank Transfer,TC00003,False
TT02884,U00513,CR00058,2025-06-01,0.0,Credit Card,TC00017,False
TT02885,U00516,CR00057,2025-05-23,177.34,Credit Card,TC00038,True
TT02886,U00517,CR00021,2025-04-17,0.0,PayPal,TC00010,False
TT02887,U00518,CR00049,2025-11-21,415.51,Bank Transfer,TC00027,True
TT02888,U00520,CR00021,2025-11-11,0.0,Credit Card,TC00010,False
TT02889,U00523,CR00038,2025-09-16,342.61,PayPal,TC00043,True
TT02890,U00525,CR00059,2025-08-07,0.0,Credit Card,TC00038,False
TT02891,U00526,CR00048,2025-10-02,0.0,Bank Transfer,TC00027,False
TT02892,U00528,CR00005,2025-07-24,0.0,Bank Transfer,TC00016,False
TT02893,U00530,CR00041,2025-07-14,53.86,PayPal,TC00023,True
TT02894,U00532,CR00001,2025-02-11,472.28,Credit Card,TC00031,True
TT02895,U00536,CR00037,2025-01-02,0.0,Credit Card,TC00014,False
TT02896,U00538,CR00014,2025-04-08,0.0,Bank Transfer,TC00028,False
TT02897,U00539,CR00025,2025-04-20,299.57,Bank Transfer,TC00010,True
TT02898,U00540,CR00041,2025-11-22,53.86,Credit Card,TC00023,True
TT02899,U00542,CR00014,2025-09-24,0.0,Bank Transfer,TC00028,False
TT02900,U00544,CR00003,2025-10-09,0.0,PayPal,TC00016,False
TT02901,U00545,CR00048,2025-08-17,0.0,PayPal,TC00027,False
TT02902,U00546,CR00042,2025-07-03,0.0,PayPal,TC00044,False
TT02903,U00547,CR00057,2025-08-23,177.34,Credit Card,TC00022,True
TT02904,U00549,CR00041,2025-05-13,53.86,PayPal,TC00023,True
TT02905,U00554,CR00015,2025-07-16,285.05,Credit Card,TC00028,True
TT02906,U00561,CR00036,2025-11-13,0.0,Bank Transfer,TC00014,False
TT02907,U00568,CR00014,2025-09-13,0.0,PayPal,TC00028,False
TT02908,U00575,CR00042,2025-08-21,0.0,PayPal,TC00044,False
TT02909,U00577,CR00038,2025-04-03,342.61,Credit Card,TC00043,True
TT02910,U00578,CR00059,2025-01-11,0.0,Bank Transfer,TC00017,False
TT02911,U00579,CR00003,2025-10-10,0.0,Credit Card,TC00014,False
TT02912,U00582,CR00004,2025-09-27,0.0,Bank Transfer,TC00043,False
TT02913,U00589,CR00008,2025-04-11,0.0,PayPal,TC00047,False
TT02914,U00594,CR00003,2025-10-29,0.0,Bank Transfer,TC00044,False
TT02915,U00597,CR00046,2025-09-18,248.1,Credit Card,TC00027,True
TT02916,U00598,CR00049,2025-10-08,415.51,Bank Transfer,TC00027,True
TT02917,U00599,CR00030,2025-09-05,0.0,Credit Card,TC00014,False
TT02918,U00600,CR00060,2025-11-11,0.0,Credit Card,TC00036,False
TT02919,U00601,CR00053,2025-11-04,0.0,Bank Transfer,TC00034,False
TT02920,U00608,CR00002,2025-07-09,0.0,Credit Card,TC00023,False
TT02921,U00610,CR00017,2025-03-25,0.0,PayPal,TC00036,False
TT02922,U00612,CR00055,2025-05-02,57.32,PayPal,TC00025,True
TT02923,U00614,CR00058,2025-08-03,0.0,Credit Card,TC00022,False
TT02924,U00615,CR00014,2025-10-07,0.0,Bank Transfer,TC00028,False
TT02925,U00617,CR00023,2025-09-20,0.0,PayPal,TC00010,False
TT02926,U00618,CR00060,2025-06-29,0.0,Bank Transfer,TC00038,False
TT02927,U00620,CR00045,2025-04-29,0.0,PayPal,TC00044,False
TT02928,U00629,CR00007,2025-05-17,0.0,Bank Transfer,TC00003,False
TT02929,U00632,CR00027,2025-09-09,0.0,Credit Card,TC00034,False
TT02930,U00641,CR00038,2025-11-18,342.61,Credit Card,TC00009,True
TT02931,U00643,CR00040,2025-12-01,327.99,Credit Card,TC00009,True
TT02932,U00644,CR00004,2025-05-14,0.0,PayPal,TC00010,False
TT02933,U00646,CR00004,2025-07-06,0.0,Credit Card,TC00017,False
TT02934,U00647,CR00012,2025-01-16,487.92,Bank Transfer,TC00028,True
TT02935,U00649,CR00049,2025-11-24,415.51,PayPal,TC00027,True
TT02936,U00650,CR00016,2025-02-25,0.0,PayPal,TC00025,False
TT02937,U00656,CR00043,2025-04-25,0.0,PayPal,TC00044,False
TT02938,U00658,CR00059,2025-12-29,0.0,Bank Transfer,TC00038,False
TT02939,U00663,CR00015,2025-08-09,285.05,PayPal,TC00028,True
TT02940,U00664,CR00024,2025-02-18,117.68,Bank Transfer,TC00016,True
TT02941,U00669,CR00046,2025-01-13,248.1,Bank Transfer,TC00027,True
TT02942,U00674,CR00013,2025-01-04,0.0,PayPal,TC00028,False
TT02943,U00677,CR00049,2025-05-25,415.51,Credit Card,TC00027,True
TT02944,U00678,CR00043,2025-01-11,0.0,Credit Card,TC00044,False
TT02945,U00679,CR00006,2025-08-22,276.37,PayPal,TC00003,True
TT02946,U00680,CR00012,2025-11-06,487.92,PayPal,TC00028,True
TT02947,U00682,CR00058,2025-12-02,0.0,Credit Card,TC00022,False
TT02948,U00683,CR00007,2025-04-02,0.0,Bank Transfer,TC00051,False
TT02949,U00685,CR00012,2025-02-05,487.92,Credit Card,TC00028,True
TT02950,U00686,CR00052,2025-11-20,0.0,PayPal,TC00025,False
TT02951,U00690,CR00059,2025-03-02,0.0,Bank Transfer,TC00036,False
TT02952,U00691,CR00007,2025-11-06,0.0,Credit Card,TC00051,False
TT02953,U00692,CR00037,2025-12-21,0.0,Credit Card,TC00043,False
TT02954,U00693,CR00055,2025-01-21,57.32,Credit Card,TC00034,True
TT02955,U00694,CR00021,2025-10-27,0.0,Bank Transfer,TC00010,False
TT02956,U00695,CR00010,2025-06-03,0.0,Bank Transfer,TC00003,False
TT02957,U00697,CR00003,2025-02-20,0.0,Credit Card,TC00017,False
TT02958,U00705,CR00017,2025-04-24,0.0,Credit Card,TC00014,False
TT02959,U00707,CR00009,2025-05-19,0.0,Credit Card,TC00051,False
TT02960,U00708,CR00016,2025-02-06,0.0,Credit Card,TC00017,False
TT02961,U00710,CR00046,2025-05-07,248.1,Bank Transfer,TC00027,True
TT02962,U00715,CR00014,2025-02-22,0.0,Credit Card,TC00028,False
TT02963,U00717,CR00031,2025-07-13,0.0,Bank Transfer,TC00031,False
TT02964,U00720,CR00049,2025-12-21,415.51,Credit Card,TC00027,True
TT02965,U00721,CR00007,2025-04-03,0.0,PayPal,TC00047,False
TT02966,U00725,CR00054,2025-05-10,0.0,Credit Card,TC00026,False
TT02967,U00726,CR00001,2025-03-16,472.28,Bank Transfer,TC00003,True
TT02968,U00728,CR00020,2025-10-04,0.0,PayPal,TC00027,False
TT02969,U00732,CR00034,2025-06-29,394.26,Credit Card,TC00031,True
TT02970,U00739,CR00042,2025-01-16,0.0,Bank Transfer,TC00023,False
TT02971,U00742,CR00040,2025-03-14,327.99,Bank Transfer,TC00009,True
TT02972,U00744,CR00019,2025-12-17,0.0,PayPal,TC00025,False
TT02973,U00749,CR00016,2025-11-25,0.0,Bank Transfer,TC00043,False
TT02974,U00750,CR00012,2025-04-17,487.92,Credit Card,TC00028,True
TT02975,U00751,CR00005,2025-02-22,0.0,PayPal,TC00023,False
TT02976,U00756,CR00042,2025-05-07,0.0,Credit Card,TC00044,False
TT02977,U00757,CR00041,2025-08-28,53.86,Credit Card,TC00023,True
TT02978,U00758,CR00013,2025-02-15,0.0,Credit Card,TC00028,False
TT02979,U00759,CR00028,2025-04-06,0.78,Credit Card,TC00034,True
TT02980,U00761,CR00058,2025-11-26,0.0,Credit Card,TC00017,False
TT02981,U00762,CR00039,2025-09-19,346.71,PayPal,TC00043,True
TT02982,U00763,CR00023,2025-04-22,0.0,PayPal,TC00010,False
TT02983,U00769,CR00010,2025-10-16,0.0,PayPal,TC00047,False
TT02984,U00770,CR00026,2025-02-11,0.0,PayPal,TC00047,False
TT02985,U00773,CR00044,2025-05-07,119.04,Credit Card,TC00044,True
TT02986,U00774,CR00032,2025-03-02,0.0,Credit Card,TC00031,False
TT02987,U00776,CR00050,2025-04-02,490.9,PayPal,TC00027,True
TT02988,U00779,CR00032,2025-09-30,0.0,Bank Transfer,TC00031,False
TT02989,U00780,CR00002,2025-11-01,0.0,PayPal,TC00028,False
TT02990,U00781,CR00021,2025-01-07,0.0,PayPal,TC00016,False
TT02991,U00782,CR00007,2025-06-24,0.0,PayPal,TC00047,False
TT02992,U00785,CR00059,2025-02-28,0.0,PayPal,TC00038,False
TT02993,U00798,CR00008,2025-06-11,0.0,Credit Card,TC00047,False
TT02994,U00805,CR00020,2025-11-16,0.0,Bank Transfer,TC00047,False
TT02995,U00806,CR00022,2025-08-03,0.0,Bank Transfer,TC00016,False
TT02996,U00807,CR00038,2025-03-13,342.61,Bank Transfer,TC00043,True
TT02997,U00808,CR00048,2025-07-04,0.0,Bank Transfer,TC00027,False
TT02998,U00809,CR00050,2025-04-14,490.9,Credit Card,TC00027,True
TT02999,U00814,CR00018,2025-05-04,0.0,Bank Transfer,TC00010,False
TT03000,U00817,CR00054,2025-03-08,0.0,Credit Card,TC00025,False
TT03001,U00824,CR00042,2025-12-22,0.0,PayPal,TC00044,False
TT03002,U00826,CR00041,2025-06-10,53.86,Credit Card,TC00023,True
TT03003,U00830,CR00011,2025-05-15,326.02,PayPal,TC00028,True
TT03004,U00832,CR00003,2025-06-08,0.0,Credit Card,TC00017,False
TT03005,U00834,CR00052,2025-09-25,0.0,Credit Card,TC00045,False
TT03006,U00835,CR00023,2025-07-23,0.0,PayPal,TC00016,False
TT03007,U00844,CR00016,2025-02-05,0.0,Bank Transfer,TC00031,False
TT03008,U00846,CR00055,2025-05-27,57.32,Credit Card,TC00034,True
TT03009,U00847,CR00059,2025-10-20,0.0,Bank Transfer,TC00017,False
TT03010,U00851,CR00026,2025-06-10,0.0,Credit Card,TC00010,False
TT03011,U00855,CR00005,2025-09-01,0.0,Bank Transfer,TC00016,False
TT03012,U00856,CR00060,2025-08-13,0.0,PayPal,TC00017,False
TT03013,U00857,CR00054,2025-06-20,0.0,Credit Card,TC00026,False
TT03014,U00859,CR00023,2025-08-07,0.0,PayPal,TC00016,False
TT03015,U00860,CR00050,2025-05-10,490.9,PayPal,TC00027,True
TT03016,U00861,CR00030,2025-10-10,0.0,Bank Transfer,TC00038,False
TT03017,U00863,CR00004,2025-05-30,0.0,Credit Card,TC00051,False
TT03018,U00865,CR00015,2025-09-08,285.05,Credit Card,TC00028,True
TT03019,U00866,CR00026,2025-06-02,0.0,Bank Transfer,TC00016,False
TT03020,U00872,CR00054,2025-11-15,0.0,PayPal,TC00026,False
TT03021,U00877,CR00050,2025-08-12,490.9,Bank Transfer,TC00027,True
TT03022,U00878,CR00057,2025-05-24,177.34,Credit Card,TC00036,True
TT03023,U00880,CR00057,2025-08-05,177.34,PayPal,TC00038,True
TT03024,U00882,CR00060,2025-03-14,0.0,Bank Transfer,TC00022,False
TT03025,U00884,CR00012,2025-08-15,487.92,PayPal,TC00028,True
TT03026,U00885,CR00024,2025-07-04,117.68,Credit Card,TC00016,True
TT03027,U00889,CR00023,2025-04-24,0.0,PayPal,TC00016,False
TT03028,U00897,CR00057,2025-11-22,177.34,Bank Transfer,TC00036,True
TT03029,U00901,CR00033,2025-03-19,0.0,PayPal,TC00031,False
TT03030,U00904,CR00060,2025-06-26,0.0,PayPal,TC00036,False
TT03031,U00905,CR00010,2025-03-27,0.0,Bank Transfer,TC00051,False
TT03032,U00906,CR00025,2025-01-29,299.57,Credit Card,TC00016,True
TT03033,U00908,CR00033,2025-09-20,0.0,Bank Transfer,TC00031,False
TT03034,U00909,CR00004,2025-01-18,0.0,Credit Card,TC00009,False
TT03035,U00912,CR00031,2025-12-22,0.0,Credit Card,TC00031,False
TT03036,U00913,CR00055,2025-10-19,57.32,Bank Transfer,TC00025,True
TT03037,U00916,CR00023,2025-01-30,0.0,PayPal,TC00016,False
TT03038,U00924,CR00032,2025-04-08,0.0,Credit Card,TC00031,False
TT03039,U00932,CR00055,2025-06-23,57.32,Bank Transfer,TC00026,True
TT03040,U00933,CR00004,2025-08-25,0.0,Credit Card,TC00022,False
TT03041,U00934,CR00036,2025-08-11,0.0,Credit Card,TC00014,False
TT03042,U00935,CR00022,2025-02-24,0.0,Bank Transfer,TC00010,False
TT03043,U00936,CR00058,2025-11-22,0.0,PayPal,TC00017,False
TT03044,U00939,CR00021,2025-01-07,0.0,Credit Card,TC00016,False
TT03045,U00940,CR00031,2025-07-10,0.0,Bank Transfer,TC00031,False
TT03046,U00942,CR00043,2025-06-23,0.0,Bank Transfer,TC00044,False
TT03047,U00945,CR00036,2025-04-30,0.0,Bank Transfer,TC00043,False
TT03048,U00946,CR00016,2025-09-05,0.0,Bank Transfer,TC00045,False
TT03049,U00947,CR00060,2025-04-03,0.0,Bank Transfer,TC00036,False
TT03050,U00956,CR00040,2025-05-20,327.99,PayPal,TC00014,True
TT03051,U00960,CR00007,2025-11-23,0.0,Credit Card,TC00003,False
TT03052,U00962,CR00014,2025-03-25,0.0,Credit Card,TC00028,False
TT03053,U00965,CR00060,2025-01-01,0.0,Credit Card,TC00036,False
TT03054,U00966,CR00002,2025-05-22,0.0,PayPal,TC00045,False
TT03055,U00969,CR00046,2025-03-02,248.1,PayPal,TC00027,True
TT03056,U00973,CR00055,2025-11-16,57.32,Bank Transfer,TC00026,True
TT03057,U00974,CR00059,2025-06-03,0.0,Bank Transfer,TC00036,False
TT03058,U00975,CR00054,2025-09-15,0.0,PayPal,TC00025,False
TT03059,U00978,CR00009,2025-06-05,0.0,Bank Transfer,TC00003,False
TT03060,U00982,CR00039,2025-08-09,346.71,PayPal,TC00043,True
TT03061,U00985,CR00027,2025-08-19,0.0,Credit Card,TC00051,False
TT03062,U00987,CR00058,2025-11-03,0.0,PayPal,TC00036,False
TT03063,U00990,CR00042,2025-07-19,0.0,Credit Card,TC00023,False
TT03064,U00991,CR00047,2025-05-15,89.59,PayPal,TC00027,True
TT03065,U00993,CR00011,2025-11-26,326.02,Credit Card,TC00028,True
TT03066,U00996,CR00059,2025-05-14,0.0,Credit Card,TC00036,False
TT03067,U01005,CR00044,2025-12-11,119.04,PayPal,TC00023,True
TT03068,U01007,CR00042,2025-07-28,0.0,Bank Transfer,TC00023,False
TT03069,U01009,CR00028,2025-02-02,0.78,Credit Card,TC00010,True
TT03070,U01010,CR00007,2025-06-22,0.0,Bank Transfer,TC00003,False
TT03071,U01011,CR00046,2025-09-07,248.1,Bank Transfer,TC00027,True
TT03072,U01012,CR00040,2025-04-21,327.99,Credit Card,TC00014,True
TT03073,U01029,CR00044,2025-08-07,119.04,Bank Transfer,TC00023,True
TT03074,U01038,CR00038,2025-05-12,342.61,PayPal,TC00014,True
TT03075,U01040,CR00015,2025-11-26,285.05,PayPal,TC00028,True
TT03076,U01041,CR00053,2025-06-18,0.0,Bank Transfer,TC00034,False
TT03077,U01042,CR00037,2025-04-30,0.0,Credit Card,TC00043,False
TT03078,U01044,CR00053,2025-05-03,0.0,PayPal,TC00045,False
TT03079,U01046,CR00041,2025-04-11,53.86,Bank Transfer,TC00023,True
TT03080,U01047,CR00009,2025-12-24,0.0,PayPal,TC00051,False
TT03081,U01050,CR00031,2025-12-17,0.0,Credit Card,TC00031,False
TT03082,U01053,CR00023,2025-09-18,0.0,Credit Card,TC00016,False
TT03083,U01057,CR00042,2025-07-25,0.0,PayPal,TC00044,False
TT03084,U01060,CR00044,2025-08-16,119.04,Credit Card,TC00023,True
TT03085,U01062,CR00010,2025-02-22,0.0,Credit Card,TC00051,False
TT03086,U01063,CR00053,2025-01-26,0.0,Credit Card,TC00025,False
TT03087,U01067,CR00031,2025-06-19,0.0,Bank Transfer,TC00031,False
TT03088,U01069,CR00035,2025-08-06,0.0,Credit Card,TC00031,False
TT03089,U01070,CR00043,2025-09-28,0.0,PayPal,TC00023,False
TT03090,U01074,CR00045,2025-07-28,0.0,Bank Transfer,TC00044,False
TT03091,U01076,CR00010,2025-05-18,0.0,Credit Card,TC00003,False
TT03092,U01080,CR00024,2025-09-29,117.68,Credit Card,TC00010,True
TT03093,U01081,CR00011,2025-02-02,326.02,Bank Transfer,TC00028,True
TT03094,U01082,CR00042,2025-08-21,0.0,PayPal,TC00023,False
TT03095,U01086,CR00024,2025-06-14,117.68,Credit Card,TC00016,True
TT03096,U01087,CR00025,2025-12-10,299.57,Credit Card,TC00016,True
TT03097,U01093,CR00003,2025-05-28,0.0,PayPal,TC00010,False
TT03098,U01097,CR00053,2025-05-06,0.0,Bank Transfer,TC00026,False
TT03099,U01099,CR00017,2025-12-19,0.0,Bank Transfer,TC00027,False
TT03100,U01104,CR00028,2025-04-16,0.78,Credit Card,TC00027,True
TT03101,U01105,CR00032,2025-03-17,0.0,Credit Card,TC00031,False
TT03102,U01106,CR00040,2025-02-07,327.99,PayPal,TC00043,True
TT03103,U01107,CR00048,2025-12-15,0.0,PayPal,TC00027,False
TT03104,U01111,CR00029,2025-09-28,0.0,Bank Transfer,TC00034,False
TT03105,U01112,CR00056,2025-11-12,212.39,PayPal,TC00038,True
TT03106,U01113,CR00012,2025-03-27,487.92,Credit Card,TC00028,True
TT03107,U01114,CR00023,2025-01-09,0.0,PayPal,TC00010,False
TT03108,U01115,CR00040,2025-07-19,327.99,Bank Transfer,TC00014,True
TT03109,U01116,CR00045,2025-10-13,0.0,PayPal,TC00023,False
TT03110,U01117,CR00002,2025-08-23,0.0,PayPal,TC00045,False
TT03111,U01118,CR00044,2025-12-28,119.04,PayPal,TC00023,True
TT03112,U01119,CR00002,2025-05-09,0.0,Credit Card,TC00026,False
TT03113,U01121,CR00024,2025-03-28,117.68,Bank Transfer,TC00016,True
TT03114,U01129,CR00011,2025-06-17,326.02,PayPal,TC00028,True
TT03115,U01130,CR00041,2025-07-25,53.86,Bank Transfer,TC00023,True
TT03116,U01133,CR00009,2025-12-19,0.0,Bank Transfer,TC00047,False
TT03117,U01139,CR00003,2025-01-26,0.0,Credit Card,TC00036,False
TT03118,U01140,CR00044,2025-09-17,119.04,Bank Transfer,TC00044,True
TT03119,U01141,CR00006,2025-06-08,276.37,Credit Card,TC00051,True
TT03120,U01145,CR00001,2025-07-08,472.28,PayPal,TC00027,True
TT03121,U01147,CR00002,2025-07-08,0.0,Credit Card,TC00017,False
TT03122,U01150,CR00041,2025-03-18,53.86,Credit Card,TC00044,True
TT03123,U01152,CR00039,2025-10-26,346.71,Credit Card,TC00043,True
TT03124,U01153,CR00038,2025-02-24,342.61,Credit Card,TC00014,True
TT03125,U01159,CR00016,2025-04-27,0.0,PayPal,TC00025,False
TT03126,U01164,CR00053,2025-02-01,0.0,Credit Card,TC00045,False
TT03127,U01168,CR00051,2025-03-13,37.89,Bank Transfer,TC00045,True
TT03128,U01169,CR00026,2025-11-25,0.0,Credit Card,TC00014,False
TT03129,U01171,CR00040,2025-10-09,327.99,Credit Card,TC00014,True
TT03130,U01175,CR00008,2025-04-17,0.0,Credit Card,TC00047,False
TT03131,U01181,CR00003,2025-05-22,0.0,Bank Transfer,TC00047,False
TT03132,U01184,CR00041,2025-09-08,53.86,Bank Transfer,TC00044,True
TT03133,U01186,CR00048,2025-04-01,0.0,Credit Card,TC00027,False
TT03134,U01187,CR00032,2025-09-25,0.0,Bank Transfer,TC00031,False
TT03135,U01188,CR00030,2025-04-18,0.0,Bank Transfer,TC00045,False
TT03136,U01190,CR00035,2025-07-17,0.0,PayPal,TC00031,False
TT03137,U01191,CR00001,2025-12-17,472.28,Credit Card,TC00045,True
TT03138,U01192,CR00020,2025-10-26,0.0,Bank Transfer,TC00038,False
TT03139,U01195,CR00012,2025-07-09,487.92,Credit Card,TC00028,True
TT03140,U01198,CR00008,2025-02-06,0.0,Bank Transfer,TC00047,False
TT03141,U01199,CR00053,2025-07-11,0.0,Credit Card,TC00026,False
TT03142,U01206,CR00051,2025-02-21,37.89,PayPal,TC00045,True
TT03143,U01207,CR00026,2025-02-23,0.0,PayPal,TC00045,False
TT03144,U01208,CR00020,2025-05-30,0.0,PayPal,TC00027,False
TT03145,U01212,CR00010,2025-12-27,0.0,Bank Transfer,TC00051,False
TT03146,U01213,CR00057,2025-01-20,177.34,Credit Card,TC00022,True
TT03147,U01215,CR00050,2025-04-15,490.9,Credit Card,TC00027,True
TT03148,U01217,CR00020,2025-06-15,0.0,Credit Card,TC00031,False
TT03149,U01219,CR00024,2025-11-11,117.68,Bank Transfer,TC00016,True
TT03150,U01220,CR00015,2025-12-01,285.05,PayPal,TC00028,True
TT03151,U01223,CR00059,2025-03-23,0.0,Bank Transfer,TC00022,False
TT03152,U01227,CR00040,2025-01-10,327.99,Credit Card,TC00043,True
TT03153,U01234,CR00019,2025-12-12,0.0,PayPal,TC00028,False
TT03154,U01236,CR00021,2025-11-01,0.0,Credit Card,TC00016,False
TT03155,U01238,CR00021,2025-05-02,0.0,PayPal,TC00016,False
TT03156,U01240,CR00027,2025-11-27,0.0,Credit Card,TC00025,False
TT03157,U01245,CR00048,2025-02-02,0.0,PayPal,TC00027,False
TT03158,U01253,CR00056,2025-06-08,212.39,Bank Transfer,TC00022,True
TT03159,U01254,CR00027,2025-05-23,0.0,Bank Transfer,TC00051,False
TT03160,U01256,CR00002,2025-03-21,0.0,Credit Card,TC00016,False
TT03161,U01263,CR00050,2025-09-03,490.9,PayPal,TC00027,True
TT03162,U01264,CR00035,2025-12-15,0.0,PayPal,TC00031,False
TT03163,U01272,CR00010,2025-09-23,0.0,Credit Card,TC00047,False
TT03164,U01273,CR00048,2025-07-28,0.0,Bank Transfer,TC00027,False
TT03165,U01274,CR00039,2025-04-17,346.71,Credit Card,TC00009,True
TT03166,U01275,CR00035,2025-05-15,0.0,Bank Transfer,TC00031,False
TT03167,U01283,CR00027,2025-11-12,0.0,Credit Card,TC00028,False
TT03168,U01289,CR00007,2025-01-22,0.0,Credit Card,TC00047,False
TT03169,U01292,CR00053,2025-03-19,0.0,Credit Card,TC00034,False
TT03170,U01293,CR00034,2025-07-25,394.26,Credit Card,TC00031,True
TT03171,U01294,CR00007,2025-05-07,0.0,PayPal,TC00003,False
TT03172,U01296,CR00036,2025-09-19,0.0,Bank Transfer,TC00014,False
TT03173,U01298,CR00058,2025-09-04,0.0,PayPal,TC00038,False
TT03174,U01299,CR00016,2025-07-01,0.0,Credit Card,TC00027,False
TT03175,U01306,CR00053,2025-08-26,0.0,Bank Transfer,TC00026,False
TT03176,U01307,CR00010,2025-06-12,0.0,Bank Transfer,TC00047,False
TT03177,U01308,CR00032,2025-02-06,0.0,Credit Card,TC00031,False
TT03178,U01311,CR00040,2025-03-04,327.99,PayPal,TC00014,True
TT03179,U01312,CR00007,2025-03-26,0.0,PayPal,TC00003,False
TT03180,U01316,CR00014,2025-09-05,0.0,Credit Card,TC00028,False
TT03181,U01319,CR00016,2025-09-25,0.0,Credit Card,TC00026,False
TT03182,U01324,CR00059,2025-04-15,0.0,PayPal,TC00022,False
TT03183,U01327,CR00012,2025-09-26,487.92,Credit Card,TC00028,True
TT03184,U01328,CR00046,2025-11-15,248.1,Credit Card,TC00027,True
TT03185,U01333,CR00007,2025-07-12,0.0,Bank Transfer,TC00047,False
TT03186,U01335,CR00026,2025-05-01,0.0,PayPal,TC00023,False
TT03187,U01345,CR00052,2025-02-23,0.0,Credit Card,TC00045,False
TT03188,U01349,CR00030,2025-12-25,0.0,Credit Card,TC00031,False
TT03189,U01353,CR00052,2025-07-24,0.0,PayPal,TC00026,False
TT03190,U01357,CR00028,2025-01-05,0.78,Credit Card,TC00022,True
TT03191,U01360,CR00044,2025-04-14,119.04,Credit Card,TC00023,True
TT03192,U01361,CR00052,2025-05-25,0.0,Credit Card,TC00025,False
TT03193,U01366,CR00045,2025-01-08,0.0,Bank Transfer,TC00044,False
TT03194,U01371,CR00023,2025-10-05,0.0,Credit Card,TC00010,False
TT03195,U01372,CR00059,2025-02-14,0.0,Credit Card,TC00022,False
TT03196,U01373,CR00033,2025-05-06,0.0,PayPal,TC00031,False
TT03197,U01374,CR00060,2025-04-08,0.0,PayPal,TC00022,False
TT03198,U01376,CR00036,2025-07-19,0.0,Bank Transfer,TC00043,False
TT03199,U01380,CR00051,2025-10-25,37.89,Credit Card,TC00045,True
TT03200,U01381,CR00043,2025-10-25,0.0,PayPal,TC00023,False
TT03201,U01383,CR00033,2025-06-03,0.0,PayPal,TC00031,False
TT03202,U01386,CR00012,2025-03-11,487.92,Credit Card,TC00028,True
TT03203,U01387,CR00022,2025-06-16,0.0,Credit Card,TC00016,False
TT03204,U01389,CR00003,2025-04-01,0.0,PayPal,TC00034,False
TT03205,U01391,CR00014,2025-06-17,0.0,Credit Card,TC00028,False
TT03206,U01393,CR00023,2025-01-29,0.0,Credit Card,TC00016,False
TT03207,U01398,CR00053,2025-02-17,0.0,Credit Card,TC00045,False
TT03208,U01400,CR00048,2025-12-01,0.0,Bank Transfer,TC00027,False
TT03209,U01403,CR00031,2025-05-14,0.0,PayPal,TC00031,False
TT03210,U01404,CR00053,2025-06-06,0.0,Credit Card,TC00034,False
TT03211,U01406,CR00053,2025-01-10,0.0,Bank Transfer,TC00045,False
TT03212,U01407,CR00016,2025-03-19,0.0,Credit Card,TC00010,False
TT03213,U01410,CR00051,2025-06-02,37.89,Bank Transfer,TC00034,True
TT03214,U01413,CR00030,2025-05-02,0.0,Credit Card,TC00016,False
TT03215,U01418,CR00010,2025-05-21,0.0,Credit Card,TC00047,False
TT03216,U01423,CR00010,2025-08-03,0.0,Credit Card,TC00051,False
TT03217,U01425,CR00036,2025-09-29,0.0,Credit Card,TC00009,False
TT03218,U01426,CR00047,2025-10-15,89.59,Credit Card,TC00027,True
TT03219,U01427,CR00048,2025-05-14,0.0,PayPal,TC00027,False
TT03220,U01428,CR00017,2025-12-26,0.0,Credit Card,TC00038,False
TT03221,U01437,CR00043,2025-06-05,0.0,PayPal,TC00023,False
TT03222,U01441,CR00040,2025-03-20,327.99,Credit Card,TC00014,True
TT03223,U01447,CR00014,2025-04-18,0.0,Credit Card,TC00028,False
TT03224,U01448,CR00021,2025-03-26,0.0,Credit Card,TC00016,False
TT03225,U01456,CR00043,2025-10-04,0.0,Credit Card,TC00044,False
TT03226,U01457,CR00034,2025-05-29,394.26,PayPal,TC00031,True
TT03227,U01458,CR00013,2025-04-14,0.0,PayPal,TC00028,False
TT03228,U01459,CR00005,2025-02-10,0.0,Credit Card,TC00051,False
TT03229,U01461,CR00040,2025-10-16,327.99,PayPal,TC00014,True
TT03230,U01462,CR00056,2025-06-15,212.39,Credit Card,TC00036,True
TT03231,U01464,CR00009,2025-08-21,0.0,Credit Card,TC00003,False
TT03232,U01467,CR00012,2025-09-13,487.92,Credit Card,TC00028,True
TT03233,U01471,CR00048,2025-01-13,0.0,Bank Transfer,TC00027,False
TT03234,U01477,CR00060,2025-11-19,0.0,PayPal,TC00038,False
TT03235,U01478,CR00002,2025-04-10,0.0,Credit Card,TC00022,False
TT03236,U01479,CR00043,2025-11-22,0.0,PayPal,TC00023,False
TT03237,U01481,CR00030,2025-12-21,0.0,Credit Card,TC00017,False
TT03238,U01483,CR00009,2025-03-10,0.0,Bank Transfer,TC00047,False
TT03239,U01484,CR00005,2025-07-12,0.0,Credit Card,TC00043,False
TT03240,U01485,CR00043,2025-05-26,0.0,PayPal,TC00044,False
TT03241,U01486,CR00045,2025-07-23,0.0,PayPal,TC00044,False
TT03242,U01489,CR00012,2025-06-10,487.92,Credit Card,TC00028,True
TT03243,U01490,CR00031,2025-10-18,0.0,Bank Transfer,TC00031,False
TT03244,U01494,CR00032,2025-05-22,0.0,Bank Transfer,TC00031,False
TT03245,U01499,CR00027,2025-04-10,0.0,Credit Card,TC00047,False
TT03246,U01501,CR00044,2025-02-26,119.04,Credit Card,TC00023,True
TT03247,U01502,CR00055,2025-12-11,57.32,Bank Transfer,TC00034,True
TT03248,U01503,CR00006,2025-06-15,276.37,PayPal,TC00051,True
TT03249,U01504,CR00001,2025-09-18,472.28,Bank Transfer,TC00036,True
TT03250,U01508,CR00035,2025-08-24,0.0,Bank Transfer,TC00031,False
TT03251,U01513,CR00042,2025-06-05,0.0,PayPal,TC00023,False
TT03252,U01516,CR00007,2025-03-13,0.0,PayPal,TC00003,False
TT03253,U01518,CR00050,2025-02-09,490.9,PayPal,TC00027,True
TT03254,U01520,CR00059,2025-02-13,0.0,PayPal,TC00017,False
TT03255,U01521,CR00040,2025-11-27,327.99,Bank Transfer,TC00014,True
TT03256,U01527,CR00051,2025-11-11,37.89,Credit Card,TC00045,True
TT03257,U01534,CR00035,2025-03-19,0.0,PayPal,TC00031,False
TT03258,U01539,CR00026,2025-03-04,0.0,Bank Transfer,TC00038,False
TT03259,U01540,CR00035,2025-12-07,0.0,Credit Card,TC00031,False
TT03260,U01542,CR00057,2025-07-27,177.34,Credit Card,TC00038,True
TT03261,U01544,CR00044,2025-07-15,119.04,Credit Card,TC00044,True
TT03262,U01545,CR00052,2025-12-08,0.0,Credit Card,TC00025,False
TT03263,U01546,CR00048,2025-05-08,0.0,PayPal,TC00027,False
TT03264,U01550,CR00030,2025-08-06,0.0,Bank Transfer,TC00043,False
TT03265,U01551,CR00019,2025-08-26,0.0,PayPal,TC00017,False
TT03266,U01552,CR00010,2025-06-24,0.0,PayPal,TC00047,False
TT03267,U01555,CR00022,2025-04-01,0.0,PayPal,TC00016,False
TT03268,U01557,CR00027,2025-10-17,0.0,Credit Card,TC00023,False
TT03269,U01558,CR00055,2025-11-05,57.32,Credit Card,TC00034,True
TT03270,U01559,CR00047,2025-04-26,89.59,Bank Transfer,TC00027,True
TT03271,U01560,CR00021,2025-12-17,0.0,Bank Transfer,TC00016,False
TT03272,U01562,CR00060,2025-07-30,0.0,Credit Card,TC00017,False
TT03273,U01563,CR00042,2025-12-22,0.0,Credit Card,TC00044,False
TT03274,U01564,CR00039,2025-11-26,346.71,PayPal,TC00014,True
TT03275,U01565,CR00056,2025-01-29,212.39,Credit Card,TC00038,True
TT03276,U01566,CR00048,2025-08-20,0.0,Credit Card,TC00027,False
TT03277,U01567,CR00060,2025-06-28,0.0,Bank Transfer,TC00038,False
TT03278,U01569,CR00018,2025-01-06,0.0,Credit Card,TC00045,False
TT03279,U01572,CR00041,2025-07-02,53.86,Bank Transfer,TC00023,True
TT03280,U01574,CR00039,2025-06-06,346.71,Bank Transfer,TC00014,True
TT03281,U01577,CR00008,2025-09-18,0.0,Credit Card,TC00051,False
TT03282,U01579,CR00045,2025-06-04,0.0,Credit Card,TC00023,False
TT03283,U01584,CR00058,2025-12-27,0.0,Credit Card,TC00017,False
TT03284,U01588,CR00037,2025-02-15,0.0,Bank Transfer,TC00009,False
TT03285,U01589,CR00035,2025-03-18,0.0,PayPal,TC00031,False
TT03286,U01593,CR00058,2025-11-04,0.0,Credit Card,TC00038,False
TT03287,U01598,CR00054,2025-11-27,0.0,Bank Transfer,TC00034,False
TT03288,U01600,CR00011,2025-06-15,326.02,Bank Transfer,TC00028,True
TT03289,U01604,CR00037,2025-02-10,0.0,PayPal,TC00014,False
TT03290,U01605,CR00055,2025-11-19,57.32,PayPal,TC00026,True
TT03291,U01606,CR00039,2025-04-30,346.71,Bank Transfer,TC00014,True
TT03292,U01607,CR00047,2025-01-12,89.59,Bank Transfer,TC00027,True
TT03293,U01610,CR00018,2025-12-15,0.0,Bank Transfer,TC00009,False
TT03294,U01615,CR00027,2025-03-24,0.0,PayPal,TC00025,False
TT03295,U01616,CR00054,2025-03-10,0.0,Bank Transfer,TC00025,False
TT03296,U01617,CR00005,2025-10-19,0.0,Credit Card,TC00016,False
TT03297,U01619,CR00050,2025-05-15,490.9,Credit Card,TC00027,True
TT03298,U01623,CR00060,2025-12-09,0.0,Bank Transfer,TC00017,False
TT03299,U01626,CR00043,2025-08-19,0.0,Credit Card,TC00044,False
TT03300,U01629,CR00041,2025-01-29,53.86,Bank Transfer,TC00023,True
TT03301,U01630,CR00023,2025-10-23,0.0,PayPal,TC00010,False
TT03302,U01632,CR00033,2025-04-16,0.0,Credit Card,TC00031,False
TT03303,U01639,CR00002,2025-01-08,0.0,PayPal,TC00028,False
TT03304,U01641,CR00042,2025-05-10,0.0,Credit Card,TC00023,False
TT03305,U01642,CR00022,2025-05-18,0.0,Credit Card,TC00016,False
TT03306,U01650,CR00027,2025-01-01,0.0,PayPal,TC00036,False
TT03307,U01651,CR00056,2025-01-24,212.39,Credit Card,TC00036,True
TT03308,U01655,CR00027,2025-12-03,0.0,PayPal,TC00043,False
TT03309,U01657,CR00022,2025-01-01,0.0,Bank Transfer,TC00010,False
TT03310,U01658,CR00057,2025-09-12,177.34,PayPal,TC00038,True
TT03311,U01661,CR00054,2025-10-10,0.0,Credit Card,TC00045,False
TT03312,U01668,CR00029,2025-08-09,0.0,Credit Card,TC00038,False
TT03313,U01670,CR00054,2025-10-21,0.0,PayPal,TC00034,False
TT03314,U01672,CR00009,2025-01-17,0.0,Credit Card,TC00047,False
TT03315,U01675,CR00034,2025-08-26,394.26,Credit Card,TC00031,True
TT03316,U01676,CR00017,2025-09-27,0.0,Credit Card,TC00045,False
TT03317,U01679,CR00010,2025-08-22,0.0,Credit Card,TC00003,False
TT03318,U01680,CR00013,2025-04-06,0.0,Bank Transfer,TC00028,False
TT03319,U01681,CR00037,2025-01-25,0.0,Credit Card,TC00043,False
TT03320,U01685,CR00030,2025-06-26,0.0,Bank Transfer,TC00025,False
TT03321,U01686,CR00018,2025-11-16,0.0,Credit Card,TC00010,False
TT03322,U01691,CR00051,2025-01-11,37.89,Credit Card,TC00045,True
TT03323,U01694,CR00038,2025-04-10,342.61,PayPal,TC00043,True
TT03324,U01700,CR00011,2025-11-28,326.02,Bank Transfer,TC00028,True
TT03325,U01701,CR00024,2025-11-04,117.68,PayPal,TC00016,True
TT03326,U01705,CR00001,2025-02-04,472.28,PayPal,TC00038,True
TT03327,U01706,CR00003,2025-09-28,0.0,Credit Card,TC00044,False
TT03328,U01710,CR00034,2025-08-17,394.26,PayPal,TC00031,True
TT03329,U01711,CR00041,2025-09-08,53.86,PayPal,TC00023,True
TT03330,U01712,CR00045,2025-01-25,0.0,Bank Transfer,TC00023,False
TT03331,U01714,CR00023,2025-05-02,0.0,Bank Transfer,TC00010,False
TT03332,U01716,CR00055,2025-09-03,57.32,PayPal,TC00034,True
TT03333,U01718,CR00008,2025-05-28,0.0,Bank Transfer,TC00051,False
TT03334,U01719,CR00044,2025-11-20,119.04,Bank Transfer,TC00044,True
TT03335,U01722,CR00027,2025-08-20,0.0,Credit Card,TC00038,False
TT03336,U01723,CR00008,2025-10-05,0.0,Bank Transfer,TC00051,False
TT03337,U01727,CR00033,2025-03-02,0.0,Credit Card,TC00031,False
TT03338,U01730,CR00007,2025-08-14,0.0,Credit Card,TC00051,False
TT03339,U01731,CR00042,2025-01-07,0.0,Credit Card,TC00044,False
TT03340,U01735,CR00055,2025-06-24,57.32,Credit Card,TC00026,True
TT03341,U01736,CR00021,2025-02-03,0.0,PayPal,TC00016,False
TT03342,U01737,CR00005,2025-12-10,0.0,Bank Transfer,TC00028,False
TT03343,U01739,CR00019,2025-10-04,0.0,Bank Transfer,TC00026,False
TT03344,U01740,CR00019,2025-11-18,0.0,Credit Card,TC00044,False
TT03345,U01743,CR00027,2025-11-30,0.0,Bank Transfer,TC00027,False
TT03346,U01748,CR00034,2025-12-13,394.26,Bank Transfer,TC00031,True
TT03347,U01749,CR00006,2025-10-07,276.37,PayPal,TC00047,True
TT03348,U01751,CR00028,2025-03-19,0.78,Credit Card,TC00026,True
TT03349,U01753,CR00013,2025-09-05,0.0,Bank Transfer,TC00028,False
TT03350,U01755,CR00015,2025-11-24,285.05,Bank Transfer,TC00028,True
TT03351,U01757,CR00004,2025-08-18,0.0,Credit Card,TC00028,False
TT03352,U01758,CR00011,2025-08-07,326.02,Credit Card,TC00028,True
TT03353,U01760,CR00050,2025-07-06,490.9,Bank Transfer,TC00027,True
TT03354,U01763,CR00046,2025-07-30,248.1,Credit Card,TC00027,True
TT03355,U01765,CR00018,2025-07-23,0.0,PayPal,TC00027,False
TT03356,U01767,CR00058,2025-03-06,0.0,Credit Card,TC00017,False
TT03357,U01772,CR00018,2025-03-16,0.0,PayPal,TC00031,False
TT03358,U01777,CR00052,2025-12-09,0.0,Credit Card,TC00026,False
TT03359,U01779,CR00016,2025-01-04,0.0,PayPal,TC00034,False
TT03360,U01781,CR00037,2025-09-08,0.0,PayPal,TC00043,False
TT03361,U01782,CR00003,2025-09-07,0.0,Bank Transfer,TC00022,False
TT03362,U01784,CR00044,2025-10-15,119.04,PayPal,TC00044,True
TT03363,U01793,CR00033,2025-02-07,0.0,Credit Card,TC00031,False
TT03364,U01794,CR00013,2025-03-09,0.0,Credit Card,TC00028,False
TT03365,U01796,CR00053,2025-03-22,0.0,PayPal,TC00045,False
TT03366,U01797,CR00050,2025-09-15,490.9,Credit Card,TC00027,True
TT03367,U01798,CR00012,2025-10-06,487.92,Bank Transfer,TC00028,True
TT03368,U01799,CR00014,2025-12-05,0.0,Bank Transfer,TC00028,False
TT03369,U01801,CR00034,2025-02-16,394.26,Credit Card,TC00031,True
TT03370,U01806,CR00043,2025-01-17,0.0,PayPal,TC00023,False
TT03371,U01811,CR00045,2025-11-07,0.0,PayPal,TC00023,False
TT03372,U01813,CR00022,2025-03-03,0.0,Bank Transfer,TC00010,False
TT03373,U01815,CR00009,2025-08-28,0.0,PayPal,TC00047,False
TT03374,U01817,CR00013,2025-04-18,0.0,Credit Card,TC00028,False
TT03375,U01819,CR00017,2025-08-14,0.0,PayPal,TC00016,False
TT03376,U01821,CR00014,2025-07-27,0.0,Bank Transfer,TC00028,False
TT03377,U01824,CR00040,2025-12-03,327.99,Credit Card,TC00009,True
TT03378,U01826,CR00060,2025-09-29,0.0,Credit Card,TC00022,False
TT03379,U01832,CR00004,2025-01-16,0.0,Credit Card,TC00038,False
TT03380,U01837,CR00011,2025-05-05,326.02,Bank Transfer,TC00028,True
TT03381,U01839,CR00021,2025-11-07,0.0,PayPal,TC00016,False
TT03382,U01841,CR00031,2025-02-25,0.0,PayPal,TC00031,False
TT03383,U01844,CR00023,2025-09-05,0.0,PayPal,TC00016,False
TT03384,U01845,CR00010,2025-02-01,0.0,PayPal,TC00051,False
TT03385,U01847,CR00031,2025-04-20,0.0,PayPal,TC00031,False
TT03386,U01848,CR00014,2025-12-21,0.0,Credit Card,TC00028,False
TT03387,U01849,CR00037,2025-11-16,0.0,Credit Card,TC00009,False
TT03388,U01853,CR00047,2025-01-08,89.59,Credit Card,TC00027,True
TT03389,U01855,CR00041,2025-04-03,53.86,PayPal,TC00044,True
TT03390,U01862,CR00059,2025-05-21,0.0,Credit Card,TC00022,False
TT03391,U01863,CR00038,2025-11-01,342.61,Credit Card,TC00009,True
TT03392,U01864,CR00016,2025-10-10,0.0,PayPal,TC00044,False
TT03393,U01866,CR00037,2025-02-24,0.0,PayPal,TC00009,False
TT03394,U01869,CR00031,2025-10-01,0.0,PayPal,TC00031,False
TT03395,U01870,CR00033,2025-12-17,0.0,Credit Card,TC00031,False
TT03396,U01873,CR00005,2025-07-27,0.0,Bank Transfer,TC00036,False
TT03397,U01874,CR00049,2025-01-06,415.51,Bank Transfer,TC00027,True
TT03398,U01875,CR00015,2025-11-29,285.05,Bank Transfer,TC00028,True
TT03399,U01881,CR00039,2025-04-11,346.71,PayPal,TC00014,True
TT03400,U01883,CR00050,2025-07-09,490.9,PayPal,TC00027,True
TT03401,U01884,CR00039,2025-01-04,346.71,Bank Transfer,TC00014,True
TT03402,U01888,CR00033,2025-06-13,0.0,PayPal,TC00031,False
TT03403,U01889,CR00007,2025-02-22,0.0,Credit Card,TC00003,False
TT03404,U01891,CR00005,2025-03-21,0.0,Credit Card,TC00045,False
TT03405,U01894,CR00036,2025-08-09,0.0,Credit Card,TC00043,False
TT03406,U01897,CR00008,2025-03-04,0.0,PayPal,TC00051,False
TT03407,U01898,CR00024,2025-08-08,117.68,Bank Transfer,TC00016,True
TT03408,U01902,CR00055,2025-05-06,57.32,Credit Card,TC00025,True
TT03409,U01904,CR00012,2025-04-11,487.92,PayPal,TC00028,True
TT03410,U01910,CR00057,2025-07-13,177.34,Credit Card,TC00036,True
TT03411,U01911,CR00025,2025-01-09,299.57,Bank Transfer,TC00010,True
TT03412,U01913,CR00004,2025-02-20,0.0,Bank Transfer,TC00017,False
TT03413,U01914,CR00007,2025-10-21,0.0,Credit Card,TC00003,False
TT03414,U01919,CR00005,2025-03-10,0.0,Bank Transfer,TC00009,False
TT03415,U01925,CR00025,2025-08-22,299.57,Credit Card,TC00016,True
TT03416,U01928,CR00035,2025-03-15,0.0,Bank Transfer,TC00031,False
TT03417,U01932,CR00049,2025-01-30,415.51,Bank Transfer,TC00027,True
TT03418,U01937,CR00048,2025-10-16,0.0,PayPal,TC00027,False
TT03419,U01942,CR00037,2025-09-11,0.0,Credit Card,TC00009,False
TT03420,U01945,CR00038,2025-07-03,342.61,Bank Transfer,TC00009,True
TT03421,U01946,CR00030,2025-04-14,0.0,PayPal,TC00025,False
TT03422,U01947,CR00042,2025-09-13,0.0,PayPal,TC00044,False
TT03423,U01949,CR00030,2025-07-04,0.0,PayPal,TC00026,False
TT03424,U01955,CR00043,2025-11-24,0.0,PayPal,TC00023,False
TT03425,U01956,CR00004,2025-03-15,0.0,PayPal,TC00016,False
TT03426,U01957,CR00017,2025-11-24,0.0,PayPal,TC00010,False
TT03427,U01960,CR00011,2025-09-21,326.02,Credit Card,TC00028,True
TT03428,U01965,CR00042,2025-11-05,0.0,Bank Transfer,TC00023,False
TT03429,U01967,CR00031,2025-11-30,0.0,Credit Card,TC00031,False
TT03430,U01969,CR00046,2025-04-04,248.1,PayPal,TC00027,True
TT03431,U01971,CR00017,2025-02-01,0.0,Bank Transfer,TC00028,False
TT03432,U01973,CR00002,2025-03-05,0.0,Bank Transfer,TC00047,False
TT03433,U01975,CR00034,2025-12-03,394.26,Bank Transfer,TC00031,True
TT03434,U01978,CR00047,2025-10-18,89.59,Bank Transfer,TC00027,True
TT03435,U01980,CR00042,2025-12-12,0.0,PayPal,TC00023,False
TT03436,U01981,CR00021,2025-01-09,0.0,Bank Transfer,TC00016,False
TT03437,U01982,CR00006,2025-07-24,276.37,PayPal,TC00003,True
TT03438,U01985,CR00054,2025-06-20,0.0,Credit Card,TC00034,False
TT03439,U01986,CR00039,2025-01-29,346.71,Credit Card,TC00043,True
TT03440,U01995,CR00027,2025-11-17,0.0,Bank Transfer,TC00034,False
TT03441,U01996,CR00034,2025-09-21,394.26,PayPal,TC00031,True
TT03442,U01997,CR00039,2025-04-02,346.71,PayPal,TC00043,True
TT03443,U02004,CR00038,2025-05-15,342.61,Bank Transfer,TC00009,True
TT03444,U02005,CR00043,2025-08-18,0.0,PayPal,TC00044,False
TT03445,U02006,CR00031,2025-09-04,0.0,Credit Card,TC00031,False
TT03446,U02007,CR00043,2025-01-21,0.0,Credit Card,TC00023,False
TT03447,U02008,CR00020,2025-02-26,0.0,PayPal,TC00047,False
TT03448,U02009,CR00025,2025-04-30,299.57,PayPal,TC00016,True
TT03449,U02011,CR00054,2025-10-29,0.0,Credit Card,TC00026,False
TT03450,U02012,CR00051,2025-08-10,37.89,Credit Card,TC00034,True
TT03451,U02018,CR00005,2025-02-22,0.0,PayPal,TC00036,False
TT03452,U02020,CR00029,2025-01-15,0.0,PayPal,TC00023,False
TT03453,U02021,CR00032,2025-06-29,0.0,Credit Card,TC00031,False
TT03454,U02025,CR00006,2025-05-07,276.37,PayPal,TC00047,True
TT03455,U02027,CR00060,2025-12-20,0.0,Bank Transfer,TC00017,False
TT03456,U02029,CR00038,2025-05-04,342.61,PayPal,TC00009,True
TT03457,U02030,CR00024,2025-02-04,117.68,PayPal,TC00016,True
TT03458,U02034,CR00024,2025-06-05,117.68,Bank Transfer,TC00016,True
TT03459,U02042,CR00037,2025-11-28,0.0,Credit Card,TC00014,False
TT03460,U02045,CR00028,2025-03-06,0.78,Credit Card,TC00043,True
TT03461,U02046,CR00054,2025-10-25,0.0,Credit Card,TC00026,False
TT03462,U02048,CR00047,2025-09-21,89.59,Bank Transfer,TC00027,True
TT03463,U02049,CR00046,2025-08-17,248.1,Bank Transfer,TC00027,True
TT03464,U02051,CR00038,2025-04-24,342.61,PayPal,TC00043,True
TT03465,U02053,CR00013,2025-03-12,0.0,Bank Transfer,TC00028,False
TT03466,U02059,CR00019,2025-03-28,0.0,Bank Transfer,TC00003,False
TT03467,U02061,CR00024,2025-01-06,117.68,Credit Card,TC00010,True
TT03468,U02062,CR00032,2025-10-16,0.0,Credit Card,TC00031,False
TT03469,U02066,CR00026,2025-05-07,0.0,Credit Card,TC00044,False
TT03470,U02069,CR00021,2025-12-13,0.0,Bank Transfer,TC00016,False
TT03471,U02070,CR00038,2025-03-08,342.61,PayPal,TC00009,True
TT03472,U02072,CR00018,2025-07-27,0.0,PayPal,TC00038,False
TT03473,U02076,CR00007,2025-04-04,0.0,PayPal,TC00051,False
TT03474,U02079,CR00031,2025-01-02,0.0,Bank Transfer,TC00031,False
TT03475,U02082,CR00052,2025-06-16,0.0,PayPal,TC00025,False
TT03476,U02085,CR00008,2025-10-02,0.0,Credit Card,TC00047,False
TT03477,U02087,CR00036,2025-08-07,0.0,PayPal,TC00009,False
TT03478,U02088,CR00020,2025-03-23,0.0,PayPal,TC00045,False
TT03479,U02090,CR00022,2025-09-09,0.0,PayPal,TC00016,False
TT03480,U02092,CR00047,2025-02-19,89.59,Bank Transfer,TC00027,True
TT03481,U02095,CR00044,2025-11-26,119.04,Bank Transfer,TC00023,True
TT03482,U02100,CR00046,2025-02-21,248.1,Bank Transfer,TC00027,True
TT03483,U02101,CR00051,2025-03-29,37.89,Credit Card,TC00026,True
TT03484,U02104,CR00021,2025-08-11,0.0,Bank Transfer,TC00016,False
TT03485,U02106,CR00032,2025-12-12,0.0,PayPal,TC00031,False
TT03486,U02108,CR00029,2025-01-07,0.0,Bank Transfer,TC00043,False
TT03487,U02110,CR00006,2025-11-26,276.37,Bank Transfer,TC00003,True
TT03488,U02111,CR00033,2025-05-13,0.0,Bank Transfer,TC00031,False
TT03489,U02114,CR00060,2025-02-09,0.0,Credit Card,TC00036,False
TT03490,U02115,CR00029,2025-04-08,0.0,PayPal,TC00010,False
TT03491,U02116,CR00038,2025-04-29,342.61,Credit Card,TC00014,True
TT03492,U02118,CR00003,2025-01-13,0.0,PayPal,TC00038,False
TT03493,U02119,CR00031,2025-03-01,0.0,Credit Card,TC00031,False
TT03494,U02121,CR00049,2025-10-09,415.51,Bank Transfer,TC00027,True
TT03495,U02124,CR00054,2025-09-10,0.0,Credit Card,TC00026,False
TT03496,U02126,CR00030,2025-08-16,0.0,Credit Card,TC00038,False
TT03497,U02128,CR00008,2025-11-18,0.0,Credit Card,TC00003,False
TT03498,U02130,CR00056,2025-03-03,212.39,Credit Card,TC00038,True
TT03499,U02131,CR00060,2025-02-04,0.0,PayPal,TC00038,False
TT03500,U02134,CR00043,2025-02-23,0.0,PayPal,TC00023,False
TT03501,U02139,CR00028,2025-01-10,0.78,Bank Transfer,TC00025,True
TT03502,U02140,CR00011,2025-11-16,326.02,Credit Card,TC00028,True
TT03503,U02145,CR00053,2025-04-26,0.0,PayPal,TC00026,False
TT03504,U02148,CR00039,2025-06-15,346.71,PayPal,TC00043,True
TT03505,U02150,CR00031,2025-07-25,0.0,Credit Card,TC00031,False
TT03506,U02156,CR00021,2025-01-03,0.0,PayPal,TC00016,False
TT03507,U02163,CR00052,2025-07-18,0.0,Credit Card,TC00025,False
TT03508,U02164,CR00003,2025-12-02,0.0,PayPal,TC00036,False
TT03509,U02165,CR00053,2025-07-08,0.0,PayPal,TC00045,False
TT03510,U02168,CR00043,2025-09-12,0.0,Credit Card,TC00044,False
TT03511,U02170,CR00001,2025-04-05,472.28,Bank Transfer,TC00010,True
TT03512,U02172,CR00019,2025-10-27,0.0,PayPal,TC00044,False
TT03513,U02173,CR00011,2025-03-14,326.02,PayPal,TC00028,True
TT03514,U02176,CR00024,2025-11-02,117.68,Bank Transfer,TC00016,True
TT03515,U02178,CR00033,2025-07-25,0.0,PayPal,TC00031,False
TT03516,U02183,CR00024,2025-12-21,117.68,Bank Transfer,TC00016,True
TT03517,U02188,CR00005,2025-01-09,0.0,PayPal,TC00043,False
TT03518,U02195,CR00013,2025-05-12,0.0,Bank Transfer,TC00028,False
TT03519,U02196,CR00046,2025-10-26,248.1,Credit Card,TC00027,True
TT03520,U02201,CR00011,2025-06-06,326.02,Credit Card,TC00028,True
TT03521,U02203,CR00035,2025-12-25,0.0,Credit Card,TC00031,False
TT03522,U02204,CR00040,2025-05-11,327.99,Bank Transfer,TC00014,True
TT03523,U02205,CR00022,2025-12-08,0.0,Credit Card,TC00010,False
TT03524,U02207,CR00013,2025-03-11,0.0,PayPal,TC00028,False
TT03525,U02209,CR00052,2025-04-17,0.0,Bank Transfer,TC00025,False
TT03526,U02210,CR00017,2025-09-18,0.0,PayPal,TC00027,False
TT03527,U02211,CR00020,2025-03-08,0.0,Bank Transfer,TC00017,False
TT03528,U02218,CR00019,2025-02-10,0.0,PayPal,TC00016,False
TT03529,U02221,CR00016,2025-11-18,0.0,PayPal,TC00028,False
TT03530,U02227,CR00034,2025-02-08,394.26,Credit Card,TC00031,True
TT03531,U02230,CR00042,2025-08-02,0.0,PayPal,TC00044,False
TT03532,U02232,CR00008,2025-04-24,0.0,Credit Card,TC00051,False
TT03533,U02237,CR00035,2025-12-21,0.0,Bank Transfer,TC00031,False
TT03534,U02238,CR00014,2025-11-21,0.0,PayPal,TC00028,False
TT03535,U02239,CR00010,2025-01-18,0.0,PayPal,TC00051,False
TT03536,U02240,CR00003,2025-07-13,0.0,Bank Transfer,TC00047,False
TT03537,U02242,CR00058,2025-09-26,0.0,Bank Transfer,TC00022,False
TT03538,U02243,CR00020,2025-06-28,0.0,PayPal,TC00045,False
TT03539,U02244,CR00055,2025-12-03,57.32,Bank Transfer,TC00045,True
TT03540,U02245,CR00001,2025-07-05,472.28,Bank Transfer,TC00009,True
TT03541,U02246,CR00047,2025-11-29,89.59,Bank Transfer,TC00027,True
TT03542,U02251,CR00014,2025-11-03,0.0,Bank Transfer,TC00028,False
TT03543,U02253,CR00018,2025-06-21,0.0,PayPal,TC00022,False
TT03544,U02256,CR00032,2025-09-05,0.0,PayPal,TC00031,False
TT03545,U02257,CR00021,2025-04-01,0.0,Credit Card,TC00016,False
TT03546,U02263,CR00039,2025-11-26,346.71,Credit Card,TC00009,True
TT03547,U02266,CR00050,2025-03-20,490.9,Credit Card,TC00027,True
TT03548,U02267,CR00033,2025-05-24,0.0,Bank Transfer,TC00031,False
TT03549,U02272,CR00032,2025-05-04,0.0,PayPal,TC00031,False
TT03550,U02273,CR00017,2025-04-15,0.0,PayPal,TC00051,False
TT03551,U02277,CR00033,2025-05-10,0.0,PayPal,TC00031,False
TT03552,U02278,CR00018,2025-04-19,0.0,Bank Transfer,TC00051,False
TT03553,U02281,CR00006,2025-09-22,276.37,Credit Card,TC00047,True
TT03554,U02283,CR00060,2025-02-09,0.0,Bank Transfer,TC00036,False
TT03555,U02286,CR00011,2025-12-01,326.02,PayPal,TC00028,True
TT03556,U02287,CR00056,2025-03-01,212.39,Bank Transfer,TC00038,True
TT03557,U02289,CR00013,2025-04-04,0.0,PayPal,TC00028,False
TT03558,U02292,CR00008,2025-02-05,0.0,Credit Card,TC00051,False
TT03559,U02293,CR00012,2025-09-03,487.92,Credit Card,TC00028,True
TT03560,U02294,CR00041,2025-05-18,53.86,PayPal,TC00023,True
TT03561,U02295,CR00022,2025-02-02,0.0,Credit Card,TC00016,False
TT03562,U02296,CR00038,2025-04-19,342.61,Bank Transfer,TC00009,True
TT03563,U02297,CR00001,2025-12-11,472.28,Credit Card,TC00028,True
TT03564,U02298,CR00044,2025-09-17,119.04,Bank Transfer,TC00023,True
TT03565,U02303,CR00035,2025-02-08,0.0,Bank Transfer,TC00031,False
TT03566,U02305,CR00038,2025-05-03,342.61,Bank Transfer,TC00009,True
TT03567,U02312,CR00033,2025-07-15,0.0,Credit Card,TC00031,False
TT03568,U02318,CR00015,2025-07-23,285.05,Credit Card,TC00028,True
TT03569,U02322,CR00031,2025-10-05,0.0,Bank Transfer,TC00031,False
TT03570,U02323,CR00051,2025-11-23,37.89,PayPal,TC00045,True
TT03571,U02329,CR00020,2025-03-25,0.0,PayPal,TC00043,False
TT03572,U02335,CR00028,2025-03-12,0.78,Credit Card,TC00043,True
TT03573,U02338,CR00042,2025-06-27,0.0,PayPal,TC00023,False
TT03574,U02339,CR00015,2025-09-20,285.05,PayPal,TC00028,True
TT03575,U02353,CR00058,2025-05-07,0.0,PayPal,TC00022,False
TT03576,U02354,CR00012,2025-08-05,487.92,Bank Transfer,TC00028,True
TT03577,U02355,CR00044,2025-03-02,119.04,Credit Card,TC00023,True
TT03578,U02356,CR00045,2025-03-05,0.0,Credit Card,TC00023,False
TT03579,U02360,CR00045,2025-11-20,0.0,Credit Card,TC00044,False
TT03580,U02362,CR00008,2025-02-08,0.0,PayPal,TC00047,False
TT03581,U02363,CR00012,2025-03-12,487.92,Bank Transfer,TC00028,True
TT03582,U02364,CR00025,2025-05-21,299.57,PayPal,TC00010,True
TT03583,U02365,CR00023,2025-02-17,0.0,Bank Transfer,TC00010,False
TT03584,U02366,CR00016,2025-08-27,0.0,Credit Card,TC00003,False
TT03585,U02367,CR00014,2025-08-06,0.0,PayPal,TC00028,False
TT03586,U02375,CR00006,2025-08-25,276.37,PayPal,TC00003,True
TT03587,U02376,CR00007,2025-06-20,0.0,Bank Transfer,TC00051,False
TT03588,U02378,CR00059,2025-06-16,0.0,PayPal,TC00038,False
TT03589,U02382,CR00050,2025-08-07,490.9,Bank Transfer,TC00027,True
TT03590,U02391,CR00032,2025-01-15,0.0,PayPal,TC00031,False
TT03591,U02393,CR00054,2025-05-25,0.0,Bank Transfer,TC00034,False
TT03592,U02396,CR00056,2025-03-04,212.39,Bank Transfer,TC00038,True
TT03593,U02397,CR00003,2025-04-08,0.0,Bank Transfer,TC00051,False
TT03594,U02399,CR00018,2025-10-23,0.0,Credit Card,TC00044,False
TT03595,U02400,CR00059,2025-11-12,0.0,Bank Transfer,TC00022,False
TT03596,U02401,CR00050,2025-05-24,490.9,Credit Card,TC00027,True
TT03597,U02402,CR00014,2025-11-02,0.0,Bank Transfer,TC00028,False
TT03598,U02408,CR00029,2025-05-15,0.0,Bank Transfer,TC00038,False
TT03599,U02409,CR00030,2025-09-23,0.0,Credit Card,TC00051,False
TT03600,U02411,CR00051,2025-08-16,37.89,PayPal,TC00025,True
TT03601,U02419,CR00023,2025-10-03,0.0,PayPal,TC00010,False
TT03602,U02420,CR00020,2025-05-19,0.0,Credit Card,TC00026,False
TT03603,U02421,CR00042,2025-04-17,0.0,Bank Transfer,TC00023,False
TT03604,U02422,CR00055,2025-11-14,57.32,Bank Transfer,TC00034,True
TT03605,U02424,CR00026,2025-07-23,0.0,Bank Transfer,TC00025,False
TT03606,U02426,CR00025,2025-09-17,299.57,Credit Card,TC00010,True
TT03607,U02430,CR00054,2025-08-19,0.0,Credit Card,TC00026,False
TT03608,U02431,CR00040,2025-04-10,327.99,Bank Transfer,TC00014,True
TT03609,U02434,CR00003,2025-09-08,0.0,Bank Transfer,TC00038,False
TT03610,U02435,CR00012,2025-10-18,487.92,PayPal,TC00028,True
TT03611,U02437,CR00019,2025-11-17,0.0,Bank Transfer,TC00023,False
TT03612,U02440,CR00020,2025-02-22,0.0,Credit Card,TC00034,False
TT03613,U02441,CR00058,2025-04-09,0.0,Bank Transfer,TC00017,False
TT03614,U02444,CR00031,2025-10-16,0.0,Bank Transfer,TC00031,False
TT03615,U02447,CR00010,2025-04-06,0.0,Bank Transfer,TC00047,False
TT03616,U02449,CR00015,2025-06-27,285.05,PayPal,TC00028,True
TT03617,U02450,CR00030,2025-01-25,0.0,Bank Transfer,TC00017,False
TT03618,U02453,CR00056,2025-11-11,212.39,Credit Card,TC00036,True
TT03619,U02455,CR00013,2025-03-01,0.0,Bank Transfer,TC00028,False
TT03620,U02456,CR00033,2025-06-29,0.0,PayPal,TC00031,False
TT03621,U02457,CR00023,2025-04-06,0.0,Credit Card,TC00016,False
TT03622,U02460,CR00032,2025-11-16,0.0,Bank Transfer,TC00031,False
TT03623,U02462,CR00040,2025-03-05,327.99,Credit Card,TC00043,True
TT03624,U02463,CR00036,2025-08-18,0.0,PayPal,TC00014,False
TT03625,U02464,CR00003,2025-08-14,0.0,Bank Transfer,TC00051,False
TT03626,U02467,CR00060,2025-06-21,0.0,Bank Transfer,TC00036,False
TT03627,U02471,CR00011,2025-01-03,326.02,Bank Transfer,TC00028,True
TT03628,U02472,CR00043,2025-01-04,0.0,Credit Card,TC00023,False
TT03629,U02473,CR00035,2025-09-13,0.0,Credit Card,TC00031,False
TT03630,U02474,CR00030,2025-05-23,0.0,Bank Transfer,TC00022,False
TT03631,U02476,CR00032,2025-08-29,0.0,PayPal,TC00031,False
TT03632,U02477,CR00038,2025-10-17,342.61,PayPal,TC00043,True
TT03633,U02481,CR00019,2025-05-10,0.0,Credit Card,TC00051,False
TT03634,U02483,CR00035,2025-10-09,0.0,Bank Transfer,TC00031,False
TT03635,U02487,CR00019,2025-01-25,0.0,PayPal,TC00045,False
TT03636,U02488,CR00023,2025-05-05,0.0,PayPal,TC00010,False
TT03637,U02489,CR00022,2025-08-14,0.0,Bank Transfer,TC00010,False
TT03638,U02491,CR00043,2025-12-14,0.0,PayPal,TC00023,False
TT03639,U02493,CR00031,2025-10-18,0.0,Bank Transfer,TC00031,False
TT03640,U02494,CR00030,2025-09-21,0.0,PayPal,TC00034,False
TT03641,U02498,CR00005,2025-09-05,0.0,Credit Card,TC00044,False
TT03642,U02499,CR00053,2025-08-13,0.0,Credit Card,TC00045,False
TT03643,U02500,CR00020,2025-10-04,0.0,Credit Card,TC00003,False
TT03644,U02501,CR00037,2025-06-28,0.0,Bank Transfer,TC00043,False
TT03645,U02502,CR00013,2025-03-17,0.0,Bank Transfer,TC00028,False
TT03646,U02505,CR00046,2025-11-29,248.1,Credit Card,TC00027,True
TT03647,U02507,CR00032,2025-08-15,0.0,PayPal,TC00031,False
TT03648,U02508,CR00009,2025-01-01,0.0,PayPal,TC00051,False
TT03649,U02511,CR00002,2025-07-02,0.0,Credit Card,TC00044,False
TT03650,U02513,CR00001,2025-01-06,472.28,Credit Card,TC00016,True
TT03651,U02516,CR00019,2025-07-06,0.0,Bank Transfer,TC00031,False
TT03652,U02518,CR00002,2025-06-16,0.0,PayPal,TC00028,False
TT03653,U02520,CR00048,2025-03-17,0.0,Bank Transfer,TC00027,False
TT03654,U02524,CR00059,2025-01-02,0.0,Bank Transfer,TC00022,False
TT03655,U02527,CR00036,2025-07-08,0.0,Credit Card,TC00014,False
TT03656,U02528,CR00043,2025-09-05,0.0,Bank Transfer,TC00023,False
TT03657,U02530,CR00001,2025-04-27,472.28,Bank Transfer,TC00017,True
TT03658,U02533,CR00002,2025-04-23,0.0,Bank Transfer,TC00047,False
TT03659,U02538,CR00031,2025-06-19,0.0,PayPal,TC00031,False
TT03660,U02544,CR00050,2025-11-21,490.9,Credit Card,TC00027,True
TT03661,U02546,CR00015,2025-12-08,285.05,PayPal,TC00028,True
TT03662,U02547,CR00021,2025-01-01,0.0,Bank Transfer,TC00016,False
TT03663,U02549,CR00032,2025-10-13,0.0,Credit Card,TC00031,False
TT03664,U02550,CR00040,2025-08-02,327.99,Credit Card,TC00009,True
TT03665,U02551,CR00053,2025-05-03,0.0,PayPal,TC00034,False
TT03666,U02552,CR00009,2025-07-13,0.0,PayPal,TC00051,False
TT03667,U02554,CR00025,2025-04-26,299.57,PayPal,TC00010,True
TT03668,U02555,CR00009,2025-01-10,0.0,Credit Card,TC00051,False
TT03669,U02556,CR00006,2025-10-14,276.37,PayPal,TC00047,True
TT03670,U02557,CR00048,2025-02-19,0.0,Credit Card,TC00027,False
TT03671,U02559,CR00010,2025-09-27,0.0,Credit Card,TC00051,False
TT03672,U02560,CR00022,2025-06-20,0.0,Bank Transfer,TC00016,False
TT03673,U02561,CR00016,2025-07-15,0.0,Bank Transfer,TC00034,False
TT03674,U02563,CR00033,2025-07-25,0.0,Credit Card,TC00031,False
TT03675,U02565,CR00040,2025-09-01,327.99,PayPal,TC00043,True
TT03676,U02567,CR00027,2025-08-02,0.0,Bank Transfer,TC00027,False
TT03677,U02569,CR00008,2025-06-04,0.0,PayPal,TC00051,False
TT03678,U02572,CR00007,2025-12-10,0.0,PayPal,TC00003,False
TT03679,U02574,CR00039,2025-09-21,346.71,Bank Transfer,TC00043,True
TT03680,U02576,CR00024,2025-01-15,117.68,Credit Card,TC00010,True
TT03681,U02579,CR00016,2025-02-26,0.0,Bank Transfer,TC00014,False
TT03682,U02588,CR00049,2025-07-15,415.51,Credit Card,TC00027,True
TT03683,U02591,CR00026,2025-04-24,0.0,Credit Card,TC00010,False
TT03684,U02594,CR00040,2025-11-26,327.99,Credit Card,TC00014,True
TT03685,U02595,CR00028,2025-11-28,0.78,Bank Transfer,TC00031,True
TT03686,U02598,CR00021,2025-04-13,0.0,Credit Card,TC00016,False
TT03687,U02603,CR00035,2025-03-10,0.0,Credit Card,TC00031,False
TT03688,U02604,CR00023,2025-01-19,0.0,Bank Transfer,TC00016,False
TT03689,U02606,CR00053,2025-10-27,0.0,PayPal,TC00045,False
TT03690,U02607,CR00054,2025-04-08,0.0,Bank Transfer,TC00025,False
TT03691,U02610,CR00036,2025-04-06,0.0,PayPal,TC00014,False
TT03692,U02611,CR00023,2025-06-22,0.0,Bank Transfer,TC00016,False
TT03693,U02622,CR00035,2025-10-25,0.0,Credit Card,TC00031,False
TT03694,U02627,CR00037,2025-02-02,0.0,Bank Transfer,TC00043,False
TT03695,U02628,CR00015,2025-09-11,285.05,PayPal,TC00028,True
TT03696,U02629,CR00055,2025-02-03,57.32,Credit Card,TC00045,True
TT03697,U02632,CR00048,2025-07-05,0.0,Bank Transfer,TC00027,False
TT03698,U02635,CR00017,2025-08-16,0.0,PayPal,TC00034,False
TT03699,U02636,CR00023,2025-03-09,0.0,PayPal,TC00016,False
TT03700,U02638,CR00013,2025-05-14,0.0,PayPal,TC00028,False
TT03701,U02641,CR00008,2025-08-10,0.0,Bank Transfer,TC00047,False
TT03702,U02647,CR00018,2025-05-27,0.0,Credit Card,TC00047,False
TT03703,U02649,CR00001,2025-12-26,472.28,Bank Transfer,TC00003,True
TT03704,U02652,CR00027,2025-10-07,0.0,PayPal,TC00038,False
TT03705,U02653,CR00058,2025-04-24,0.0,Credit Card,TC00022,False
TT03706,U02654,CR00049,2025-01-24,415.51,Credit Card,TC00027,True
TT03707,U02655,CR00003,2025-05-16,0.0,PayPal,TC00023,False
TT03708,U02656,CR00041,2025-10-01,53.86,Bank Transfer,TC00023,True
TT03709,U02657,CR00057,2025-01-09,177.34,Credit Card,TC00036,True
TT03710,U02661,CR00018,2025-09-14,0.0,PayPal,TC00045,False
TT03711,U02664,CR00017,2025-05-24,0.0,Bank Transfer,TC00009,False
TT03712,U02666,CR00007,2025-10-17,0.0,Credit Card,TC00003,False
TT03713,U02667,CR00046,2025-11-25,248.1,Credit Card,TC00027,True
TT03714,U02670,CR00053,2025-08-26,0.0,PayPal,TC00034,False
TT03715,U02671,CR00025,2025-09-16,299.57,PayPal,TC00010,True
TT03716,U02673,CR00019,2025-09-22,0.0,Bank Transfer,TC00028,False
TT03717,U02674,CR00042,2025-07-06,0.0,Credit Card,TC00044,False
TT03718,U02676,CR00034,2025-03-08,394.26,Bank Transfer,TC00031,True
TT03719,U02678,CR00029,2025-10-04,0.0,PayPal,TC00022,False
TT03720,U02681,CR00008,2025-06-11,0.0,Bank Transfer,TC00047,False
TT03721,U02682,CR00041,2025-05-26,53.86,Credit Card,TC00023,True
TT03722,U02685,CR00012,2025-08-19,487.92,Bank Transfer,TC00028,True
TT03723,U02687,CR00056,2025-03-10,212.39,Credit Card,TC00017,True
TT03724,U02689,CR00058,2025-03-08,0.0,Bank Transfer,TC00017,False
TT03725,U02691,CR00003,2025-05-04,0.0,Bank Transfer,TC00009,False
TT03726,U02693,CR00038,2025-08-05,342.61,PayPal,TC00014,True
TT03727,U02695,CR00052,2025-07-24,0.0,Credit Card,TC00045,False
TT03728,U02699,CR00020,2025-09-05,0.0,Bank Transfer,TC00038,False
TT03729,U02700,CR00055,2025-09-11,57.32,Bank Transfer,TC00025,True
TT03730,U02703,CR00030,2025-03-30,0.0,Bank Transfer,TC00009,False
TT03731,U02706,CR00051,2025-10-18,37.89,Credit Card,TC00034,True
TT03732,U02707,CR00024,2025-10-03,117.68,PayPal,TC00016,True
TT03733,U02708,CR00001,2025-10-08,472.28,Credit Card,TC00023,True
TT03734,U02713,CR00059,2025-12-26,0.0,PayPal,TC00022,False
TT03735,U02714,CR00030,2025-12-22,0.0,PayPal,TC00003,False
TT03736,U02717,CR00015,2025-08-17,285.05,Credit Card,TC00028,True
TT03737,U02720,CR00056,2025-11-22,212.39,PayPal,TC00017,True
TT03738,U02721,CR00025,2025-08-11,299.57,Credit Card,TC00010,True
TT03739,U02722,CR00020,2025-12-19,0.0,Bank Transfer,TC00045,False
TT03740,U02724,CR00031,2025-02-15,0.0,Credit Card,TC00031,False
TT03741,U02725,CR00049,2025-09-05,415.51,PayPal,TC00027,True
TT03742,U02728,CR00006,2025-10-16,276.37,PayPal,TC00047,True
TT03743,U02730,CR00025,2025-12-01,299.57,PayPal,TC00016,True
TT03744,U02734,CR00009,2025-07-11,0.0,Bank Transfer,TC00047,False
TT03745,U02735,CR00054,2025-05-17,0.0,Bank Transfer,TC00034,False
TT03746,U02736,CR00056,2025-10-22,212.39,Bank Transfer,TC00038,True
TT03747,U02738,CR00020,2025-08-29,0.0,Bank Transfer,TC00010,False
TT03748,U02739,CR00012,2025-01-05,487.92,PayPal,TC00028,True
TT03749,U02744,CR00038,2025-01-13,342.61,Credit Card,TC00009,True
TT03750,U02745,CR00014,2025-03-30,0.0,PayPal,TC00028,False
TT03751,U02751,CR00018,2025-04-30,0.0,PayPal,TC00025,False
TT03752,U02753,CR00041,2025-04-14,53.86,PayPal,TC00044,True
TT03753,U02757,CR00049,2025-02-25,415.51,Credit Card,TC00027,True
TT03754,U02764,CR00051,2025-02-18,37.89,PayPal,TC00045,True
TT03755,U02765,CR00010,2025-05-15,0.0,Credit Card,TC00003,False
TT03756,U02766,CR00033,2025-12-15,0.0,Credit Card,TC00031,False
TT03757,U02774,CR00043,2025-02-16,0.0,PayPal,TC00023,False
TT03758,U02777,CR00005,2025-02-28,0.0,Bank Transfer,TC00043,False
TT03759,U02783,CR00004,2025-11-25,0.0,PayPal,TC00010,False
TT03760,U02785,CR00048,2025-12-12,0.0,PayPal,TC00027,False
TT03761,U02787,CR00039,2025-11-01,346.71,Bank Transfer,TC00009,True
TT03762,U02790,CR00052,2025-02-16,0.0,Bank Transfer,TC00026,False
TT03763,U02795,CR00025,2025-12-30,299.57,PayPal,TC00016,True
TT03764,U02796,CR00058,2025-01-06,0.0,Credit Card,TC00038,False
TT03765,U02797,CR00028,2025-08-03,0.78,Bank Transfer,TC00003,True
TT03766,U02798,CR00023,2025-08-10,0.0,Bank Transfer,TC00010,False
TT03767,U02799,CR00016,2025-08-21,0.0,PayPal,TC00043,False
TT03768,U02800,CR00025,2025-12-06,299.57,Bank Transfer,TC00016,True
TT03769,U02802,CR00035,2025-11-29,0.0,PayPal,TC00031,False
TT03770,U02804,CR00026,2025-08-16,0.0,Bank Transfer,TC00038,False
TT03771,U02805,CR00055,2025-04-08,57.32,Bank Transfer,TC00026,True
TT03772,U02806,CR00033,2025-04-01,0.0,Bank Transfer,TC00031,False
TT03773,U02811,CR00007,2025-07-11,0.0,Credit Card,TC00003,False
TT03774,U02812,CR00044,2025-02-14,119.04,Bank Transfer,TC00044,True
TT03775,U02816,CR00020,2025-11-21,0.0,Credit Card,TC00028,False
TT03776,U02817,CR00008,2025-11-29,0.0,PayPal,TC00051,False
TT03777,U02818,CR00028,2025-02-12,0.78,Credit Card,TC00026,True
TT03778,U02820,CR00005,2025-11-21,0.0,Credit Card,TC00038,False
TT03779,U02822,CR00026,2025-01-07,0.0,Bank Transfer,TC00031,False
TT03780,U02824,CR00011,2025-01-11,326.02,PayPal,TC00028,True
TT03781,U02826,CR00029,2025-12-11,0.0,PayPal,TC00016,False
TT03782,U02827,CR00026,2025-10-02,0.0,Credit Card,TC00026,False
TT03783,U02829,CR00047,2025-02-10,89.59,PayPal,TC00027,True
TT03784,U02830,CR00053,2025-05-12,0.0,Credit Card,TC00025,False
TT03785,U02834,CR00022,2025-12-02,0.0,Credit Card,TC00010,False
TT03786,U02835,CR00024,2025-09-28,117.68,Credit Card,TC00016,True
TT03787,U02845,CR00009,2025-03-02,0.0,Credit Card,TC00051,False
TT03788,U02846,CR00025,2025-06-07,299.57,PayPal,TC00010,True
TT03789,U02848,CR00033,2025-11-12,0.0,Credit Card,TC00031,False
TT03790,U02851,CR00034,2025-08-08,394.26,Bank Transfer,TC00031,True
TT03791,U02852,CR00013,2025-06-30,0.0,Credit Card,TC00028,False
TT03792,U02853,CR00004,2025-12-04,0.0,Bank Transfer,TC00017,False
TT03793,U02854,CR00013,2025-04-13,0.0,PayPal,TC00028,False
TT03794,U02855,CR00040,2025-01-17,327.99,Bank Transfer,TC00043,True
TT03795,U02860,CR00028,2025-09-24,0.78,Bank Transfer,TC00051,True
TT03796,U02861,CR00039,2025-03-28,346.71,Credit Card,TC00009,True
TT03797,U02863,CR00022,2025-02-04,0.0,Credit Card,TC00010,False
TT03798,U02864,CR00018,2025-07-16,0.0,PayPal,TC00025,False
TT03799,U02865,CR00013,2025-04-07,0.0,PayPal,TC00028,False
TT03800,U02869,CR00035,2025-11-05,0.0,PayPal,TC00031,False
TT03801,U02870,CR00009,2025-02-16,0.0,Credit Card,TC00047,False
TT03802,U02875,CR00015,2025-12-07,285.05,Credit Card,TC00028,True
TT03803,U02876,CR00008,2025-03-21,0.0,PayPal,TC00047,False
TT03804,U02877,CR00016,2025-11-05,0.0,Credit Card,TC00034,False
TT03805,U02879,CR00043,2025-03-05,0.0,PayPal,TC00023,False
TT03806,U02880,CR00007,2025-08-21,0.0,Bank Transfer,TC00003,False
TT03807,U02882,CR00059,2025-07-26,0.0,Credit Card,TC00022,False
TT03808,U02888,CR00024,2025-09-21,117.68,Credit Card,TC00016,True
TT03809,U02889,CR00011,2025-06-05,326.02,PayPal,TC00028,True
TT03810,U02892,CR00001,2025-09-08,472.28,Bank Transfer,TC00017,True
TT03811,U02893,CR00004,2025-06-06,0.0,Bank Transfer,TC00003,False
TT03812,U02894,CR00018,2025-09-11,0.0,Bank Transfer,TC00031,False
TT03813,U02896,CR00021,2025-04-07,0.0,Bank Transfer,TC00010,False
TT03814,U02900,CR00034,2025-11-27,394.26,Credit Card,TC00031,True
TT03815,U02901,CR00032,2025-07-16,0.0,PayPal,TC00031,False
TT03816,U02903,CR00012,2025-01-23,487.92,Bank Transfer,TC00028,True
TT03817,U02908,CR00004,2025-03-29,0.0,PayPal,TC00017,False
TT03818,U02910,CR00013,2025-06-27,0.0,Credit Card,TC00028,False
TT03819,U02911,CR00050,2025-12-30,490.9,Credit Card,TC00027,True
TT03820,U02913,CR00031,2025-02-28,0.0,Bank Transfer,TC00031,False
TT03821,U02917,CR00012,2025-11-29,487.92,Bank Transfer,TC00028,True
TT03822,U02919,CR00045,2025-05-19,0.0,Bank Transfer,TC00023,False
TT03823,U02920,CR00022,2025-03-27,0.0,Credit Card,TC00010,False
TT03824,U02921,CR00032,2025-12-20,0.0,Bank Transfer,TC00031,False
TT03825,U02926,CR00014,2025-08-30,0.0,Credit Card,TC00028,False
TT03826,U02928,CR00042,2025-09-25,0.0,PayPal,TC00044,False
TT03827,U02929,CR00001,2025-09-09,472.28,PayPal,TC00045,True
TT03828,U02930,CR00015,2025-06-17,285.05,Bank Transfer,TC00028,True
TT03829,U02932,CR00054,2025-01-22,0.0,PayPal,TC00034,False
TT03830,U02933,CR00010,2025-06-27,0.0,PayPal,TC00051,False
TT03831,U02934,CR00025,2025-10-21,299.57,PayPal,TC00010,True
TT03832,U02939,CR00021,2025-09-04,0.0,Credit Card,TC00016,False
TT03833,U02943,CR00020,2025-05-10,0.0,PayPal,TC00028,False
TT03834,U02944,CR00045,2025-06-23,0.0,Credit Card,TC00044,False
TT03835,U02946,CR00016,2025-11-09,0.0,PayPal,TC00047,False
TT03836,U02948,CR00022,2025-01-23,0.0,PayPal,TC00016,False
TT03837,U02951,CR00033,2025-11-28,0.0,PayPal,TC00031,False
TT03838,U02953,CR00015,2025-08-17,285.05,Bank Transfer,TC00028,True
TT03839,U02955,CR00055,2025-09-08,57.32,PayPal,TC00045,True
TT03840,U02957,CR00032,2025-11-20,0.0,Credit Card,TC00031,False
TT03841,U02960,CR00025,2025-03-26,299.57,PayPal,TC00010,True
TT03842,U02961,CR00022,2025-12-15,0.0,PayPal,TC00016,False
TT03843,U02963,CR00030,2025-10-30,0.0,PayPal,TC00009,False
TT03844,U02964,CR00026,2025-01-28,0.0,Credit Card,TC00016,False
TT03845,U02965,CR00040,2025-04-07,327.99,Bank Transfer,TC00014,True
TT03846,U02967,CR00018,2025-04-10,0.0,PayPal,TC00010,False
TT03847,U02973,CR00029,2025-09-14,0.0,Credit Card,TC00014,False
TT03848,U02975,CR00048,2025-03-29,0.0,Credit Card,TC00027,False
TT03849,U02977,CR00034,2025-02-09,394.26,Bank Transfer,TC00031,True
TT03850,U02979,CR00056,2025-11-05,212.39,Bank Transfer,TC00022,True
TT03851,U02982,CR00036,2025-05-02,0.0,Credit Card,TC00043,False
TT03852,U02983,CR00042,2025-04-09,0.0,Credit Card,TC00044,False
TT03853,U02985,CR00028,2025-10-01,0.78,Bank Transfer,TC00025,True
TT03854,U02991,CR00005,2025-10-27,0.0,Credit Card,TC00025,False
TT03855,U02993,CR00045,2025-08-29,0.0,Credit Card,TC00023,False
TT03856,U02997,CR00027,2025-08-28,0.0,Bank Transfer,TC00017,False
TT03857,U02999,CR00051,2025-09-09,37.89,PayPal,TC00026,True
TT03858,U00010,CR00048,2025-08-02,0.0,Bank Transfer,TC00011,False
TT03859,U00010,CR00011,2025-10-01,326.02,PayPal,TC00021,True
TT03860,U00012,CR00008,2025-09-08,0.0,PayPal,TC00033,False
TT03861,U00012,CR00040,2025-09-14,327.99,Bank Transfer,TC00018,True
TT03862,U00017,CR00001,2025-05-19,472.28,Credit Card,TC00056,True
TT03863,U00017,CR00050,2025-02-02,490.9,Bank Transfer,TC00054,True
TT03864,U00017,CR00059,2025-11-26,0.0,Bank Transfer,TC00024,False
TT03865,U00025,CR00044,2025-08-18,119.04,Bank Transfer,TC00037,True
TT03866,U00025,CR00027,2025-01-04,0.0,PayPal,TC00007,False
TT03867,U00025,CR00019,2025-06-03,0.0,Bank Transfer,TC00053,False
TT03868,U00025,CR00004,2025-03-26,0.0,Credit Card,TC00056,False
TT03869,U00046,CR00029,2025-05-22,0.0,PayPal,TC00004,False
TT03870,U00046,CR00008,2025-11-25,0.0,PayPal,TC00033,False
TT03871,U00056,CR00004,2025-06-08,0.0,Credit Card,TC00056,False
TT03872,U00056,CR00007,2025-08-09,0.0,Credit Card,TC00033,False
TT03873,U00060,CR00048,2025-11-10,0.0,Credit Card,TC00054,False
TT03874,U00060,CR00041,2025-08-25,53.86,PayPal,TC00037,True
TT03875,U00060,CR00003,2025-12-01,0.0,Bank Transfer,TC00056,False
TT03876,U00060,CR00042,2025-08-13,0.0,Bank Transfer,TC00037,False
TT03877,U00074,CR00050,2025-11-13,490.9,Bank Transfer,TC00041,True
TT03878,U00074,CR00005,2025-11-02,0.0,Credit Card,TC00056,False
TT03879,U00074,CR00001,2025-06-04,472.28,PayPal,TC00056,True
TT03880,U00076,CR00001,2025-08-28,472.28,PayPal,TC00056,True
TT03881,U00076,CR00009,2025-07-11,0.0,Credit Card,TC00033,False
TT03882,U00076,CR00013,2025-08-04,0.0,PayPal,TC00002,False
TT03883,U00076,CR00029,2025-12-29,0.0,PayPal,TC00007,False
TT03884,U00086,CR00041,2025-07-04,53.86,Credit Card,TC00037,True
TT03885,U00086,CR00013,2025-06-13,0.0,PayPal,TC00018,False
TT03886,U00086,CR00019,2025-10-02,0.0,Credit Card,TC00053,False
TT03887,U00086,CR00002,2025-11-21,0.0,Credit Card,TC00056,False
TT03888,U00087,CR00026,2025-06-18,0.0,Credit Card,TC00007,False
TT03889,U00087,CR00036,2025-05-29,0.0,Bank Transfer,TC00018,False
TT03890,U00087,CR00020,2025-09-02,0.0,Credit Card,TC00053,False
TT03891,U00092,CR00039,2025-06-02,346.71,Bank Transfer,TC00018,True
TT03892,U00092,CR00017,2025-06-27,0.0,Bank Transfer,TC00053,False
TT03893,U00092,CR00022,2025-08-29,0.0,Credit Card,TC00008,False
TT03894,U00092,CR00046,2025-06-07,248.1,PayPal,TC00054,True
TT03895,U00096,CR00023,2025-05-23,0.0,Bank Transfer,TC00008,False
TT03896,U00096,CR00030,2025-11-27,0.0,PayPal,TC00007,False
TT03897,U00096,CR00029,2025-06-02,0.0,PayPal,TC00021,False
TT03898,U00096,CR00058,2025-10-14,0.0,Bank Transfer,TC00002,False
TT03899,U00108,CR00054,2025-08-16,0.0,PayPal,TC00058,False
TT03900,U00108,CR00007,2025-01-04,0.0,Credit Card,TC00033,False
TT03901,U00125,CR00027,2025-03-06,0.0,PayPal,TC00021,False
TT03902,U00125,CR00011,2025-03-21,326.02,Credit Card,TC00002,True
TT03903,U00127,CR00012,2025-06-08,487.92,PayPal,TC00012,True
TT03904,U00127,CR00017,2025-09-18,0.0,PayPal,TC00053,False
TT03905,U00127,CR00049,2025-10-11,415.51,Credit Card,TC00041,True
TT03906,U00137,CR00038,2025-12-28,342.61,Bank Transfer,TC00018,True
TT03907,U00137,CR00024,2025-09-10,117.68,Credit Card,TC00008,True
TT03908,U00139,CR00046,2025-09-21,248.1,PayPal,TC00011,True
TT03909,U00139,CR00013,2025-01-05,0.0,Bank Transfer,TC00008,False
TT03910,U00139,CR00029,2025-04-13,0.0,PayPal,TC00004,False
TT03911,U00139,CR00019,2025-11-13,0.0,Bank Transfer,TC00053,False
TT03912,U00143,CR00057,2025-05-09,177.34,PayPal,TC00002,True
TT03913,U00143,CR00035,2025-07-16,0.0,PayPal,TC00046,False
TT03914,U00150,CR00032,2025-12-06,0.0,Credit Card,TC00046,False
TT03915,U00150,CR00020,2025-09-26,0.0,PayPal,TC00053,False
TT03916,U00153,CR00051,2025-12-16,37.89,Credit Card,TC00058,True
TT03917,U00153,CR00003,2025-02-21,0.0,PayPal,TC00056,False
TT03918,U00165,CR00006,2025-04-09,276.37,PayPal,TC00033,True
TT03919,U00165,CR00020,2025-06-30,0.0,Bank Transfer,TC00053,False
TT03920,U00165,CR00047,2025-07-25,89.59,Bank Transfer,TC00054,True
TT03921,U00165,CR00041,2025-03-23,53.86,PayPal,TC00037,True
TT03922,U00170,CR00036,2025-08-09,0.0,PayPal,TC00018,False
TT03923,U00170,CR00052,2025-02-15,0.0,Bank Transfer,TC00058,False
TT03924,U00170,CR00005,2025-03-06,0.0,Credit Card,TC00056,False
TT03925,U00200,CR00056,2025-08-24,212.39,PayPal,TC00002,True
TT03926,U00200,CR00055,2025-01-22,57.32,Credit Card,TC00058,True
TT03927,U00200,CR00010,2025-07-12,0.0,Credit Card,TC00033,False
TT03928,U00200,CR00008,2025-12-18,0.0,PayPal,TC00033,False
TT03929,U00201,CR00006,2025-04-26,276.37,PayPal,TC00033,True
TT03930,U00201,CR00052,2025-01-09,0.0,Credit Card,TC00058,False
TT03931,U00201,CR00049,2025-04-17,415.51,PayPal,TC00011,True
TT03932,U00213,CR00025,2025-07-11,299.57,Bank Transfer,TC00008,True
TT03933,U00213,CR00016,2025-06-12,0.0,Credit Card,TC00053,False
TT03934,U00234,CR00011,2025-02-28,326.02,Credit Card,TC00033,True
TT03935,U00234,CR00017,2025-09-23,0.0,Bank Transfer,TC00053,False
TT03936,U00235,CR00019,2025-07-12,0.0,Bank Transfer,TC00053,False
TT03937,U00235,CR00003,2025-08-03,0.0,PayPal,TC00056,False
TT03938,U00235,CR00001,2025-03-21,472.28,Bank Transfer,TC00056,True
TT03939,U00263,CR00018,2025-11-16,0.0,PayPal,TC00053,False
TT03940,U00263,CR00052,2025-02-26,0.0,Credit Card,TC00058,False
TT03941,U00263,CR00042,2025-02-01,0.0,Bank Transfer,TC00037,False
TT03942,U00263,CR00023,2025-11-05,0.0,PayPal,TC00008,False
TT03943,U00264,CR00033,2025-03-20,0.0,Bank Transfer,TC00012,False
TT03944,U00264,CR00030,2025-11-23,0.0,Credit Card,TC00021,False
TT03945,U00264,CR00016,2025-03-12,0.0,Credit Card,TC00053,False
TT03946,U00267,CR00044,2025-06-15,119.04,PayPal,TC00037,True
TT03947,U00267,CR00025,2025-06-05,299.57,Bank Transfer,TC00008,True
TT03948,U00267,CR00012,2025-09-05,487.92,Bank Transfer,TC00012,True
TT03949,U00267,CR00013,2025-01-01,0.0,Bank Transfer,TC00004,False
TT03950,U00279,CR00057,2025-01-10,177.34,Bank Transfer,TC00002,True
TT03951,U00279,CR00045,2025-03-01,0.0,PayPal,TC00037,False
TT03952,U00279,CR00024,2025-08-18,117.68,PayPal,TC00008,True
TT03953,U00286,CR00052,2025-06-24,0.0,Credit Card,TC00058,False
TT03954,U00286,CR00010,2025-11-16,0.0,Bank Transfer,TC00033,False
TT03955,U00286,CR00053,2025-03-07,0.0,Bank Transfer,TC00058,False
TT03956,U00287,CR00010,2025-03-05,0.0,Bank Transfer,TC00033,False
TT03957,U00287,CR00016,2025-11-26,0.0,Credit Card,TC00053,False
TT03958,U00290,CR00020,2025-06-01,0.0,Bank Transfer,TC00053,False
TT03959,U00290,CR00058,2025-07-14,0.0,Credit Card,TC00002,False
TT03960,U00290,CR00055,2025-02-27,57.32,Bank Transfer,TC00058,True
TT03961,U00291,CR00048,2025-07-29,0.0,Bank Transfer,TC00054,False
TT03962,U00291,CR00006,2025-04-21,276.37,Bank Transfer,TC00033,True
TT03963,U00291,CR00026,2025-09-18,0.0,Bank Transfer,TC00021,False
TT03964,U00308,CR00050,2025-03-09,490.9,Credit Card,TC00041,True
TT03965,U00308,CR00025,2025-11-11,299.57,Credit Card,TC00008,True
TT03966,U00308,CR00005,2025-08-28,0.0,Credit Card,TC00056,False
TT03967,U00308,CR00036,2025-01-14,0.0,Credit Card,TC00018,False
TT03968,U00314,CR00004,2025-01-12,0.0,PayPal,TC00056,False
TT03969,U00314,CR00003,2025-12-26,0.0,Credit Card,TC00056,False
TT03970,U00314,CR00052,2025-01-27,0.0,Bank Transfer,TC00058,False
TT03971,U00316,CR00021,2025-02-28,0.0,PayPal,TC00008,False
TT03972,U00316,CR00043,2025-08-29,0.0,Bank Transfer,TC00037,False
TT03973,U00317,CR00055,2025-09-27,57.32,Bank Transfer,TC00058,True
TT03974,U00317,CR00017,2025-09-22,0.0,PayPal,TC00053,False
TT03975,U00317,CR00031,2025-07-10,0.0,PayPal,TC00046,False
TT03976,U00327,CR00057,2025-11-27,177.34,PayPal,TC00002,True
TT03977,U00327,CR00037,2025-07-05,0.0,Credit Card,TC00018,False
TT03978,U00327,CR00043,2025-01-21,0.0,PayPal,TC00037,False
TT03979,U00327,CR00059,2025-06-12,0.0,Bank Transfer,TC00024,False
TT03980,U00346,CR00054,2025-08-14,0.0,Credit Card,TC00058,False
TT03981,U00346,CR00011,2025-07-04,326.02,Bank Transfer,TC00053,True
TT03982,U00346,CR00042,2025-04-09,0.0,PayPal,TC00037,False
TT03983,U00354,CR00059,2025-06-30,0.0,PayPal,TC00024,False
TT03984,U00354,CR00058,2025-09-26,0.0,Bank Transfer,TC00024,False
TT03985,U00369,CR00052,2025-09-09,0.0,PayPal,TC00058,False
TT03986,U00369,CR00018,2025-08-13,0.0,Credit Card,TC00053,False
TT03987,U00369,CR00013,2025-08-01,0.0,PayPal,TC00059,False
TT03988,U00369,CR00010,2025-07-20,0.0,PayPal,TC00033,False
TT03989,U00382,CR00018,2025-11-29,0.0,PayPal,TC00053,False
TT03990,U00382,CR00004,2025-06-19,0.0,Credit Card,TC00056,False
TT03991,U00382,CR00034,2025-03-23,394.26,PayPal,TC00059,True
TT03992,U00390,CR00052,2025-04-16,0.0,PayPal,TC00058,False
TT03993,U00390,CR00053,2025-03-02,0.0,Credit Card,TC00058,False
TT03994,U00390,CR00009,2025-09-18,0.0,Credit Card,TC00033,False
TT03995,U00398,CR00002,2025-09-22,0.0,Credit Card,TC00056,False
TT03996,U00398,CR00035,2025-05-24,0.0,Bank Transfer,TC00012,False
TT03997,U00398,CR00024,2025-10-21,117.68,Bank Transfer,TC00008,True
TT03998,U00402,CR00053,2025-09-16,0.0,Bank Transfer,TC00058,False
TT03999,U00402,CR00045,2025-08-20,0.0,PayPal,TC00037,False
TT04000,U00412,CR00042,2025-02-14,0.0,PayPal,TC00037,False
TT04001,U00412,CR00003,2025-04-13,0.0,Bank Transfer,TC00056,False
TT04002,U00412,CR00024,2025-03-01,117.68,Bank Transfer,TC00008,True
TT04003,U00412,CR00044,2025-11-28,119.04,Bank Transfer,TC00037,True
TT04004,U00413,CR00033,2025-08-04,0.0,PayPal,TC00046,False
TT04005,U00413,CR00001,2025-02-07,472.28,Bank Transfer,TC00056,True
TT04006,U00418,CR00029,2025-01-16,0.0,Credit Card,TC00007,False
TT04007,U00418,CR00050,2025-12-13,490.9,PayPal,TC00041,True
TT04008,U00418,CR00051,2025-02-07,37.89,Bank Transfer,TC00058,True
TT04009,U00422,CR00015,2025-01-21,285.05,Credit Card,TC00008,True
TT04010,U00422,CR00032,2025-09-08,0.0,PayPal,TC00046,False
TT04011,U00422,CR00043,2025-10-22,0.0,Credit Card,TC00037,False
TT04012,U00426,CR00035,2025-08-17,0.0,PayPal,TC00055,False
TT04013,U00426,CR00004,2025-10-09,0.0,PayPal,TC00056,False
TT04014,U00426,CR00060,2025-11-13,0.0,Bank Transfer,TC00002,False
TT04015,U00426,CR00001,2025-07-07,472.28,PayPal,TC00056,True
TT04016,U00437,CR00053,2025-02-05,0.0,PayPal,TC00058,False
TT04017,U00437,CR00022,2025-11-17,0.0,Bank Transfer,TC00008,False
TT04018,U00437,CR00036,2025-08-15,0.0,PayPal,TC00018,False
TT04019,U00448,CR00059,2025-03-01,0.0,Bank Transfer,TC00002,False
TT04020,U00448,CR00031,2025-09-18,0.0,Credit Card,TC00059,False
TT04021,U00448,CR00035,2025-07-10,0.0,PayPal,TC00046,False
TT04022,U00452,CR00055,2025-05-17,57.32,Credit Card,TC00058,True
TT04023,U00452,CR00045,2025-07-01,0.0,Credit Card,TC00037,False
TT04024,U00452,CR00017,2025-10-27,0.0,PayPal,TC00053,False
TT04025,U00454,CR00038,2025-10-15,342.61,Bank Transfer,TC00018,True
TT04026,U00454,CR00049,2025-12-15,415.51,PayPal,TC00054,True
TT04027,U00454,CR00036,2025-10-14,0.0,PayPal,TC00018,False
TT04028,U00454,CR00005,2025-02-25,0.0,Credit Card,TC00056,False
TT04029,U00455,CR00048,2025-08-18,0.0,Bank Transfer,TC00041,False
TT04030,U00455,CR00022,2025-05-24,0.0,PayPal,TC00008,False
TT04031,U00455,CR00002,2025-12-02,0.0,PayPal,TC00056,False
TT04032,U00457,CR00051,2025-12-12,37.89,Credit Card,TC00058,True
TT04033,U00457,CR00017,2025-01-21,0.0,Credit Card,TC00053,False
TT04034,U00458,CR00002,2025-06-16,0.0,PayPal,TC00056,False
TT04035,U00458,CR00010,2025-03-04,0.0,Credit Card,TC00033,False
TT04036,U00458,CR00024,2025-05-25,117.68,PayPal,TC00008,True
TT04037,U00458,CR00047,2025-03-07,89.59,Bank Transfer,TC00011,True
TT04038,U00461,CR00026,2025-06-15,0.0,Bank Transfer,TC00021,False
TT04039,U00461,CR00050,2025-07-23,490.9,Credit Card,TC00011,True
TT04040,U00462,CR00011,2025-01-02,326.02,Bank Transfer,TC00041,True
TT04041,U00462,CR00017,2025-11-15,0.0,PayPal,TC00053,False
TT04042,U00473,CR00029,2025-01-03,0.0,PayPal,TC00021,False
TT04043,U00473,CR00038,2025-07-29,342.61,Credit Card,TC00018,True
TT04044,U00473,CR00054,2025-09-23,0.0,Credit Card,TC00058,False
TT04045,U00475,CR00023,2025-05-23,0.0,Credit Card,TC00008,False
TT04046,U00475,CR00040,2025-11-16,327.99,PayPal,TC00018,True
TT04047,U00475,CR00006,2025-05-30,276.37,Credit Card,TC00033,True
TT04048,U00486,CR00026,2025-02-13,0.0,Credit Card,TC00021,False
TT04049,U00486,CR00037,2025-09-14,0.0,Credit Card,TC00018,False
TT04050,U00489,CR00034,2025-02-27,394.26,Bank Transfer,TC00055,True
TT04051,U00489,CR00029,2025-08-11,0.0,Bank Transfer,TC00021,False
TT04052,U00489,CR00041,2025-10-29,53.86,PayPal,TC00037,True
TT04053,U00495,CR00015,2025-04-19,285.05,PayPal,TC00012,True
TT04054,U00495,CR00009,2025-12-25,0.0,PayPal,TC00033,False
TT04055,U00497,CR00052,2025-08-28,0.0,Bank Transfer,TC00058,False
TT04056,U00497,CR00048,2025-06-06,0.0,Credit Card,TC00041,False
TT04057,U00497,CR00054,2025-12-11,0.0,PayPal,TC00058,False
TT04058,U00498,CR00020,2025-09-19,0.0,PayPal,TC00053,False
TT04059,U00498,CR00059,2025-03-21,0.0,Bank Transfer,TC00024,False
TT04060,U00498,CR00037,2025-08-03,0.0,Bank Transfer,TC00018,False
TT04061,U00500,CR00046,2025-12-20,248.1,Bank Transfer,TC00054,True
TT04062,U00500,CR00038,2025-06-30,342.61,PayPal,TC00018,True
TT04063,U00503,CR00009,2025-12-13,0.0,Bank Transfer,TC00033,False
TT04064,U00503,CR00058,2025-11-21,0.0,Credit Card,TC00024,False
TT04065,U00514,CR00001,2025-04-10,472.28,Bank Transfer,TC00056,True
TT04066,U00514,CR00004,2025-11-15,0.0,Credit Card,TC00056,False
TT04067,U00514,CR00024,2025-11-14,117.68,Credit Card,TC00008,True
TT04068,U00534,CR00057,2025-08-19,177.34,Bank Transfer,TC00024,True
TT04069,U00534,CR00019,2025-02-08,0.0,PayPal,TC00053,False
TT04070,U00534,CR00054,2025-12-11,0.0,PayPal,TC00058,False
TT04071,U00534,CR00029,2025-06-27,0.0,Bank Transfer,TC00004,False
TT04072,U00537,CR00017,2025-11-29,0.0,Bank Transfer,TC00053,False
TT04073,U00537,CR00039,2025-05-21,346.71,Bank Transfer,TC00018,True
TT04074,U00541,CR00010,2025-04-12,0.0,PayPal,TC00033,False
TT04075,U00541,CR00056,2025-09-07,212.39,Credit Card,TC00002,True
TT04076,U00541,CR00024,2025-06-11,117.68,Credit Card,TC00008,True
TT04077,U00551,CR00055,2025-08-16,57.32,PayPal,TC00058,True
TT04078,U00551,CR00043,2025-10-19,0.0,PayPal,TC00037,False
TT04079,U00551,CR00057,2025-09-15,177.34,PayPal,TC00002,True
TT04080,U00551,CR00022,2025-09-17,0.0,Bank Transfer,TC00008,False
TT04081,U00580,CR00043,2025-09-24,0.0,Bank Transfer,TC00037,False
TT04082,U00580,CR00052,2025-02-18,0.0,PayPal,TC00058,False
TT04083,U00580,CR00031,2025-10-01,0.0,PayPal,TC00055,False
TT04084,U00585,CR00029,2025-12-01,0.0,Credit Card,TC00007,False
TT04085,U00585,CR00054,2025-08-07,0.0,PayPal,TC00058,False
TT04086,U00593,CR00047,2025-07-25,89.59,Bank Transfer,TC00011,True
TT04087,U00593,CR00018,2025-03-19,0.0,Credit Card,TC00053,False
TT04088,U00602,CR00058,2025-05-12,0.0,PayPal,TC00002,False
TT04089,U00602,CR00002,2025-07-13,0.0,Bank Transfer,TC00056,False
TT04090,U00602,CR00036,2025-12-21,0.0,Bank Transfer,TC00018,False
TT04091,U00603,CR00042,2025-02-24,0.0,Bank Transfer,TC00037,False
TT04092,U00603,CR00028,2025-09-24,0.78,Bank Transfer,TC00021,True
TT04093,U00605,CR00016,2025-11-03,0.0,PayPal,TC00053,False
TT04094,U00605,CR00024,2025-06-20,117.68,Credit Card,TC00008,True
TT04095,U00605,CR00048,2025-11-11,0.0,Bank Transfer,TC00054,False
TT04096,U00606,CR00013,2025-07-24,0.0,Credit Card,TC00037,False
TT04097,U00606,CR00009,2025-07-28,0.0,Credit Card,TC00033,False
TT04098,U00607,CR00051,2025-06-03,37.89,PayPal,TC00058,True
TT04099,U00607,CR00046,2025-11-07,248.1,Credit Card,TC00011,True
TT04100,U00609,CR00014,2025-03-11,0.0,PayPal,TC00046,False
TT04101,U00609,CR00010,2025-11-20,0.0,Bank Transfer,TC00033,False
TT04102,U00609,CR00040,2025-11-13,327.99,Credit Card,TC00018,True
TT04103,U00609,CR00052,2025-09-24,0.0,PayPal,TC00058,False
TT04104,U00625,CR00034,2025-12-01,394.26,Credit Card,TC00055,True
TT04105,U00625,CR00031,2025-07-05,0.0,Credit Card,TC00012,False
TT04106,U00625,CR00017,2025-02-12,0.0,Credit Card,TC00053,False
TT04107,U00625,CR00026,2025-12-18,0.0,PayPal,TC00004,False
TT04108,U00627,CR00012,2025-05-01,487.92,Bank Transfer,TC00018,True
TT04109,U00627,CR00030,2025-01-27,0.0,PayPal,TC00007,False
TT04110,U00627,CR00005,2025-08-07,0.0,Credit Card,TC00056,False
TT04111,U00627,CR00029,2025-08-22,0.0,Credit Card,TC00021,False
TT04112,U00630,CR00044,2025-08-22,119.04,Bank Transfer,TC00037,True
TT04113,U00630,CR00057,2025-03-22,177.34,Credit Card,TC00024,True
TT04114,U00630,CR00043,2025-12-21,0.0,Bank Transfer,TC00037,False
TT04115,U00634,CR00006,2025-04-14,276.37,Credit Card,TC00033,True
TT04116,U00634,CR00010,2025-07-02,0.0,PayPal,TC00033,False
TT04117,U00634,CR00014,2025-09-02,0.0,Bank Transfer,TC00053,False
TT04118,U00638,CR00055,2025-02-18,57.32,Credit Card,TC00058,True
TT04119,U00638,CR00053,2025-03-12,0.0,Bank Transfer,TC00058,False
TT04120,U00642,CR00054,2025-08-18,0.0,Bank Transfer,TC00058,False
TT04121,U00642,CR00013,2025-04-27,0.0,Credit Card,TC00055,False
TT04122,U00648,CR00001,2025-02-22,472.28,Credit Card,TC00056,True
TT04123,U00648,CR00059,2025-01-30,0.0,Credit Card,TC00002,False
TT04124,U00651,CR00004,2025-10-28,0.0,Credit Card,TC00056,False
TT04125,U00651,CR00003,2025-03-11,0.0,PayPal,TC00056,False
TT04126,U00651,CR00044,2025-08-16,119.04,PayPal,TC00037,True
TT04127,U00651,CR00057,2025-10-30,177.34,PayPal,TC00024,True
TT04128,U00654,CR00041,2025-02-09,53.86,Credit Card,TC00037,True
TT04129,U00654,CR00005,2025-10-13,0.0,PayPal,TC00056,False
TT04130,U00661,CR00002,2025-02-12,0.0,PayPal,TC00056,False
TT04131,U00661,CR00023,2025-08-01,0.0,Bank Transfer,TC00008,False
TT04132,U00661,CR00004,2025-11-04,0.0,Credit Card,TC00056,False
TT04133,U00661,CR00056,2025-09-15,212.39,Bank Transfer,TC00002,True
TT04134,U00667,CR00019,2025-08-09,0.0,Bank Transfer,TC00053,False
TT04135,U00667,CR00056,2025-06-12,212.39,Bank Transfer,TC00024,True
TT04136,U00668,CR00003,2025-02-04,0.0,Bank Transfer,TC00056,False
TT04137,U00668,CR00017,2025-01-02,0.0,Bank Transfer,TC00053,False
TT04138,U00670,CR00035,2025-09-07,0.0,PayPal,TC00059,False
TT04139,U00670,CR00042,2025-04-15,0.0,Bank Transfer,TC00037,False
TT04140,U00684,CR00010,2025-04-27,0.0,Credit Card,TC00033,False
TT04141,U00684,CR00060,2025-06-01,0.0,Credit Card,TC00024,False
TT04142,U00684,CR00007,2025-06-10,0.0,Bank Transfer,TC00033,False
TT04143,U00702,CR00054,2025-12-26,0.0,Bank Transfer,TC00058,False
TT04144,U00702,CR00007,2025-09-18,0.0,Credit Card,TC00033,False
TT04145,U00702,CR00045,2025-09-22,0.0,PayPal,TC00037,False
TT04146,U00703,CR00032,2025-03-01,0.0,PayPal,TC00012,False
TT04147,U00703,CR00049,2025-02-05,415.51,PayPal,TC00054,True
TT04148,U00703,CR00041,2025-06-29,53.86,PayPal,TC00037,True
TT04149,U00712,CR00042,2025-07-28,0.0,Bank Transfer,TC00037,False
TT04150,U00712,CR00013,2025-01-01,0.0,Bank Transfer,TC00021,False
TT04151,U00714,CR00022,2025-02-16,0.0,Bank Transfer,TC00008,False
TT04152,U00714,CR00009,2025-10-28,0.0,PayPal,TC00033,False
TT04153,U00714,CR00059,2025-09-03,0.0,PayPal,TC00002,False
TT04154,U00716,CR00022,2025-05-10,0.0,PayPal,TC00008,False
TT04155,U00716,CR00031,2025-05-20,0.0,Credit Card,TC00046,False
TT04156,U00716,CR00057,2025-08-29,177.34,PayPal,TC00002,True
TT04157,U00716,CR00024,2025-10-14,117.68,PayPal,TC00008,True
TT04158,U00718,CR00004,2025-01-30,0.0,Credit Card,TC00056,False
TT04159,U00718,CR00015,2025-10-18,285.05,PayPal,TC00058,True
TT04160,U00722,CR00013,2025-09-02,0.0,PayPal,TC00004,False
TT04161,U00722,CR00006,2025-09-04,276.37,Credit Card,TC00033,True
TT04162,U00722,CR00029,2025-06-05,0.0,Credit Card,TC00004,False
TT04163,U00727,CR00057,2025-04-03,177.34,PayPal,TC00024,True
TT04164,U00727,CR00056,2025-06-21,212.39,Credit Card,TC00002,True
TT04165,U00727,CR00032,2025-10-09,0.0,Credit Card,TC00046,False
TT04166,U00727,CR00053,2025-11-01,0.0,PayPal,TC00058,False
TT04167,U00729,CR00004,2025-01-08,0.0,Credit Card,TC00056,False
TT04168,U00729,CR00017,2025-06-20,0.0,Bank Transfer,TC00053,False
TT04169,U00734,CR00018,2025-04-13,0.0,Bank Transfer,TC00053,False
TT04170,U00734,CR00032,2025-05-27,0.0,Credit Card,TC00046,False
TT04171,U00734,CR00023,2025-12-03,0.0,Bank Transfer,TC00008,False
TT04172,U00734,CR00025,2025-04-19,299.57,Credit Card,TC00008,True
TT04173,U00735,CR00056,2025-05-05,212.39,Credit Card,TC00002,True
TT04174,U00735,CR00013,2025-01-08,0.0,Credit Card,TC00059,False
TT04175,U00738,CR00051,2025-03-26,37.89,Credit Card,TC00058,True
TT04176,U00738,CR00035,2025-09-26,0.0,Bank Transfer,TC00046,False
TT04177,U00738,CR00056,2025-07-08,212.39,Bank Transfer,TC00002,True
TT04178,U00741,CR00043,2025-03-11,0.0,PayPal,TC00037,False
TT04179,U00741,CR00038,2025-06-20,342.61,PayPal,TC00018,True
TT04180,U00741,CR00044,2025-12-10,119.04,Credit Card,TC00037,True
TT04181,U00741,CR00016,2025-06-20,0.0,Credit Card,TC00053,False
TT04182,U00743,CR00005,2025-07-12,0.0,Bank Transfer,TC00056,False
TT04183,U00743,CR00051,2025-08-27,37.89,PayPal,TC00058,True
TT04184,U00743,CR00032,2025-10-26,0.0,PayPal,TC00012,False
TT04185,U00743,CR00004,2025-05-04,0.0,Credit Card,TC00056,False
TT04186,U00766,CR00017,2025-06-02,0.0,Bank Transfer,TC00053,False
TT04187,U00766,CR00042,2025-08-25,0.0,Bank Transfer,TC00037,False
TT04188,U00766,CR00020,2025-06-26,0.0,Bank Transfer,TC00053,False
TT04189,U00768,CR00009,2025-12-18,0.0,PayPal,TC00033,False
TT04190,U00768,CR00053,2025-01-15,0.0,Bank Transfer,TC00058,False
TT04191,U00777,CR00012,2025-01-04,487.92,Credit Card,TC00054,True
TT04192,U00777,CR00056,2025-06-06,212.39,Bank Transfer,TC00024,True
TT04193,U00777,CR00043,2025-12-06,0.0,Bank Transfer,TC00037,False
TT04194,U00777,CR00025,2025-03-29,299.57,Credit Card,TC00008,True
TT04195,U00778,CR00019,2025-03-16,0.0,Credit Card,TC00053,False
TT04196,U00778,CR00030,2025-02-04,0.0,Credit Card,TC00004,False
TT04197,U00788,CR00060,2025-06-10,0.0,Bank Transfer,TC00024,False
TT04198,U00788,CR00030,2025-02-12,0.0,Credit Card,TC00021,False
TT04199,U00789,CR00051,2025-08-15,37.89,PayPal,TC00058,True
TT04200,U00789,CR00022,2025-02-17,0.0,Credit Card,TC00008,False
TT04201,U00793,CR00021,2025-08-29,0.0,Credit Card,TC00008,False
TT04202,U00793,CR00007,2025-06-16,0.0,Bank Transfer,TC00033,False
TT04203,U00793,CR00056,2025-08-27,212.39,Bank Transfer,TC00002,True
TT04204,U00793,CR00058,2025-03-25,0.0,Bank Transfer,TC00024,False
TT04205,U00794,CR00048,2025-09-07,0.0,Credit Card,TC00054,False
TT04206,U00794,CR00008,2025-12-03,0.0,Bank Transfer,TC00033,False
TT04207,U00795,CR00036,2025-11-21,0.0,Credit Card,TC00018,False
TT04208,U00795,CR00015,2025-06-04,285.05,Bank Transfer,TC00033,True
TT04209,U00795,CR00052,2025-05-11,0.0,PayPal,TC00058,False
TT04210,U00797,CR00026,2025-07-12,0.0,Credit Card,TC00004,False
TT04211,U00797,CR00042,2025-05-09,0.0,Bank Transfer,TC00037,False
TT04212,U00797,CR00008,2025-01-16,0.0,Credit Card,TC00033,False
TT04213,U00800,CR00049,2025-03-13,415.51,Credit Card,TC00011,True
TT04214,U00800,CR00026,2025-08-02,0.0,Credit Card,TC00021,False
TT04215,U00802,CR00044,2025-05-24,119.04,PayPal,TC00037,True
TT04216,U00802,CR00014,2025-09-02,0.0,Bank Transfer,TC00059,False
TT04217,U00803,CR00014,2025-10-05,0.0,Bank Transfer,TC00059,False
TT04218,U00803,CR00006,2025-09-06,276.37,PayPal,TC00033,True
TT04219,U00803,CR00023,2025-07-22,0.0,Credit Card,TC00008,False
TT04220,U00804,CR00047,2025-03-01,89.59,PayPal,TC00011,True
TT04221,U00804,CR00005,2025-04-22,0.0,PayPal,TC00056,False
TT04222,U00811,CR00012,2025-09-10,487.92,Credit Card,TC00008,True
TT04223,U00811,CR00054,2025-12-28,0.0,Credit Card,TC00058,False
TT04224,U00811,CR00052,2025-04-30,0.0,Bank Transfer,TC00058,False
TT04225,U00812,CR00010,2025-10-14,0.0,Bank Transfer,TC00033,False
TT04226,U00812,CR00015,2025-03-06,285.05,Credit Card,TC00011,True
TT04227,U00812,CR00009,2025-12-02,0.0,Bank Transfer,TC00033,False
TT04228,U00813,CR00058,2025-11-15,0.0,Credit Card,TC00002,False
TT04229,U00813,CR00013,2025-09-18,0.0,Credit Card,TC00046,False
TT04230,U00813,CR00016,2025-10-23,0.0,Bank Transfer,TC00053,False
TT04231,U00813,CR00042,2025-10-18,0.0,PayPal,TC00037,False
TT04232,U00815,CR00049,2025-02-05,415.51,Bank Transfer,TC00011,True
TT04233,U00815,CR00026,2025-08-19,0.0,Credit Card,TC00004,False
TT04234,U00816,CR00047,2025-12-10,89.59,Bank Transfer,TC00054,True
TT04235,U00816,CR00030,2025-10-06,0.0,Bank Transfer,TC00007,False
TT04236,U00816,CR00031,2025-04-26,0.0,Credit Card,TC00059,False
TT04237,U00820,CR00060,2025-08-06,0.0,PayPal,TC00024,False
TT04238,U00820,CR00021,2025-09-28,0.0,Bank Transfer,TC00008,False
TT04239,U00820,CR00012,2025-04-30,487.92,PayPal,TC00055,True
TT04240,U00825,CR00023,2025-11-08,0.0,PayPal,TC00008,False
TT04241,U00825,CR00012,2025-09-22,487.92,PayPal,TC00056,True
TT04242,U00825,CR00010,2025-06-24,0.0,Credit Card,TC00033,False
TT04243,U00828,CR00049,2025-11-10,415.51,PayPal,TC00041,True
TT04244,U00828,CR00057,2025-05-08,177.34,Bank Transfer,TC00002,True
TT04245,U00828,CR00016,2025-01-18,0.0,Credit Card,TC00053,False
TT04246,U00833,CR00052,2025-03-13,0.0,Credit Card,TC00058,False
TT04247,U00833,CR00018,2025-12-05,0.0,Credit Card,TC00053,False
TT04248,U00833,CR00027,2025-09-21,0.0,Credit Card,TC00004,False
TT04249,U00837,CR00003,2025-04-02,0.0,Bank Transfer,TC00056,False
TT04250,U00837,CR00019,2025-09-06,0.0,Bank Transfer,TC00053,False
TT04251,U00837,CR00015,2025-04-14,285.05,PayPal,TC00046,True
TT04252,U00837,CR00005,2025-05-24,0.0,PayPal,TC00056,False
TT04253,U00840,CR00026,2025-12-21,0.0,Credit Card,TC00004,False
TT04254,U00840,CR00034,2025-08-05,394.26,Credit Card,TC00055,True
TT04255,U00840,CR00005,2025-12-14,0.0,PayPal,TC00056,False
TT04256,U00848,CR00049,2025-11-27,415.51,PayPal,TC00054,True
TT04257,U00848,CR00033,2025-02-06,0.0,Credit Card,TC00012,False
TT04258,U00848,CR00048,2025-08-04,0.0,Bank Transfer,TC00054,False
TT04259,U00848,CR00010,2025-05-12,0.0,Credit Card,TC00033,False
TT04260,U00849,CR00048,2025-03-20,0.0,PayPal,TC00041,False
TT04261,U00849,CR00046,2025-05-14,248.1,Bank Transfer,TC00054,True
TT04262,U00871,CR00032,2025-03-21,0.0,Credit Card,TC00059,False
TT04263,U00871,CR00030,2025-09-30,0.0,Credit Card,TC00007,False
TT04264,U00879,CR00047,2025-06-07,89.59,Bank Transfer,TC00041,True
TT04265,U00879,CR00020,2025-01-03,0.0,PayPal,TC00053,False
TT04266,U00879,CR00025,2025-05-05,299.57,Credit Card,TC00008,True
TT04267,U00883,CR00001,2025-10-25,472.28,Credit Card,TC00056,True
TT04268,U00883,CR00007,2025-06-14,0.0,Credit Card,TC00033,False
TT04269,U00883,CR00043,2025-09-07,0.0,Credit Card,TC00037,False
TT04270,U00888,CR00028,2025-07-29,0.78,PayPal,TC00021,True
TT04271,U00888,CR00003,2025-11-25,0.0,Bank Transfer,TC00056,False
TT04272,U00888,CR00027,2025-05-15,0.0,Bank Transfer,TC00004,False
TT04273,U00888,CR00050,2025-09-20,490.9,Credit Card,TC00054,True
TT04274,U00892,CR00037,2025-05-29,0.0,Credit Card,TC00018,False
TT04275,U00892,CR00020,2025-09-14,0.0,Bank Transfer,TC00053,False
TT04276,U00892,CR00033,2025-08-06,0.0,PayPal,TC00046,False
TT04277,U00892,CR00059,2025-06-04,0.0,Bank Transfer,TC00002,False
TT04278,U00894,CR00024,2025-05-11,117.68,Credit Card,TC00008,True
TT04279,U00894,CR00059,2025-09-09,0.0,PayPal,TC00024,False
TT04280,U00894,CR00034,2025-06-10,394.26,Credit Card,TC00059,True
TT04281,U00895,CR00017,2025-03-23,0.0,PayPal,TC00053,False
TT04282,U00895,CR00018,2025-03-16,0.0,Credit Card,TC00053,False
TT04283,U00895,CR00050,2025-06-25,490.9,PayPal,TC00011,True
TT04284,U00895,CR00055,2025-09-10,57.32,Credit Card,TC00058,True
TT04285,U00896,CR00035,2025-03-09,0.0,PayPal,TC00059,False
TT04286,U00896,CR00024,2025-06-20,117.68,Credit Card,TC00008,True
TT04287,U00896,CR00028,2025-08-07,0.78,PayPal,TC00004,True
TT04288,U00896,CR00018,2025-12-17,0.0,Credit Card,TC00053,False
TT04289,U00902,CR00052,2025-06-26,0.0,PayPal,TC00058,False
TT04290,U00902,CR00046,2025-08-09,248.1,PayPal,TC00011,True
TT04291,U00910,CR00052,2025-04-10,0.0,Bank Transfer,TC00058,False
TT04292,U00910,CR00046,2025-08-19,248.1,PayPal,TC00054,True
TT04293,U00910,CR00044,2025-12-03,119.04,Credit Card,TC00037,True
TT04294,U00923,CR00024,2025-04-27,117.68,Bank Transfer,TC00008,True
TT04295,U00923,CR00029,2025-10-03,0.0,Bank Transfer,TC00007,False
TT04296,U00923,CR00034,2025-05-04,394.26,Credit Card,TC00046,True
TT04297,U00927,CR00019,2025-08-18,0.0,Credit Card,TC00053,False
TT04298,U00927,CR00014,2025-02-16,0.0,Credit Card,TC00002,False
TT04299,U00929,CR00021,2025-05-02,0.0,PayPal,TC00008,False
TT04300,U00929,CR00011,2025-10-30,326.02,PayPal,TC00011,True
TT04301,U00929,CR00028,2025-08-15,0.78,PayPal,TC00004,True
TT04302,U00929,CR00024,2025-12-03,117.68,Bank Transfer,TC00008,True
TT04303,U00930,CR00049,2025-07-22,415.51,PayPal,TC00041,True
TT04304,U00930,CR00044,2025-12-23,119.04,PayPal,TC00037,True
TT04305,U00930,CR00020,2025-06-27,0.0,Bank Transfer,TC00053,False
TT04306,U00948,CR00003,2025-10-27,0.0,Credit Card,TC00056,False
TT04307,U00948,CR00016,2025-02-13,0.0,Credit Card,TC00053,False
TT04308,U00948,CR00042,2025-10-22,0.0,PayPal,TC00037,False
TT04309,U00949,CR00014,2025-11-15,0.0,Credit Card,TC00008,False
TT04310,U00949,CR00022,2025-09-08,0.0,PayPal,TC00008,False
TT04311,U00949,CR00026,2025-12-03,0.0,PayPal,TC00004,False
TT04312,U00949,CR00029,2025-05-18,0.0,PayPal,TC00021,False
TT04313,U00953,CR00037,2025-07-21,0.0,PayPal,TC00018,False
TT04314,U00953,CR00047,2025-07-17,89.59,Credit Card,TC00011,True
TT04315,U00953,CR00027,2025-07-08,0.0,Credit Card,TC00021,False
TT04316,U00955,CR00042,2025-03-29,0.0,Bank Transfer,TC00037,False
TT04317,U00955,CR00045,2025-07-22,0.0,PayPal,TC00037,False
TT04318,U00955,CR00010,2025-12-04,0.0,Bank Transfer,TC00033,False
TT04319,U00957,CR00052,2025-08-04,0.0,PayPal,TC00058,False
TT04320,U00957,CR00056,2025-06-01,212.39,PayPal,TC00024,True
TT04321,U00957,CR00053,2025-02-04,0.0,Bank Transfer,TC00058,False
TT04322,U00958,CR00059,2025-03-03,0.0,Credit Card,TC00002,False
TT04323,U00958,CR00058,2025-01-10,0.0,Credit Card,TC00002,False
TT04324,U00971,CR00017,2025-09-07,0.0,Credit Card,TC00053,False
TT04325,U00971,CR00050,2025-06-12,490.9,Credit Card,TC00041,True
TT04326,U00971,CR00023,2025-03-19,0.0,Bank Transfer,TC00008,False
TT04327,U00972,CR00054,2025-08-13,0.0,Credit Card,TC00058,False
TT04328,U00972,CR00048,2025-04-20,0.0,Credit Card,TC00041,False
TT04329,U00972,CR00001,2025-07-13,472.28,Credit Card,TC00056,True
TT04330,U00972,CR00044,2025-03-13,119.04,PayPal,TC00037,True
TT04331,U00979,CR00035,2025-01-23,0.0,PayPal,TC00046,False
TT04332,U00979,CR00009,2025-12-27,0.0,Credit Card,TC00033,False
TT04333,U00979,CR00019,2025-03-26,0.0,PayPal,TC00053,False
TT04334,U00992,CR00039,2025-08-19,346.71,PayPal,TC00018,True
TT04335,U00992,CR00012,2025-01-24,487.92,Bank Transfer,TC00037,True
TT04336,U00992,CR00003,2025-06-07,0.0,Credit Card,TC00056,False
TT04337,U00992,CR00024,2025-09-03,117.68,Bank Transfer,TC00008,True
TT04338,U00998,CR00040,2025-08-26,327.99,Credit Card,TC00018,True
TT04339,U00998,CR00021,2025-07-25,0.0,Credit Card,TC00008,False
TT04340,U01013,CR00014,2025-03-22,0.0,Bank Transfer,TC00011,False
TT04341,U01013,CR00008,2025-07-21,0.0,Bank Transfer,TC00033,False
TT04342,U01013,CR00025,2025-04-22,299.57,PayPal,TC00008,True
TT04343,U01014,CR00048,2025-02-15,0.0,Credit Card,TC00011,False
TT04344,U01014,CR00010,2025-04-08,0.0,PayPal,TC00033,False
TT04345,U01014,CR00018,2025-12-09,0.0,PayPal,TC00053,False
TT04346,U01023,CR00009,2025-02-16,0.0,PayPal,TC00033,False
TT04347,U01023,CR00033,2025-04-14,0.0,Credit Card,TC00012,False
TT04348,U01024,CR00059,2025-06-09,0.0,Credit Card,TC00002,False
TT04349,U01024,CR00058,2025-10-09,0.0,PayPal,TC00024,False
TT04350,U01024,CR00012,2025-04-06,487.92,Bank Transfer,TC00058,True
TT04351,U01027,CR00054,2025-02-04,0.0,Bank Transfer,TC00058,False
TT04352,U01027,CR00005,2025-05-11,0.0,Credit Card,TC00056,False
TT04353,U01028,CR00040,2025-01-25,327.99,PayPal,TC00018,True
TT04354,U01028,CR00004,2025-08-05,0.0,Bank Transfer,TC00056,False
TT04355,U01035,CR00012,2025-01-21,487.92,Bank Transfer,TC00053,True
TT04356,U01035,CR00015,2025-01-08,285.05,PayPal,TC00055,True
TT04357,U01035,CR00027,2025-08-18,0.0,Bank Transfer,TC00007,False
TT04358,U01043,CR00055,2025-06-24,57.32,Credit Card,TC00058,True
TT04359,U01043,CR00053,2025-11-06,0.0,Bank Transfer,TC00058,False
TT04360,U01043,CR00008,2025-12-21,0.0,Credit Card,TC00033,False
TT04361,U01043,CR00029,2025-06-01,0.0,Credit Card,TC00004,False
TT04362,U01045,CR00004,2025-09-24,0.0,Bank Transfer,TC00056,False
TT04363,U01045,CR00021,2025-03-29,0.0,Bank Transfer,TC00008,False
TT04364,U01054,CR00007,2025-09-07,0.0,Bank Transfer,TC00033,False
TT04365,U01054,CR00027,2025-02-13,0.0,Bank Transfer,TC00007,False
TT04366,U01056,CR00033,2025-11-18,0.0,Bank Transfer,TC00059,False
TT04367,U01056,CR00028,2025-04-14,0.78,Credit Card,TC00021,True
TT04368,U01058,CR00056,2025-04-01,212.39,PayPal,TC00024,True
TT04369,U01058,CR00034,2025-08-16,394.26,Credit Card,TC00046,True
TT04370,U01065,CR00013,2025-04-29,0.0,Bank Transfer,TC00058,False
TT04371,U01065,CR00043,2025-11-25,0.0,Credit Card,TC00037,False
TT04372,U01065,CR00040,2025-03-22,327.99,Credit Card,TC00018,True
TT04373,U01065,CR00019,2025-02-01,0.0,PayPal,TC00053,False
TT04374,U01071,CR00056,2025-01-23,212.39,Credit Card,TC00002,True
TT04375,U01071,CR00015,2025-11-29,285.05,Credit Card,TC00018,True
TT04376,U01073,CR00001,2025-10-20,472.28,PayPal,TC00056,True
TT04377,U01073,CR00006,2025-07-19,276.37,Bank Transfer,TC00033,True
TT04378,U01075,CR00050,2025-03-16,490.9,PayPal,TC00054,True
TT04379,U01075,CR00054,2025-11-12,0.0,Credit Card,TC00058,False
TT04380,U01085,CR00002,2025-04-16,0.0,Bank Transfer,TC00056,False
TT04381,U01085,CR00044,2025-12-13,119.04,Bank Transfer,TC00037,True
TT04382,U01088,CR00034,2025-11-29,394.26,Bank Transfer,TC00059,True
TT04383,U01088,CR00055,2025-03-21,57.32,PayPal,TC00058,True
TT04384,U01098,CR00012,2025-06-09,487.92,Credit Card,TC00058,True
TT04385,U01098,CR00034,2025-01-25,394.26,Bank Transfer,TC00059,True
TT04386,U01098,CR00013,2025-10-11,0.0,PayPal,TC00012,False
TT04387,U01098,CR00025,2025-10-10,299.57,Credit Card,TC00008,True
TT04388,U01100,CR00045,2025-09-15,0.0,PayPal,TC00037,False
TT04389,U01100,CR00032,2025-10-01,0.0,PayPal,TC00046,False
TT04390,U01100,CR00003,2025-06-01,0.0,Bank Transfer,TC00056,False
TT04391,U01102,CR00035,2025-07-27,0.0,Bank Transfer,TC00059,False
TT04392,U01102,CR00006,2025-11-02,276.37,PayPal,TC00033,True
TT04393,U01103,CR00014,2025-07-24,0.0,PayPal,TC00053,False
TT04394,U01103,CR00034,2025-08-19,394.26,PayPal,TC00055,True
TT04395,U01103,CR00010,2025-09-16,0.0,Bank Transfer,TC00033,False
TT04396,U01103,CR00053,2025-05-28,0.0,Bank Transfer,TC00058,False
TT04397,U01108,CR00006,2025-08-30,276.37,PayPal,TC00033,True
TT04398,U01108,CR00002,2025-11-14,0.0,PayPal,TC00056,False
TT04399,U01108,CR00029,2025-05-22,0.0,Bank Transfer,TC00007,False
TT04400,U01108,CR00048,2025-12-22,0.0,Credit Card,TC00054,False
TT04401,U01122,CR00058,2025-09-16,0.0,PayPal,TC00024,False
TT04402,U01122,CR00056,2025-11-01,212.39,PayPal,TC00024,True
TT04403,U01124,CR00053,2025-03-02,0.0,PayPal,TC00058,False
TT04404,U01124,CR00038,2025-06-04,342.61,PayPal,TC00018,True
TT04405,U01124,CR00008,2025-04-12,0.0,Credit Card,TC00033,False
TT04406,U01127,CR00044,2025-03-23,119.04,Credit Card,TC00037,True
TT04407,U01127,CR00010,2025-01-26,0.0,Bank Transfer,TC00033,False
TT04408,U01127,CR00026,2025-02-22,0.0,Bank Transfer,TC00004,False
TT04409,U01131,CR00052,2025-01-29,0.0,Bank Transfer,TC00058,False
TT04410,U01131,CR00028,2025-05-21,0.78,Credit Card,TC00021,True
TT04411,U01131,CR00008,2025-08-15,0.0,Bank Transfer,TC00033,False
TT04412,U01132,CR00030,2025-02-19,0.0,Credit Card,TC00007,False
TT04413,U01132,CR00057,2025-05-13,177.34,Bank Transfer,TC00024,True
TT04414,U01132,CR00048,2025-09-05,0.0,PayPal,TC00011,False
TT04415,U01132,CR00046,2025-07-10,248.1,Bank Transfer,TC00054,True
TT04416,U01134,CR00058,2025-02-08,0.0,Bank Transfer,TC00002,False
TT04417,U01134,CR00032,2025-05-17,0.0,PayPal,TC00046,False
TT04418,U01134,CR00002,2025-05-17,0.0,PayPal,TC00056,False
TT04419,U01137,CR00012,2025-10-23,487.92,Bank Transfer,TC00007,True
TT04420,U01137,CR00029,2025-11-27,0.0,PayPal,TC00021,False
TT04421,U01149,CR00050,2025-06-15,490.9,Bank Transfer,TC00054,True
TT04422,U01149,CR00015,2025-12-18,285.05,Bank Transfer,TC00053,True
TT04423,U01149,CR00026,2025-09-20,0.0,Bank Transfer,TC00021,False
TT04424,U01149,CR00012,2025-12-18,487.92,Bank Transfer,TC00058,True
TT04425,U01154,CR00058,2025-01-16,0.0,Bank Transfer,TC00002,False
TT04426,U01154,CR00027,2025-03-14,0.0,Bank Transfer,TC00004,False
TT04427,U01155,CR00031,2025-01-12,0.0,Bank Transfer,TC00055,False
TT04428,U01155,CR00056,2025-01-22,212.39,Credit Card,TC00024,True
TT04429,U01155,CR00037,2025-05-01,0.0,PayPal,TC00018,False
TT04430,U01155,CR00045,2025-06-13,0.0,Credit Card,TC00037,False
TT04431,U01157,CR00059,2025-03-09,0.0,Credit Card,TC00002,False
TT04432,U01157,CR00012,2025-10-24,487.92,PayPal,TC00053,True
TT04433,U01157,CR00021,2025-06-12,0.0,Credit Card,TC00008,False
TT04434,U01157,CR00008,2025-03-27,0.0,PayPal,TC00033,False
TT04435,U01160,CR00056,2025-06-20,212.39,Bank Transfer,TC00024,True
TT04436,U01160,CR00029,2025-06-18,0.0,Credit Card,TC00007,False
TT04437,U01160,CR00041,2025-05-02,53.86,Credit Card,TC00037,True
TT04438,U01160,CR00017,2025-02-09,0.0,PayPal,TC00053,False
TT04439,U01165,CR00039,2025-10-01,346.71,PayPal,TC00018,True
TT04440,U01165,CR00021,2025-09-20,0.0,Credit Card,TC00008,False
TT04441,U01172,CR00047,2025-01-03,89.59,PayPal,TC00054,True
TT04442,U01172,CR00016,2025-03-02,0.0,Credit Card,TC00053,False
TT04443,U01172,CR00056,2025-04-04,212.39,Bank Transfer,TC00002,True
TT04444,U01173,CR00039,2025-07-19,346.71,Credit Card,TC00018,True
TT04445,U01173,CR00017,2025-01-07,0.0,Bank Transfer,TC00053,False
TT04446,U01173,CR00013,2025-03-12,0.0,Credit Card,TC00054,False
TT04447,U01176,CR00048,2025-07-23,0.0,PayPal,TC00041,False
TT04448,U01176,CR00014,2025-10-30,0.0,Credit Card,TC00037,False
TT04449,U01176,CR00036,2025-04-06,0.0,PayPal,TC00018,False
TT04450,U01182,CR00060,2025-04-23,0.0,Credit Card,TC00024,False
TT04451,U01182,CR00055,2025-05-26,57.32,Bank Transfer,TC00058,True
TT04452,U01182,CR00011,2025-06-16,326.02,PayPal,TC00024,True
TT04453,U01183,CR00045,2025-09-28,0.0,Credit Card,TC00037,False
TT04454,U01183,CR00054,2025-04-02,0.0,Bank Transfer,TC00058,False
TT04455,U01204,CR00018,2025-09-24,0.0,PayPal,TC00053,False
TT04456,U01204,CR00027,2025-02-15,0.0,Bank Transfer,TC00004,False
TT04457,U01204,CR00030,2025-09-04,0.0,PayPal,TC00007,False
TT04458,U01222,CR00035,2025-09-14,0.0,Credit Card,TC00059,False
TT04459,U01222,CR00032,2025-01-14,0.0,Credit Card,TC00055,False
TT04460,U01222,CR00049,2025-10-01,415.51,Credit Card,TC00011,True
TT04461,U01228,CR00034,2025-06-13,394.26,Bank Transfer,TC00055,True
TT04462,U01228,CR00051,2025-03-17,37.89,Bank Transfer,TC00058,True
TT04463,U01228,CR00005,2025-07-28,0.0,Bank Transfer,TC00056,False
TT04464,U01228,CR00032,2025-01-06,0.0,PayPal,TC00059,False
TT04465,U01230,CR00026,2025-05-16,0.0,PayPal,TC00007,False
TT04466,U01230,CR00035,2025-06-16,0.0,PayPal,TC00012,False
TT04467,U01230,CR00051,2025-05-25,37.89,PayPal,TC00058,True
TT04468,U01255,CR00014,2025-01-18,0.0,Credit Card,TC00058,False
TT04469,U01255,CR00028,2025-06-23,0.78,PayPal,TC00021,True
TT04470,U01255,CR00057,2025-11-27,177.34,PayPal,TC00024,True
TT04471,U01255,CR00018,2025-10-06,0.0,PayPal,TC00053,False
TT04472,U01258,CR00029,2025-08-02,0.0,PayPal,TC00007,False
TT04473,U01258,CR00002,2025-05-15,0.0,Bank Transfer,TC00056,False
TT04474,U01258,CR00050,2025-12-01,490.9,PayPal,TC00041,True
TT04475,U01258,CR00039,2025-03-03,346.71,PayPal,TC00018,True
TT04476,U01262,CR00026,2025-08-13,0.0,Bank Transfer,TC00004,False
TT04477,U01262,CR00012,2025-05-26,487.92,Credit Card,TC00007,True
TT04478,U01262,CR00047,2025-03-12,89.59,Bank Transfer,TC00011,True
TT04479,U01262,CR00060,2025-11-25,0.0,Bank Transfer,TC00024,False
TT04480,U01265,CR00032,2025-02-20,0.0,Bank Transfer,TC00055,False
TT04481,U01265,CR00053,2025-01-07,0.0,PayPal,TC00058,False
TT04482,U01279,CR00018,2025-06-29,0.0,PayPal,TC00053,False
TT04483,U01279,CR00007,2025-09-15,0.0,Credit Card,TC00033,False
TT04484,U01279,CR00025,2025-03-11,299.57,PayPal,TC00008,True
TT04485,U01282,CR00009,2025-07-05,0.0,Credit Card,TC00033,False
TT04486,U01282,CR00036,2025-07-01,0.0,Credit Card,TC00018,False
TT04487,U01282,CR00030,2025-12-20,0.0,PayPal,TC00007,False
TT04488,U01285,CR00027,2025-08-11,0.0,PayPal,TC00007,False
TT04489,U01285,CR00028,2025-07-01,0.78,Bank Transfer,TC00021,True
TT04490,U01285,CR00029,2025-05-22,0.0,Credit Card,TC00004,False
TT04491,U01285,CR00016,2025-07-21,0.0,Bank Transfer,TC00053,False
TT04492,U01288,CR00057,2025-07-24,177.34,Credit Card,TC00002,True
TT04493,U01288,CR00033,2025-07-21,0.0,Bank Transfer,TC00055,False
TT04494,U01291,CR00053,2025-05-07,0.0,Credit Card,TC00058,False
TT04495,U01295,CR00044,2025-08-06,119.04,PayPal,TC00037,True
TT04496,U01295,CR00016,2025-02-06,0.0,Bank Transfer,TC00053,False
TT04497,U01295,CR00021,2025-12-27,0.0,PayPal,TC00008,False
TT04498,U01295,CR00006,2025-01-30,276.37,Bank Transfer,TC00033,True
TT04499,U01303,CR00033,2025-09-03,0.0,Credit Card,TC00059,False
TT04500,U01303,CR00024,2025-11-02,117.68,Bank Transfer,TC00008,True
TT04501,U01304,CR00003,2025-12-09,0.0,Bank Transfer,TC00056,False
TT04502,U01304,CR00060,2025-08-30,0.0,PayPal,TC00002,False
TT04503,U01305,CR00018,2025-09-05,0.0,Credit Card,TC00053,False
TT04504,U01305,CR00045,2025-11-09,0.0,Bank Transfer,TC00037,False
TT04505,U01305,CR00036,2025-11-22,0.0,Bank Transfer,TC00018,False
TT04506,U01309,CR00022,2025-09-07,0.0,Bank Transfer,TC00008,False
TT04507,U01309,CR00018,2025-05-12,0.0,Bank Transfer,TC00053,False
TT04508,U01310,CR00020,2025-07-11,0.0,Credit Card,TC00053,False
TT04509,U01310,CR00007,2025-08-29,0.0,Credit Card,TC00033,False
TT04510,U01310,CR00042,2025-12-02,0.0,PayPal,TC00037,False
TT04511,U01313,CR00026,2025-01-25,0.0,Credit Card,TC00004,False
TT04512,U01313,CR00016,2025-02-11,0.0,Bank Transfer,TC00053,False
TT04513,U01313,CR00046,2025-09-24,248.1,Bank Transfer,TC00011,True
TT04514,U01314,CR00025,2025-08-23,299.57,Credit Card,TC00008,True
TT04515,U01314,CR00020,2025-02-19,0.0,PayPal,TC00053,False
TT04516,U01320,CR00042,2025-11-25,0.0,Credit Card,TC00037,False
TT04517,U01320,CR00032,2025-04-29,0.0,Bank Transfer,TC00055,False
TT04518,U01320,CR00004,2025-10-09,0.0,Bank Transfer,TC00056,False
TT04519,U01320,CR00015,2025-06-14,285.05,Credit Card,TC00058,True
TT04520,U01325,CR00007,2025-06-02,0.0,Credit Card,TC00033,False
TT04521,U01325,CR00057,2025-09-22,177.34,Credit Card,TC00024,True
TT04522,U01326,CR00028,2025-04-07,0.78,Credit Card,TC00021,True
TT04523,U01326,CR00059,2025-08-06,0.0,Credit Card,TC00002,False
TT04524,U01338,CR00018,2025-01-01,0.0,Credit Card,TC00053,False
TT04525,U01338,CR00053,2025-10-18,0.0,Credit Card,TC00058,False
TT04526,U01338,CR00032,2025-11-30,0.0,Credit Card,TC00012,False
TT04527,U01339,CR00002,2025-05-06,0.0,PayPal,TC00056,False
TT04528,U01339,CR00049,2025-08-24,415.51,Credit Card,TC00041,True
TT04529,U01340,CR00005,2025-09-04,0.0,Credit Card,TC00056,False
TT04530,U01340,CR00049,2025-11-07,415.51,Bank Transfer,TC00011,True
TT04531,U01341,CR00024,2025-10-21,117.68,Credit Card,TC00008,True
TT04532,U01341,CR00022,2025-10-06,0.0,Bank Transfer,TC00008,False
TT04533,U01341,CR00052,2025-05-25,0.0,Credit Card,TC00058,False
TT04534,U01342,CR00003,2025-01-17,0.0,PayPal,TC00056,False
TT04535,U01342,CR00014,2025-05-16,0.0,Bank Transfer,TC00011,False
TT04536,U01354,CR00010,2025-11-13,0.0,PayPal,TC00033,False
TT04537,U01354,CR00016,2025-11-11,0.0,PayPal,TC00053,False
TT04538,U01356,CR00023,2025-12-08,0.0,PayPal,TC00008,False
TT04539,U01356,CR00047,2025-10-15,89.59,Credit Card,TC00041,True
TT04540,U01356,CR00043,2025-11-16,0.0,Credit Card,TC00037,False
TT04541,U01362,CR00048,2025-05-28,0.0,PayPal,TC00054,False
TT04542,U01362,CR00019,2025-01-04,0.0,PayPal,TC00053,False
TT04543,U01362,CR00060,2025-10-09,0.0,PayPal,TC00002,False
TT04544,U01370,CR00027,2025-03-24,0.0,PayPal,TC00004,False
TT04545,U01370,CR00052,2025-05-09,0.0,Credit Card,TC00058,False
TT04546,U01370,CR00006,2025-05-29,276.37,Credit Card,TC00033,True
TT04547,U01377,CR00049,2025-07-15,415.51,Bank Transfer,TC00011,True
TT04548,U01377,CR00014,2025-01-04,0.0,Credit Card,TC00011,False
TT04549,U01377,CR00040,2025-11-09,327.99,Bank Transfer,TC00018,True
TT04550,U01377,CR00047,2025-12-21,89.59,PayPal,TC00011,True
TT04551,U01384,CR00001,2025-04-14,472.28,Credit Card,TC00056,True
TT04552,U01384,CR00007,2025-06-01,0.0,Credit Card,TC00033,False
TT04553,U01384,CR00019,2025-08-26,0.0,Bank Transfer,TC00053,False
TT04554,U01390,CR00009,2025-10-25,0.0,Bank Transfer,TC00033,False
TT04555,U01390,CR00013,2025-06-22,0.0,PayPal,TC00054,False
TT04556,U01392,CR00046,2025-01-12,248.1,PayPal,TC00041,True
TT04557,U01392,CR00017,2025-01-19,0.0,Credit Card,TC00053,False
TT04558,U01392,CR00005,2025-11-28,0.0,Bank Transfer,TC00056,False
TT04559,U01396,CR00002,2025-08-14,0.0,Credit Card,TC00056,False
TT04560,U01396,CR00059,2025-07-18,0.0,Bank Transfer,TC00002,False
TT04561,U01396,CR00034,2025-03-06,394.26,PayPal,TC00046,True
TT04562,U01402,CR00048,2025-05-17,0.0,Bank Transfer,TC00011,False
TT04563,U01402,CR00026,2025-04-21,0.0,PayPal,TC00021,False
TT04564,U01402,CR00011,2025-10-15,326.02,Bank Transfer,TC00053,True
TT04565,U01402,CR00055,2025-08-22,57.32,PayPal,TC00058,True
TT04566,U01408,CR00054,2025-06-11,0.0,Bank Transfer,TC00058,False
TT04567,U01408,CR00004,2025-07-07,0.0,Credit Card,TC00056,False
TT04568,U01409,CR00045,2025-06-02,0.0,Bank Transfer,TC00037,False
TT04569,U01409,CR00001,2025-01-23,472.28,Credit Card,TC00056,True
TT04570,U01409,CR00023,2025-03-10,0.0,PayPal,TC00008,False
TT04571,U01409,CR00044,2025-09-07,119.04,Credit Card,TC00037,True
TT04572,U01412,CR00055,2025-01-07,57.32,Credit Card,TC00058,True
TT04573,U01412,CR00042,2025-02-18,0.0,Credit Card,TC00037,False
TT04574,U01412,CR00028,2025-09-13,0.78,Credit Card,TC00021,True
TT04575,U01415,CR00034,2025-01-22,394.26,Credit Card,TC00046,True
TT04576,U01415,CR00006,2025-05-03,276.37,Bank Transfer,TC00033,True
TT04577,U01415,CR00049,2025-07-29,415.51,Bank Transfer,TC00041,True
TT04578,U01420,CR00015,2025-09-01,285.05,PayPal,TC00008,True
TT04579,U01420,CR00028,2025-07-04,0.78,Credit Card,TC00021,True
TT04580,U01420,CR00041,2025-05-05,53.86,Credit Card,TC00037,True
TT04581,U01436,CR00013,2025-06-05,0.0,Bank Transfer,TC00002,False
TT04582,U01436,CR00021,2025-03-18,0.0,PayPal,TC00008,False
TT04583,U01438,CR00060,2025-05-13,0.0,PayPal,TC00024,False
TT04584,U01438,CR00052,2025-06-05,0.0,PayPal,TC00058,False
TT04585,U01438,CR00051,2025-11-18,37.89,Bank Transfer,TC00058,True
TT04586,U01438,CR00048,2025-04-17,0.0,Bank Transfer,TC00041,False
TT04587,U01442,CR00056,2025-06-23,212.39,Bank Transfer,TC00002,True
TT04588,U01442,CR00039,2025-10-25,346.71,Credit Card,TC00018,True
TT04589,U01442,CR00007,2025-11-28,0.0,Credit Card,TC00033,False
TT04590,U01453,CR00031,2025-08-27,0.0,PayPal,TC00055,False
TT04591,U01453,CR00058,2025-09-07,0.0,Bank Transfer,TC00002,False
TT04592,U01454,CR00007,2025-12-26,0.0,PayPal,TC00033,False
TT04593,U01454,CR00031,2025-05-27,0.0,Bank Transfer,TC00059,False
TT04594,U01465,CR00026,2025-01-27,0.0,Bank Transfer,TC00007,False
TT04595,U01465,CR00034,2025-02-01,394.26,Bank Transfer,TC00012,True
TT04596,U01482,CR00050,2025-03-07,490.9,Credit Card,TC00054,True
TT04597,U01482,CR00052,2025-05-13,0.0,PayPal,TC00058,False
TT04598,U01491,CR00059,2025-03-17,0.0,PayPal,TC00024,False
TT04599,U01491,CR00058,2025-08-24,0.0,Bank Transfer,TC00002,False
TT04600,U01491,CR00016,2025-07-09,0.0,Credit Card,TC00053,False
TT04601,U01492,CR00043,2025-09-10,0.0,Credit Card,TC00037,False
TT04602,U01492,CR00050,2025-06-26,490.9,PayPal,TC00041,True
TT04603,U01492,CR00039,2025-02-01,346.71,PayPal,TC00018,True
TT04604,U01492,CR00059,2025-09-18,0.0,PayPal,TC00002,False
TT04605,U01505,CR00035,2025-11-08,0.0,PayPal,TC00055,False
TT04606,U01505,CR00022,2025-07-25,0.0,Bank Transfer,TC00008,False
TT04607,U01505,CR00042,2025-10-28,0.0,Bank Transfer,TC00037,False
TT04608,U01507,CR00041,2025-06-06,53.86,Credit Card,TC00037,True
TT04609,U01507,CR00013,2025-02-27,0.0,Credit Card,TC00004,False
TT04610,U01507,CR00025,2025-01-15,299.57,Credit Card,TC00008,True
TT04611,U01519,CR00008,2025-04-19,0.0,Bank Transfer,TC00033,False
TT04612,U01519,CR00020,2025-03-17,0.0,Bank Transfer,TC00053,False
TT04613,U01529,CR00027,2025-05-09,0.0,Credit Card,TC00007,False
TT04614,U01529,CR00035,2025-05-22,0.0,PayPal,TC00012,False
TT04615,U01529,CR00042,2025-11-05,0.0,PayPal,TC00037,False
TT04616,U01533,CR00009,2025-02-24,0.0,Bank Transfer,TC00033,False
TT04617,U01533,CR00041,2025-11-17,53.86,Credit Card,TC00037,True
TT04618,U01533,CR00055,2025-05-08,57.32,PayPal,TC00058,True
TT04619,U01535,CR00051,2025-05-21,37.89,Credit Card,TC00058,True
TT04620,U01535,CR00050,2025-03-16,490.9,PayPal,TC00011,True
TT04621,U01535,CR00037,2025-02-07,0.0,PayPal,TC00018,False
TT04622,U01535,CR00049,2025-07-30,415.51,Bank Transfer,TC00041,True
TT04623,U01537,CR00049,2025-12-11,415.51,PayPal,TC00054,True
TT04624,U01537,CR00001,2025-08-10,472.28,PayPal,TC00056,True
TT04625,U01537,CR00023,2025-05-10,0.0,Bank Transfer,TC00008,False
TT04626,U01541,CR00027,2025-08-13,0.0,Bank Transfer,TC00021,False
TT04627,U01541,CR00039,2025-09-18,346.71,Credit Card,TC00018,True
TT04628,U01541,CR00025,2025-01-30,299.57,Credit Card,TC00008,True
TT04629,U01541,CR00051,2025-11-23,37.89,Bank Transfer,TC00058,True
TT04630,U01554,CR00033,2025-01-07,0.0,Credit Card,TC00055,False
TT04631,U01554,CR00042,2025-09-22,0.0,Credit Card,TC00037,False
TT04632,U01554,CR00029,2025-02-10,0.0,Bank Transfer,TC00021,False
TT04633,U01554,CR00036,2025-09-24,0.0,PayPal,TC00018,False
TT04634,U01568,CR00013,2025-10-01,0.0,PayPal,TC00011,False
TT04635,U01568,CR00042,2025-10-01,0.0,Bank Transfer,TC00037,False
TT04636,U01568,CR00049,2025-01-09,415.51,PayPal,TC00011,True
TT04637,U01571,CR00032,2025-01-14,0.0,PayPal,TC00055,False
TT04638,U01571,CR00045,2025-08-25,0.0,Bank Transfer,TC00037,False
TT04639,U01591,CR00048,2025-12-01,0.0,PayPal,TC00041,False
TT04640,U01591,CR00032,2025-08-10,0.0,Bank Transfer,TC00059,False
TT04641,U01592,CR00031,2025-09-04,0.0,PayPal,TC00059,False
TT04642,U01592,CR00060,2025-09-11,0.0,Credit Card,TC00002,False
TT04643,U01592,CR00054,2025-10-06,0.0,PayPal,TC00058,False
TT04644,U01592,CR00027,2025-08-21,0.0,PayPal,TC00007,False
TT04645,U01596,CR00029,2025-08-27,0.0,PayPal,TC00021,False
TT04646,U01596,CR00022,2025-05-02,0.0,PayPal,TC00008,False
TT04647,U01624,CR00006,2025-10-20,276.37,Credit Card,TC00033,True
TT04648,U01624,CR00049,2025-12-15,415.51,Bank Transfer,TC00041,True
TT04649,U01624,CR00059,2025-12-29,0.0,Credit Card,TC00024,False
TT04650,U01624,CR00024,2025-11-05,117.68,Bank Transfer,TC00008,True
TT04651,U01625,CR00021,2025-08-09,0.0,Credit Card,TC00008,False
TT04652,U01625,CR00036,2025-10-30,0.0,Bank Transfer,TC00018,False
TT04653,U01625,CR00034,2025-10-26,394.26,Credit Card,TC00059,True
TT04654,U01631,CR00034,2025-05-06,394.26,Bank Transfer,TC00059,True
TT04655,U01631,CR00008,2025-10-17,0.0,PayPal,TC00033,False
TT04656,U01644,CR00035,2025-03-27,0.0,Bank Transfer,TC00046,False
TT04657,U01644,CR00012,2025-09-24,487.92,Credit Card,TC00018,True
TT04658,U01644,CR00013,2025-11-02,0.0,Credit Card,TC00056,False
TT04659,U01645,CR00020,2025-06-28,0.0,Credit Card,TC00053,False
TT04660,U01645,CR00013,2025-04-02,0.0,Bank Transfer,TC00008,False
TT04661,U01645,CR00028,2025-12-20,0.78,PayPal,TC00007,True
TT04662,U01648,CR00029,2025-09-17,0.0,Credit Card,TC00007,False
TT04663,U01648,CR00032,2025-11-26,0.0,PayPal,TC00012,False
TT04664,U01648,CR00024,2025-05-06,117.68,Credit Card,TC00008,True
TT04665,U01648,CR00028,2025-06-26,0.78,Bank Transfer,TC00021,True
TT04666,U01659,CR00040,2025-07-18,327.99,Bank Transfer,TC00018,True
TT04667,U01659,CR00056,2025-11-24,212.39,Credit Card,TC00024,True
TT04668,U01659,CR00036,2025-01-17,0.0,Credit Card,TC00018,False
TT04669,U01660,CR00051,2025-04-16,37.89,Bank Transfer,TC00058,True
TT04670,U01660,CR00055,2025-10-07,57.32,PayPal,TC00058,True
TT04671,U01665,CR00058,2025-09-12,0.0,Credit Card,TC00002,False
TT04672,U01665,CR00021,2025-09-22,0.0,Credit Card,TC00008,False
TT04673,U01665,CR00022,2025-02-11,0.0,PayPal,TC00008,False
TT04674,U01665,CR00043,2025-02-11,0.0,PayPal,TC00037,False
TT04675,U01677,CR00007,2025-10-13,0.0,Credit Card,TC00033,False
TT04676,U01677,CR00014,2025-03-07,0.0,PayPal,TC00008,False
TT04677,U01684,CR00032,2025-07-24,0.0,PayPal,TC00059,False
TT04678,U01684,CR00045,2025-06-29,0.0,Credit Card,TC00037,False
TT04679,U01690,CR00043,2025-09-16,0.0,Bank Transfer,TC00037,False
TT04680,U01690,CR00035,2025-02-23,0.0,PayPal,TC00012,False
TT04681,U01690,CR00009,2025-02-21,0.0,PayPal,TC00033,False
TT04682,U01690,CR00048,2025-05-24,0.0,Credit Card,TC00054,False
TT04683,U01703,CR00012,2025-07-24,487.92,PayPal,TC00008,True
TT04684,U01703,CR00033,2025-02-09,0.0,Credit Card,TC00012,False
TT04685,U01703,CR00019,2025-08-14,0.0,Credit Card,TC00053,False
TT04686,U01707,CR00044,2025-08-15,119.04,Credit Card,TC00037,True
TT04687,U01707,CR00017,2025-09-15,0.0,PayPal,TC00053,False
TT04688,U01707,CR00035,2025-05-20,0.0,Credit Card,TC00046,False
TT04689,U01713,CR00030,2025-03-02,0.0,Bank Transfer,TC00007,False
TT04690,U01713,CR00034,2025-10-04,394.26,Credit Card,TC00055,True
TT04691,U01713,CR00019,2025-12-22,0.0,PayPal,TC00053,False
TT04692,U01713,CR00055,2025-06-30,57.32,PayPal,TC00058,True
TT04693,U01733,CR00002,2025-04-26,0.0,Bank Transfer,TC00056,False
TT04694,U01733,CR00006,2025-04-28,276.37,Bank Transfer,TC00033,True
TT04695,U01733,CR00037,2025-06-29,0.0,PayPal,TC00018,False
TT04696,U01733,CR00025,2025-05-02,299.57,PayPal,TC00008,True
TT04697,U01734,CR00011,2025-07-12,326.02,Credit Card,TC00033,True
TT04698,U01734,CR00008,2025-05-08,0.0,PayPal,TC00033,False
TT04699,U01734,CR00044,2025-05-14,119.04,PayPal,TC00037,True
TT04700,U01744,CR00016,2025-07-09,0.0,PayPal,TC00053,False
TT04701,U01744,CR00057,2025-06-16,177.34,PayPal,TC00024,True
TT04702,U01744,CR00021,2025-04-15,0.0,Credit Card,TC00008,False
TT04703,U01744,CR00012,2025-04-20,487.92,Bank Transfer,TC00046,True
TT04704,U01747,CR00054,2025-09-15,0.0,Credit Card,TC00058,False
TT04705,U01747,CR00057,2025-06-22,177.34,PayPal,TC00024,True
TT04706,U01747,CR00020,2025-03-02,0.0,PayPal,TC00053,False
TT04707,U01747,CR00037,2025-02-22,0.0,PayPal,TC00018,False
TT04708,U01750,CR00038,2025-05-03,342.61,PayPal,TC00018,True
TT04709,U01750,CR00009,2025-01-30,0.0,Bank Transfer,TC00033,False
TT04710,U01750,CR00002,2025-08-16,0.0,Bank Transfer,TC00056,False
TT04711,U01750,CR00015,2025-04-24,285.05,Credit Card,TC00008,True
TT04712,U01752,CR00056,2025-09-19,212.39,Credit Card,TC00024,True
TT04713,U01752,CR00047,2025-12-02,89.59,Bank Transfer,TC00041,True
TT04714,U01752,CR00003,2025-03-10,0.0,PayPal,TC00056,False
TT04715,U01752,CR00008,2025-03-23,0.0,Bank Transfer,TC00033,False
TT04716,U01756,CR00005,2025-03-30,0.0,PayPal,TC00056,False
TT04717,U01756,CR00030,2025-01-27,0.0,Credit Card,TC00004,False
TT04718,U01766,CR00035,2025-06-25,0.0,PayPal,TC00055,False
TT04719,U01766,CR00039,2025-07-05,346.71,PayPal,TC00018,True
TT04720,U01766,CR00006,2025-03-02,276.37,PayPal,TC00033,True
TT04721,U01769,CR00020,2025-07-13,0.0,PayPal,TC00053,False
TT04722,U01769,CR00058,2025-08-21,0.0,Credit Card,TC00002,False
TT04723,U01769,CR00041,2025-01-30,53.86,PayPal,TC00037,True
TT04724,U01769,CR00030,2025-08-15,0.0,Credit Card,TC00004,False
TT04725,U01770,CR00035,2025-09-27,0.0,PayPal,TC00059,False
TT04726,U01770,CR00010,2025-03-22,0.0,Credit Card,TC00033,False
TT04727,U01771,CR00028,2025-06-01,0.78,Bank Transfer,TC00007,True
TT04728,U01771,CR00039,2025-08-18,346.71,Credit Card,TC00018,True
TT04729,U01771,CR00008,2025-02-19,0.0,Bank Transfer,TC00033,False
TT04730,U01783,CR00055,2025-08-22,57.32,Credit Card,TC00058,True
TT04731,U01783,CR00037,2025-11-11,0.0,Credit Card,TC00018,False
TT04732,U01783,CR00014,2025-10-22,0.0,Bank Transfer,TC00007,False
TT04733,U01803,CR00004,2025-10-22,0.0,Credit Card,TC00056,False
TT04734,U01803,CR00038,2025-05-17,342.61,Bank Transfer,TC00018,True
TT04735,U01803,CR00054,2025-01-12,0.0,PayPal,TC00058,False
TT04736,U01808,CR00001,2025-02-17,472.28,Credit Card,TC00056,True
TT04737,U01808,CR00059,2025-02-01,0.0,PayPal,TC00024,False
TT04738,U01808,CR00056,2025-10-03,212.39,PayPal,TC00002,True
TT04739,U01814,CR00001,2025-09-22,472.28,Credit Card,TC00056,True
TT04740,U01814,CR00018,2025-05-23,0.0,PayPal,TC00053,False
TT04741,U01814,CR00030,2025-08-08,0.0,PayPal,TC00021,False
TT04742,U01829,CR00042,2025-07-25,0.0,PayPal,TC00037,False
TT04743,U01829,CR00031,2025-10-16,0.0,PayPal,TC00055,False
TT04744,U01850,CR00044,2025-02-24,119.04,PayPal,TC00037,True
TT04745,U01850,CR00021,2025-03-19,0.0,Bank Transfer,TC00008,False
TT04746,U01850,CR00025,2025-11-03,299.57,Credit Card,TC00008,True
TT04747,U01851,CR00038,2025-11-08,342.61,Bank Transfer,TC00018,True
TT04748,U01851,CR00023,2025-03-13,0.0,PayPal,TC00008,False
TT04749,U01851,CR00013,2025-09-04,0.0,Credit Card,TC00007,False
TT04750,U01851,CR00011,2025-11-06,326.02,Bank Transfer,TC00007,True
TT04751,U01852,CR00017,2025-02-12,0.0,Credit Card,TC00053,False
TT04752,U01852,CR00044,2025-05-25,119.04,PayPal,TC00037,True
TT04753,U01852,CR00004,2025-09-21,0.0,Bank Transfer,TC00056,False
TT04754,U01852,CR00034,2025-04-21,394.26,Credit Card,TC00055,True
TT04755,U01857,CR00041,2025-02-16,53.86,PayPal,TC00037,True
TT04756,U01857,CR00010,2025-01-01,0.0,PayPal,TC00033,False
TT04757,U01860,CR00005,2025-01-11,0.0,Credit Card,TC00056,False
TT04758,U01860,CR00017,2025-12-14,0.0,Credit Card,TC00053,False
TT04759,U01860,CR00012,2025-07-01,487.92,PayPal,TC00021,True
TT04760,U01861,CR00055,2025-06-08,57.32,Bank Transfer,TC00058,True
TT04761,U01861,CR00051,2025-09-01,37.89,PayPal,TC00058,True
TT04762,U01865,CR00005,2025-11-28,0.0,Bank Transfer,TC00056,False
TT04763,U01865,CR00045,2025-03-06,0.0,Credit Card,TC00037,False
TT04764,U01865,CR00004,2025-09-01,0.0,PayPal,TC00056,False
TT04765,U01865,CR00031,2025-09-07,0.0,Bank Transfer,TC00012,False
TT04766,U01882,CR00014,2025-05-24,0.0,PayPal,TC00024,False
TT04767,U01882,CR00055,2025-01-02,57.32,Bank Transfer,TC00058,True
TT04768,U01882,CR00051,2025-03-23,37.89,Bank Transfer,TC00058,True
TT04769,U01899,CR00004,2025-01-03,0.0,Credit Card,TC00056,False
TT04770,U01899,CR00054,2025-02-09,0.0,Bank Transfer,TC00058,False
TT04771,U01909,CR00051,2025-06-11,37.89,Credit Card,TC00058,True
TT04772,U01909,CR00030,2025-01-28,0.0,PayPal,TC00007,False
TT04773,U01909,CR00018,2025-02-09,0.0,Credit Card,TC00053,False
TT04774,U01921,CR00022,2025-12-14,0.0,PayPal,TC00008,False
TT04775,U01921,CR00048,2025-06-16,0.0,Credit Card,TC00041,False
TT04776,U01933,CR00037,2025-02-05,0.0,Credit Card,TC00018,False
TT04777,U01933,CR00020,2025-03-23,0.0,PayPal,TC00053,False
TT04778,U01939,CR00025,2025-11-09,299.57,Bank Transfer,TC00008,True
TT04779,U01939,CR00002,2025-12-24,0.0,Credit Card,TC00056,False
TT04780,U01939,CR00044,2025-07-19,119.04,Credit Card,TC00037,True
TT04781,U01939,CR00019,2025-08-11,0.0,PayPal,TC00053,False
TT04782,U01950,CR00030,2025-10-16,0.0,Credit Card,TC00021,False
TT04783,U01950,CR00018,2025-12-08,0.0,Credit Card,TC00053,False
TT04784,U01951,CR00033,2025-10-15,0.0,Credit Card,TC00059,False
TT04785,U01951,CR00029,2025-07-01,0.0,Credit Card,TC00004,False
TT04786,U01951,CR00035,2025-06-17,0.0,Credit Card,TC00012,False
TT04787,U01964,CR00006,2025-03-04,276.37,Bank Transfer,TC00033,True
TT04788,U01964,CR00053,2025-07-01,0.0,Bank Transfer,TC00058,False
TT04789,U01964,CR00058,2025-04-30,0.0,Credit Card,TC00024,False
TT04790,U01964,CR00023,2025-02-04,0.0,Credit Card,TC00008,False
TT04791,U01966,CR00046,2025-04-13,248.1,Bank Transfer,TC00011,True
TT04792,U01966,CR00040,2025-03-12,327.99,PayPal,TC00018,True
TT04793,U01966,CR00002,2025-05-04,0.0,Bank Transfer,TC00056,False
TT04794,U01966,CR00032,2025-07-22,0.0,PayPal,TC00059,False
TT04795,U01991,CR00011,2025-04-21,326.02,Bank Transfer,TC00058,True
TT04796,U01991,CR00051,2025-07-01,37.89,PayPal,TC00058,True
TT04797,U01991,CR00008,2025-04-08,0.0,Bank Transfer,TC00033,False
TT04798,U01992,CR00039,2025-12-08,346.71,PayPal,TC00018,True
TT04799,U01992,CR00037,2025-07-01,0.0,Bank Transfer,TC00018,False
TT04800,U02003,CR00045,2025-05-03,0.0,PayPal,TC00037,False
TT04801,U02003,CR00053,2025-12-12,0.0,PayPal,TC00058,False
TT04802,U02003,CR00017,2025-08-27,0.0,Credit Card,TC00053,False
TT04803,U02003,CR00050,2025-07-24,490.9,PayPal,TC00041,True
TT04804,U02013,CR00010,2025-01-30,0.0,Credit Card,TC00033,False
TT04805,U02013,CR00048,2025-03-08,0.0,PayPal,TC00054,False
TT04806,U02014,CR00041,2025-04-03,53.86,Bank Transfer,TC00037,True
TT04807,U02014,CR00035,2025-10-19,0.0,PayPal,TC00012,False
TT04808,U02014,CR00028,2025-11-04,0.78,Credit Card,TC00021,True
TT04809,U02019,CR00055,2025-04-27,57.32,Bank Transfer,TC00058,True
TT04810,U02019,CR00054,2025-03-11,0.0,Bank Transfer,TC00058,False
TT04811,U02019,CR00056,2025-11-02,212.39,Credit Card,TC00024,True
TT04812,U02031,CR00044,2025-08-26,119.04,PayPal,TC00037,True
TT04813,U02031,CR00029,2025-06-21,0.0,PayPal,TC00004,False
TT04814,U02032,CR00037,2025-02-24,0.0,Credit Card,TC00018,False
TT04815,U02032,CR00053,2025-06-22,0.0,Bank Transfer,TC00058,False
TT04816,U02036,CR00027,2025-07-17,0.0,PayPal,TC00021,False
TT04817,U02036,CR00047,2025-04-09,89.59,Bank Transfer,TC00041,True
TT04818,U02041,CR00009,2025-06-09,0.0,Credit Card,TC00033,False
TT04819,U02041,CR00051,2025-10-16,37.89,Credit Card,TC00058,True
TT04820,U02041,CR00027,2025-10-20,0.0,Bank Transfer,TC00007,False
TT04821,U02044,CR00003,2025-10-21,0.0,Bank Transfer,TC00056,False
TT04822,U02044,CR00033,2025-04-17,0.0,Bank Transfer,TC00059,False
TT04823,U02050,CR00060,2025-01-26,0.0,Bank Transfer,TC00002,False
TT04824,U02050,CR00022,2025-12-15,0.0,Credit Card,TC00008,False
TT04825,U02050,CR00052,2025-12-13,0.0,Bank Transfer,TC00058,False
TT04826,U02052,CR00015,2025-09-29,285.05,Bank Transfer,TC00004,True
TT04827,U02052,CR00012,2025-03-23,487.92,Credit Card,TC00059,True
TT04828,U02060,CR00032,2025-03-01,0.0,Credit Card,TC00055,False
TT04829,U02060,CR00022,2025-03-14,0.0,Credit Card,TC00008,False
TT04830,U02060,CR00021,2025-12-08,0.0,Credit Card,TC00008,False
TT04831,U02065,CR00032,2025-12-11,0.0,PayPal,TC00055,False
TT04832,U02065,CR00018,2025-10-08,0.0,Credit Card,TC00053,False
TT04833,U02073,CR00021,2025-03-04,0.0,PayPal,TC00008,False
TT04834,U02073,CR00051,2025-12-24,37.89,Bank Transfer,TC00058,True
TT04835,U02084,CR00028,2025-07-24,0.78,Credit Card,TC00004,True
TT04836,U02084,CR00020,2025-01-27,0.0,PayPal,TC00053,False
TT04837,U02084,CR00002,2025-05-17,0.0,PayPal,TC00056,False
TT04838,U02086,CR00038,2025-06-28,342.61,Bank Transfer,TC00018,True
TT04839,U02086,CR00021,2025-12-02,0.0,Bank Transfer,TC00008,False
TT04840,U02091,CR00031,2025-02-16,0.0,Credit Card,TC00059,False
TT04841,U02091,CR00029,2025-04-03,0.0,Bank Transfer,TC00021,False
TT04842,U02091,CR00051,2025-12-21,37.89,Credit Card,TC00058,True
TT04843,U02102,CR00042,2025-07-23,0.0,PayPal,TC00037,False
TT04844,U02102,CR00033,2025-11-07,0.0,Bank Transfer,TC00055,False
TT04845,U02102,CR00007,2025-06-08,0.0,Credit Card,TC00033,False
TT04846,U02103,CR00048,2025-08-06,0.0,Credit Card,TC00041,False
TT04847,U02103,CR00001,2025-01-17,472.28,PayPal,TC00056,True
TT04848,U02103,CR00003,2025-06-17,0.0,Bank Transfer,TC00056,False
TT04849,U02120,CR00031,2025-01-21,0.0,Bank Transfer,TC00055,False
TT04850,U02120,CR00047,2025-02-04,89.59,Credit Card,TC00011,True
TT04851,U02127,CR00033,2025-12-15,0.0,Credit Card,TC00059,False
TT04852,U02127,CR00052,2025-09-25,0.0,Bank Transfer,TC00058,False
TT04853,U02129,CR00058,2025-09-26,0.0,Credit Card,TC00024,False
TT04854,U02129,CR00004,2025-06-09,0.0,Bank Transfer,TC00056,False
TT04855,U02141,CR00042,2025-07-20,0.0,Credit Card,TC00037,False
TT04856,U02141,CR00006,2025-12-28,276.37,Credit Card,TC00033,True
TT04857,U02142,CR00056,2025-05-11,212.39,Bank Transfer,TC00002,True
TT04858,U02142,CR00019,2025-05-11,0.0,PayPal,TC00053,False
TT04859,U02142,CR00032,2025-06-26,0.0,Bank Transfer,TC00055,False
TT04860,U02142,CR00042,2025-07-14,0.0,Bank Transfer,TC00037,False
TT04861,U02143,CR00024,2025-12-16,117.68,Credit Card,TC00008,True
TT04862,U02143,CR00051,2025-05-19,37.89,Bank Transfer,TC00058,True
TT04863,U02143,CR00031,2025-05-05,0.0,Bank Transfer,TC00046,False
TT04864,U02154,CR00039,2025-11-14,346.71,Bank Transfer,TC00018,True
TT04865,U02154,CR00026,2025-12-13,0.0,PayPal,TC00021,False
TT04866,U02154,CR00050,2025-05-06,490.9,Bank Transfer,TC00054,True
TT04867,U02157,CR00048,2025-05-06,0.0,PayPal,TC00041,False
TT04868,U02157,CR00017,2025-08-12,0.0,Credit Card,TC00053,False
TT04869,U02157,CR00026,2025-11-03,0.0,Credit Card,TC00007,False
TT04870,U02158,CR00006,2025-05-15,276.37,Bank Transfer,TC00033,True
TT04871,U02158,CR00001,2025-09-29,472.28,PayPal,TC00056,True
TT04872,U02158,CR00042,2025-04-16,0.0,PayPal,TC00037,False
TT04873,U02158,CR00029,2025-12-09,0.0,PayPal,TC00004,False
TT04874,U02167,CR00038,2025-11-25,342.61,Credit Card,TC00018,True
TT04875,U02167,CR00023,2025-09-04,0.0,Bank Transfer,TC00008,False
TT04876,U02167,CR00030,2025-12-15,0.0,PayPal,TC00004,False
TT04877,U02180,CR00004,2025-07-27,0.0,Credit Card,TC00056,False
TT04878,U02180,CR00013,2025-07-28,0.0,PayPal,TC00002,False
TT04879,U02180,CR00045,2025-08-23,0.0,Credit Card,TC00037,False
TT04880,U02180,CR00007,2025-07-01,0.0,Bank Transfer,TC00033,False
TT04881,U02185,CR00009,2025-10-25,0.0,PayPal,TC00033,False
TT04882,U02185,CR00059,2025-02-21,0.0,Credit Card,TC00002,False
TT04883,U02186,CR00035,2025-05-04,0.0,Bank Transfer,TC00059,False
TT04884,U02186,CR00051,2025-09-30,37.89,PayPal,TC00058,True
TT04885,U02186,CR00030,2025-11-14,0.0,PayPal,TC00021,False
TT04886,U02186,CR00011,2025-07-16,326.02,Bank Transfer,TC00004,True
TT04887,U02190,CR00052,2025-07-24,0.0,PayPal,TC00058,False
TT04888,U02190,CR00026,2025-09-22,0.0,Bank Transfer,TC00021,False
TT04889,U02190,CR00051,2025-12-18,37.89,PayPal,TC00058,True
TT04890,U02190,CR00049,2025-09-08,415.51,Credit Card,TC00054,True
TT04891,U02191,CR00003,2025-11-17,0.0,Credit Card,TC00056,False
TT04892,U02191,CR00005,2025-01-01,0.0,PayPal,TC00056,False
TT04893,U02191,CR00051,2025-07-24,37.89,Bank Transfer,TC00058,True
TT04894,U02191,CR00004,2025-09-12,0.0,PayPal,TC00056,False
TT04895,U02198,CR00030,2025-12-29,0.0,Bank Transfer,TC00021,False
TT04896,U02198,CR00027,2025-02-13,0.0,Credit Card,TC00004,False
TT04897,U02200,CR00038,2025-11-05,342.61,PayPal,TC00018,True
TT04898,U02200,CR00006,2025-06-21,276.37,Bank Transfer,TC00033,True
TT04899,U02206,CR00021,2025-10-30,0.0,PayPal,TC00008,False
TT04900,U02206,CR00023,2025-01-16,0.0,Bank Transfer,TC00008,False
TT04901,U02206,CR00043,2025-10-09,0.0,Bank Transfer,TC00037,False
TT04902,U02214,CR00015,2025-09-11,285.05,PayPal,TC00054,True
TT04903,U02214,CR00023,2025-06-21,0.0,Bank Transfer,TC00008,False
TT04904,U02214,CR00009,2025-04-23,0.0,PayPal,TC00033,False
TT04905,U02214,CR00051,2025-04-18,37.89,Credit Card,TC00058,True
TT04906,U02225,CR00031,2025-08-01,0.0,PayPal,TC00012,False
TT04907,U02225,CR00044,2025-11-30,119.04,PayPal,TC00037,True
TT04908,U02226,CR00050,2025-06-14,490.9,PayPal,TC00054,True
TT04909,U02226,CR00008,2025-02-24,0.0,Credit Card,TC00033,False
TT04910,U02228,CR00042,2025-08-04,0.0,Bank Transfer,TC00037,False
TT04911,U02228,CR00003,2025-07-27,0.0,Bank Transfer,TC00056,False
TT04912,U02241,CR00041,2025-11-02,53.86,PayPal,TC00037,True
TT04913,U02241,CR00046,2025-09-14,248.1,Bank Transfer,TC00054,True
TT04914,U02259,CR00044,2025-01-25,119.04,PayPal,TC00037,True
TT04915,U02259,CR00014,2025-02-24,0.0,Credit Card,TC00041,False
TT04916,U02262,CR00009,2025-05-28,0.0,Bank Transfer,TC00033,False
TT04917,U02262,CR00022,2025-09-15,0.0,PayPal,TC00008,False
TT04918,U02262,CR00053,2025-12-21,0.0,PayPal,TC00058,False
TT04919,U02270,CR00012,2025-07-29,487.92,Credit Card,TC00058,True
TT04920,U02270,CR00054,2025-01-04,0.0,Bank Transfer,TC00058,False
TT04921,U02270,CR00019,2025-05-19,0.0,Credit Card,TC00053,False
TT04922,U02299,CR00054,2025-07-18,0.0,Bank Transfer,TC00058,False
TT04923,U02299,CR00035,2025-10-26,0.0,Credit Card,TC00059,False
TT04924,U02309,CR00051,2025-05-15,37.89,Bank Transfer,TC00058,True
TT04925,U02309,CR00055,2025-05-12,57.32,PayPal,TC00058,True
TT04926,U02309,CR00045,2025-04-06,0.0,Credit Card,TC00037,False
TT04927,U02311,CR00024,2025-01-27,117.68,Credit Card,TC00008,True
TT04928,U02311,CR00020,2025-06-15,0.0,PayPal,TC00053,False
TT04929,U02311,CR00021,2025-03-16,0.0,PayPal,TC00008,False
TT04930,U02316,CR00011,2025-12-22,326.02,Credit Card,TC00007,True
TT04931,U02316,CR00047,2025-11-14,89.59,Bank Transfer,TC00011,True
TT04932,U02320,CR00045,2025-09-11,0.0,PayPal,TC00037,False
TT04933,U02320,CR00056,2025-05-11,212.39,Credit Card,TC00024,True
TT04934,U02320,CR00037,2025-08-19,0.0,Credit Card,TC00018,False
TT04935,U02324,CR00011,2025-02-11,326.02,PayPal,TC00033,True
TT04936,U02324,CR00023,2025-11-05,0.0,PayPal,TC00008,False
TT04937,U02324,CR00007,2025-06-12,0.0,Bank Transfer,TC00033,False
TT04938,U02326,CR00050,2025-09-26,490.9,Bank Transfer,TC00011,True
TT04939,U02326,CR00047,2025-11-12,89.59,PayPal,TC00011,True
TT04940,U02328,CR00049,2025-11-06,415.51,Bank Transfer,TC00011,True
TT04941,U02328,CR00020,2025-11-25,0.0,PayPal,TC00053,False
TT04942,U02328,CR00007,2025-05-20,0.0,PayPal,TC00033,False
TT04943,U02333,CR00049,2025-01-14,415.51,Credit Card,TC00054,True
TT04944,U02333,CR00003,2025-10-23,0.0,Bank Transfer,TC00056,False
TT04945,U02333,CR00053,2025-05-10,0.0,Bank Transfer,TC00058,False
TT04946,U02342,CR00027,2025-07-16,0.0,PayPal,TC00007,False
TT04947,U02342,CR00047,2025-03-18,89.59,Bank Transfer,TC00011,True
TT04948,U02343,CR00028,2025-07-24,0.78,Bank Transfer,TC00007,True
TT04949,U02343,CR00029,2025-09-26,0.0,Bank Transfer,TC00004,False
TT04950,U02343,CR00056,2025-06-11,212.39,Credit Card,TC00002,True
TT04951,U02343,CR00039,2025-07-27,346.71,PayPal,TC00018,True
TT04952,U02352,CR00025,2025-01-05,299.57,Bank Transfer,TC00008,True
TT04953,U02352,CR00042,2025-07-04,0.0,PayPal,TC00037,False
TT04954,U02352,CR00023,2025-11-27,0.0,PayPal,TC00008,False
TT04955,U02358,CR00006,2025-10-20,276.37,Bank Transfer,TC00033,True
TT04956,U02358,CR00025,2025-09-28,299.57,Credit Card,TC00008,True
TT04957,U02358,CR00027,2025-01-26,0.0,Credit Card,TC00004,False
TT04958,U02358,CR00050,2025-02-19,490.9,Bank Transfer,TC00054,True
TT04959,U02359,CR00023,2025-07-12,0.0,PayPal,TC00008,False
TT04960,U02359,CR00060,2025-07-16,0.0,Credit Card,TC00002,False
TT04961,U02368,CR00055,2025-12-14,57.32,Credit Card,TC00058,True
TT04962,U02368,CR00006,2025-12-11,276.37,PayPal,TC00033,True
TT04963,U02368,CR00024,2025-11-06,117.68,PayPal,TC00008,True
TT04964,U02368,CR00019,2025-01-27,0.0,Bank Transfer,TC00053,False
TT04965,U02372,CR00059,2025-01-28,0.0,Credit Card,TC00024,False
TT04966,U02372,CR00035,2025-09-02,0.0,PayPal,TC00059,False
TT04967,U02372,CR00021,2025-10-15,0.0,PayPal,TC00008,False
TT04968,U02374,CR00026,2025-06-19,0.0,Credit Card,TC00007,False
TT04969,U02374,CR00010,2025-10-13,0.0,PayPal,TC00033,False
TT04970,U02374,CR00028,2025-10-25,0.78,Credit Card,TC00004,True
TT04971,U02379,CR00014,2025-03-12,0.0,PayPal,TC00054,False
TT04972,U02379,CR00019,2025-11-12,0.0,Credit Card,TC00053,False
TT04973,U02380,CR00034,2025-01-05,394.26,PayPal,TC00059,True
TT04974,U02380,CR00054,2025-12-13,0.0,Bank Transfer,TC00058,False
TT04975,U02380,CR00011,2025-03-17,326.02,PayPal,TC00053,True
TT04976,U02384,CR00044,2025-03-02,119.04,Credit Card,TC00037,True
TT04977,U02384,CR00029,2025-06-16,0.0,PayPal,TC00004,False
TT04978,U02384,CR00048,2025-04-11,0.0,Bank Transfer,TC00054,False
TT04979,U02386,CR00025,2025-10-03,299.57,Credit Card,TC00008,True
TT04980,U02386,CR00026,2025-04-08,0.0,PayPal,TC00021,False
TT04981,U02386,CR00003,2025-06-09,0.0,Credit Card,TC00056,False
TT04982,U02386,CR00009,2025-02-13,0.0,Bank Transfer,TC00033,False
TT04983,U02395,CR00058,2025-03-15,0.0,PayPal,TC00024,False
TT04984,U02395,CR00036,2025-06-15,0.0,Bank Transfer,TC00018,False
TT04985,U02395,CR00033,2025-02-14,0.0,PayPal,TC00046,False
TT04986,U02414,CR00001,2025-08-21,472.28,Credit Card,TC00056,True
TT04987,U02414,CR00003,2025-06-22,0.0,PayPal,TC00056,False
TT04988,U02414,CR00042,2025-07-09,0.0,PayPal,TC00037,False
TT04989,U02425,CR00048,2025-03-01,0.0,Bank Transfer,TC00011,False
TT04990,U02425,CR00009,2025-10-26,0.0,Credit Card,TC00033,False
TT04991,U02429,CR00004,2025-10-28,0.0,Credit Card,TC00056,False
TT04992,U02429,CR00031,2025-06-01,0.0,Credit Card,TC00046,False
TT04993,U02429,CR00005,2025-09-25,0.0,Credit Card,TC00056,False
TT04994,U02436,CR00054,2025-08-16,0.0,Bank Transfer,TC00058,False
TT04995,U02436,CR00024,2025-07-20,117.68,Credit Card,TC00008,True
TT04996,U02436,CR00040,2025-02-06,327.99,PayPal,TC00018,True
TT04997,U02466,CR00023,2025-02-12,0.0,PayPal,TC00008,False
TT04998,U02466,CR00047,2025-05-29,89.59,Credit Card,TC00054,True
TT04999,U02466,CR00006,2025-04-13,276.37,PayPal,TC00033,True
TT05000,U02466,CR00016,2025-07-17,0.0,PayPal,TC00053,False
TT05001,U02468,CR00022,2025-03-11,0.0,Bank Transfer,TC00008,False
TT05002,U02468,CR00026,2025-07-05,0.0,PayPal,TC00021,False
TT05003,U02468,CR00059,2025-02-04,0.0,Bank Transfer,TC00002,False
TT05004,U02478,CR00050,2025-07-03,490.9,PayPal,TC00011,True
TT05005,U02478,CR00033,2025-02-17,0.0,PayPal,TC00055,False
TT05006,U02479,CR00015,2025-07-05,285.05,Credit Card,TC00011,True
TT05007,U02479,CR00005,2025-06-12,0.0,PayPal,TC00056,False
TT05008,U02479,CR00020,2025-01-04,0.0,PayPal,TC00053,False
TT05009,U02479,CR00058,2025-10-15,0.0,Credit Card,TC00002,False
TT05010,U02484,CR00052,2025-04-27,0.0,PayPal,TC00058,False
TT05011,U02484,CR00045,2025-01-21,0.0,PayPal,TC00037,False
TT05012,U02484,CR00002,2025-03-07,0.0,PayPal,TC00056,False
TT05013,U02484,CR00015,2025-07-16,285.05,Credit Card,TC00055,True
TT05014,U02503,CR00033,2025-06-08,0.0,Credit Card,TC00012,False
TT05015,U02503,CR00008,2025-08-11,0.0,Credit Card,TC00033,False
TT05016,U02504,CR00013,2025-03-12,0.0,PayPal,TC00037,False
TT05017,U02504,CR00011,2025-01-07,326.02,PayPal,TC00058,True
TT05018,U02504,CR00017,2025-10-03,0.0,PayPal,TC00053,False
TT05019,U02504,CR00007,2025-11-09,0.0,Credit Card,TC00033,False
TT05020,U02509,CR00021,2025-07-06,0.0,PayPal,TC00008,False
TT05021,U02509,CR00013,2025-09-14,0.0,Credit Card,TC00024,False
TT05022,U02509,CR00028,2025-12-19,0.78,Bank Transfer,TC00004,True
TT05023,U02521,CR00047,2025-11-13,89.59,Credit Card,TC00011,True
TT05024,U02521,CR00036,2025-03-30,0.0,PayPal,TC00018,False
TT05025,U02521,CR00026,2025-04-26,0.0,PayPal,TC00007,False
TT05026,U02521,CR00010,2025-04-03,0.0,Credit Card,TC00033,False
TT05027,U02526,CR00044,2025-10-23,119.04,Bank Transfer,TC00037,True
TT05028,U02526,CR00038,2025-09-08,342.61,PayPal,TC00018,True
TT05029,U02529,CR00054,2025-03-04,0.0,Credit Card,TC00058,False
TT05030,U02529,CR00017,2025-06-09,0.0,PayPal,TC00053,False
TT05031,U02529,CR00025,2025-05-02,299.57,Credit Card,TC00008,True
TT05032,U02531,CR00026,2025-11-18,0.0,Credit Card,TC00007,False
TT05033,U02531,CR00037,2025-08-29,0.0,PayPal,TC00018,False
TT05034,U02531,CR00027,2025-01-15,0.0,PayPal,TC00007,False
TT05035,U02531,CR00033,2025-03-20,0.0,PayPal,TC00012,False
TT05036,U02534,CR00053,2025-12-28,0.0,Credit Card,TC00058,False
TT05037,U02534,CR00009,2025-02-26,0.0,Bank Transfer,TC00033,False
TT05038,U02558,CR00028,2025-04-18,0.78,PayPal,TC00007,True
TT05039,U02558,CR00002,2025-01-20,0.0,PayPal,TC00056,False
TT05040,U02558,CR00033,2025-05-21,0.0,PayPal,TC00059,False
TT05041,U02558,CR00058,2025-04-08,0.0,PayPal,TC00002,False
TT05042,U02562,CR00029,2025-12-26,0.0,Bank Transfer,TC00007,False
TT05043,U02562,CR00011,2025-04-22,326.02,Bank Transfer,TC00059,True
TT05044,U02562,CR00042,2025-02-03,0.0,Bank Transfer,TC00037,False
TT05045,U02562,CR00058,2025-01-27,0.0,PayPal,TC00024,False
TT05046,U02600,CR00032,2025-11-20,0.0,Credit Card,TC00055,False
TT05047,U02600,CR00006,2025-06-30,276.37,Credit Card,TC00033,True
TT05048,U02600,CR00039,2025-04-21,346.71,PayPal,TC00018,True
TT05049,U02601,CR00052,2025-06-11,0.0,PayPal,TC00058,False
TT05050,U02601,CR00022,2025-06-26,0.0,Credit Card,TC00008,False
TT05051,U02601,CR00048,2025-02-22,0.0,Credit Card,TC00011,False
TT05052,U02601,CR00032,2025-03-10,0.0,Bank Transfer,TC00046,False
TT05053,U02613,CR00007,2025-07-15,0.0,Credit Card,TC00033,False
TT05054,U02613,CR00057,2025-04-26,177.34,Credit Card,TC00024,True
TT05055,U02615,CR00054,2025-10-07,0.0,PayPal,TC00058,False
TT05056,U02615,CR00020,2025-07-19,0.0,PayPal,TC00053,False
TT05057,U02617,CR00019,2025-01-23,0.0,Credit Card,TC00053,False
TT05058,U02617,CR00050,2025-02-05,490.9,PayPal,TC00011,True
TT05059,U02617,CR00002,2025-05-25,0.0,Bank Transfer,TC00056,False
TT05060,U02617,CR00042,2025-09-08,0.0,PayPal,TC00037,False
TT05061,U02618,CR00054,2025-04-28,0.0,PayPal,TC00058,False
TT05062,U02618,CR00053,2025-08-08,0.0,Bank Transfer,TC00058,False
TT05063,U02618,CR00036,2025-11-04,0.0,Bank Transfer,TC00018,False
TT05064,U02624,CR00002,2025-12-21,0.0,Credit Card,TC00056,False
TT05065,U02624,CR00021,2025-03-20,0.0,PayPal,TC00008,False
TT05066,U02624,CR00050,2025-12-19,490.9,PayPal,TC00011,True
TT05067,U02625,CR00058,2025-10-19,0.0,Bank Transfer,TC00002,False
TT05068,U02625,CR00019,2025-01-29,0.0,PayPal,TC00053,False
TT05069,U02626,CR00056,2025-07-24,212.39,Bank Transfer,TC00002,True
TT05070,U02626,CR00007,2025-09-12,0.0,Bank Transfer,TC00033,False
TT05071,U02626,CR00035,2025-12-04,0.0,PayPal,TC00012,False
TT05072,U02637,CR00023,2025-07-08,0.0,PayPal,TC00008,False
TT05073,U02637,CR00028,2025-03-18,0.78,Credit Card,TC00007,True
TT05074,U02640,CR00040,2025-05-14,327.99,Bank Transfer,TC00018,True
TT05075,U02640,CR00011,2025-10-30,326.02,Bank Transfer,TC00033,True
TT05076,U02640,CR00053,2025-03-07,0.0,Bank Transfer,TC00058,False
TT05077,U02644,CR00057,2025-11-08,177.34,Credit Card,TC00002,True
TT05078,U02644,CR00055,2025-08-03,57.32,PayPal,TC00058,True
TT05079,U02644,CR00008,2025-01-30,0.0,PayPal,TC00033,False
TT05080,U02644,CR00060,2025-05-28,0.0,Bank Transfer,TC00024,False
TT05081,U02646,CR00046,2025-05-10,248.1,Bank Transfer,TC00041,True
TT05082,U02646,CR00012,2025-04-10,487.92,Bank Transfer,TC00033,True
TT05083,U02658,CR00031,2025-12-01,0.0,PayPal,TC00055,False
TT05084,U02658,CR00015,2025-05-09,285.05,PayPal,TC00059,True
TT05085,U02658,CR00052,2025-06-04,0.0,Credit Card,TC00058,False
TT05086,U02668,CR00055,2025-09-05,57.32,Credit Card,TC00058,True
TT05087,U02668,CR00010,2025-03-02,0.0,Credit Card,TC00033,False
TT05088,U02668,CR00002,2025-01-23,0.0,Credit Card,TC00056,False
TT05089,U02675,CR00002,2025-04-29,0.0,Bank Transfer,TC00056,False
TT05090,U02675,CR00005,2025-10-24,0.0,Bank Transfer,TC00056,False
TT05091,U02675,CR00029,2025-03-26,0.0,Credit Card,TC00021,False
TT05092,U02675,CR00039,2025-02-15,346.71,Credit Card,TC00018,True
TT05093,U02677,CR00050,2025-06-02,490.9,PayPal,TC00054,True
TT05094,U02677,CR00014,2025-08-06,0.0,PayPal,TC00041,False
TT05095,U02677,CR00008,2025-07-28,0.0,Bank Transfer,TC00033,False
TT05096,U02686,CR00035,2025-03-22,0.0,Credit Card,TC00059,False
TT05097,U02686,CR00001,2025-12-04,472.28,Credit Card,TC00056,True
TT05098,U02686,CR00038,2025-11-21,342.61,Bank Transfer,TC00018,True
TT05099,U02686,CR00005,2025-01-29,0.0,PayPal,TC00056,False
TT05100,U02690,CR00029,2025-05-24,0.0,Credit Card,TC00007,False
TT05101,U02690,CR00030,2025-04-10,0.0,PayPal,TC00004,False
TT05102,U02690,CR00035,2025-05-08,0.0,Credit Card,TC00059,False
TT05103,U02690,CR00034,2025-04-30,394.26,Credit Card,TC00046,True
TT05104,U02692,CR00010,2025-02-19,0.0,Bank Transfer,TC00033,False
TT05105,U02692,CR00021,2025-07-04,0.0,PayPal,TC00008,False
TT05106,U02692,CR00024,2025-02-07,117.68,Bank Transfer,TC00008,True
TT05107,U02697,CR00047,2025-08-06,89.59,Credit Card,TC00041,True
TT05108,U02697,CR00039,2025-11-27,346.71,Credit Card,TC00018,True
TT05109,U02697,CR00028,2025-03-19,0.78,Bank Transfer,TC00021,True
TT05110,U02697,CR00017,2025-02-06,0.0,PayPal,TC00053,False
TT05111,U02701,CR00057,2025-08-22,177.34,Bank Transfer,TC00024,True
TT05112,U02701,CR00042,2025-12-14,0.0,Bank Transfer,TC00037,False
TT05113,U02701,CR00046,2025-01-28,248.1,Credit Card,TC00041,True
TT05114,U02701,CR00007,2025-10-15,0.0,PayPal,TC00033,False
TT05115,U02726,CR00043,2025-01-03,0.0,Bank Transfer,TC00037,False
TT05116,U02726,CR00018,2025-06-05,0.0,PayPal,TC00053,False
TT05117,U02726,CR00019,2025-06-30,0.0,PayPal,TC00053,False
TT05118,U02726,CR00021,2025-05-20,0.0,Credit Card,TC00008,False
TT05119,U02741,CR00004,2025-08-13,0.0,PayPal,TC00056,False
TT05120,U02742,CR00015,2025-06-21,285.05,Bank Transfer,TC00002,True
TT05121,U02742,CR00002,2025-04-15,0.0,PayPal,TC00056,False
TT05122,U02746,CR00024,2025-02-19,117.68,Bank Transfer,TC00008,True
TT05123,U02746,CR00021,2025-11-30,0.0,PayPal,TC00008,False
TT05124,U02746,CR00007,2025-07-07,0.0,PayPal,TC00033,False
TT05125,U02747,CR00041,2025-04-07,53.86,Bank Transfer,TC00037,True
TT05126,U02747,CR00022,2025-03-21,0.0,PayPal,TC00008,False
TT05127,U02747,CR00032,2025-08-12,0.0,Credit Card,TC00046,False
TT05128,U02749,CR00014,2025-06-13,0.0,Bank Transfer,TC00008,False
TT05129,U02749,CR00036,2025-11-15,0.0,Credit Card,TC00018,False
TT05130,U02758,CR00021,2025-12-10,0.0,Credit Card,TC00008,False
TT05131,U02758,CR00023,2025-11-03,0.0,PayPal,TC00008,False
TT05132,U02759,CR00037,2025-04-12,0.0,Credit Card,TC00018,False
TT05133,U02759,CR00003,2025-01-03,0.0,PayPal,TC00056,False
TT05134,U02760,CR00047,2025-09-25,89.59,Credit Card,TC00041,True
TT05135,U02760,CR00015,2025-09-05,285.05,Bank Transfer,TC00054,True
TT05136,U02760,CR00021,2025-05-25,0.0,PayPal,TC00008,False
TT05137,U02761,CR00035,2025-09-01,0.0,PayPal,TC00059,False
TT05138,U02761,CR00020,2025-12-12,0.0,Bank Transfer,TC00053,False
TT05139,U02761,CR00034,2025-12-02,394.26,Credit Card,TC00055,True
TT05140,U02761,CR00003,2025-05-03,0.0,Bank Transfer,TC00056,False
TT05141,U02762,CR00051,2025-02-01,37.89,Bank Transfer,TC00058,True
TT05142,U02762,CR00006,2025-05-06,276.37,Credit Card,TC00033,True
TT05143,U02763,CR00011,2025-10-17,326.02,Credit Card,TC00053,True
TT05144,U02763,CR00026,2025-10-01,0.0,Credit Card,TC00007,False
TT05145,U02763,CR00046,2025-10-04,248.1,Bank Transfer,TC00054,True
TT05146,U02769,CR00047,2025-10-14,89.59,Bank Transfer,TC00011,True
TT05147,U02769,CR00049,2025-03-10,415.51,Credit Card,TC00041,True
TT05148,U02769,CR00046,2025-03-01,248.1,PayPal,TC00011,True
TT05149,U02778,CR00035,2025-04-25,0.0,Credit Card,TC00055,False
TT05150,U02778,CR00027,2025-12-25,0.0,PayPal,TC00004,False
TT05151,U02778,CR00043,2025-04-08,0.0,Bank Transfer,TC00037,False
TT05152,U02779,CR00049,2025-06-24,415.51,Bank Transfer,TC00041,True
TT05153,U02779,CR00034,2025-10-02,394.26,Bank Transfer,TC00059,True
TT05154,U02779,CR00036,2025-07-27,0.0,Bank Transfer,TC00018,False
TT05155,U02780,CR00009,2025-07-01,0.0,Credit Card,TC00033,False
TT05156,U02780,CR00014,2025-02-16,0.0,Credit Card,TC00012,False
TT05157,U02781,CR00012,2025-09-12,487.92,PayPal,TC00008,True
TT05158,U02781,CR00056,2025-12-28,212.39,PayPal,TC00002,True
TT05159,U02781,CR00031,2025-06-19,0.0,Bank Transfer,TC00059,False
TT05160,U02789,CR00007,2025-01-01,0.0,Credit Card,TC00033,False
TT05161,U02789,CR00029,2025-11-01,0.0,PayPal,TC00007,False
TT05162,U02789,CR00045,2025-08-29,0.0,Credit Card,TC00037,False
TT05163,U02789,CR00060,2025-07-22,0.0,Bank Transfer,TC00024,False
TT05164,U02801,CR00060,2025-06-26,0.0,PayPal,TC00024,False
TT05165,U02801,CR00028,2025-04-28,0.78,PayPal,TC00004,True
TT05166,U02801,CR00023,2025-04-20,0.0,Bank Transfer,TC00008,False
TT05167,U02803,CR00010,2025-12-09,0.0,Bank Transfer,TC00033,False
TT05168,U02803,CR00053,2025-04-16,0.0,Bank Transfer,TC00058,False
TT05169,U02807,CR00056,2025-06-20,212.39,PayPal,TC00024,True
TT05170,U02807,CR00059,2025-03-22,0.0,Bank Transfer,TC00002,False
TT05171,U02807,CR00039,2025-05-25,346.71,Bank Transfer,TC00018,True
TT05172,U02807,CR00035,2025-05-02,0.0,Bank Transfer,TC00059,False
TT05173,U02808,CR00017,2025-02-07,0.0,PayPal,TC00053,False
TT05174,U02808,CR00020,2025-11-01,0.0,PayPal,TC00053,False
TT05175,U02815,CR00056,2025-05-10,212.39,Bank Transfer,TC00024,True
TT05176,U02815,CR00045,2025-09-21,0.0,Bank Transfer,TC00037,False
TT05177,U02815,CR00007,2025-03-21,0.0,Bank Transfer,TC00033,False
TT05178,U02815,CR00057,2025-04-28,177.34,Bank Transfer,TC00024,True
TT05179,U02819,CR00053,2025-04-05,0.0,Bank Transfer,TC00058,False
TT05180,U02819,CR00026,2025-08-09,0.0,PayPal,TC00004,False
TT05181,U02839,CR00008,2025-09-19,0.0,Bank Transfer,TC00033,False
TT05182,U02839,CR00005,2025-10-03,0.0,Bank Transfer,TC00056,False
TT05183,U02839,CR00019,2025-10-05,0.0,PayPal,TC00053,False
TT05184,U02839,CR00033,2025-12-18,0.0,Credit Card,TC00055,False
TT05185,U02858,CR00029,2025-09-20,0.0,PayPal,TC00021,False
TT05186,U02858,CR00022,2025-12-25,0.0,Bank Transfer,TC00008,False
TT05187,U02858,CR00031,2025-09-02,0.0,Credit Card,TC00055,False
TT05188,U02858,CR00005,2025-04-28,0.0,PayPal,TC00056,False
TT05189,U02859,CR00040,2025-09-10,327.99,Credit Card,TC00018,True
TT05190,U02859,CR00011,2025-03-20,326.02,PayPal,TC00037,True
TT05191,U02862,CR00019,2025-07-23,0.0,Bank Transfer,TC00053,False
TT05192,U02862,CR00004,2025-05-25,0.0,Credit Card,TC00056,False
TT05193,U02866,CR00011,2025-02-20,326.02,PayPal,TC00059,True
TT05194,U02866,CR00021,2025-08-20,0.0,PayPal,TC00008,False
TT05195,U02868,CR00030,2025-07-03,0.0,PayPal,TC00021,False
TT05196,U02868,CR00031,2025-09-02,0.0,PayPal,TC00059,False
TT05197,U02872,CR00038,2025-01-09,342.61,PayPal,TC00018,True
TT05198,U02872,CR00014,2025-04-26,0.0,PayPal,TC00041,False
TT05199,U02873,CR00037,2025-05-25,0.0,PayPal,TC00018,False
TT05200,U02873,CR00041,2025-05-01,53.86,PayPal,TC00037,True
TT05201,U02873,CR00013,2025-01-05,0.0,PayPal,TC00004,False
TT05202,U02881,CR00006,2025-08-23,276.37,Bank Transfer,TC00033,True
TT05203,U02881,CR00059,2025-06-19,0.0,Credit Card,TC00002,False
TT05204,U02881,CR00009,2025-12-01,0.0,Bank Transfer,TC00033,False
TT05205,U02881,CR00052,2025-05-09,0.0,Credit Card,TC00058,False
TT05206,U02884,CR00021,2025-07-15,0.0,Bank Transfer,TC00008,False
TT05207,U02884,CR00028,2025-01-03,0.78,Credit Card,TC00021,True
TT05208,U02884,CR00059,2025-07-29,0.0,PayPal,TC00002,False
TT05209,U02885,CR00022,2025-11-28,0.0,Bank Transfer,TC00008,False
TT05210,U02885,CR00009,2025-07-14,0.0,Bank Transfer,TC00033,False
TT05211,U02885,CR00038,2025-08-01,342.61,Bank Transfer,TC00018,True
TT05212,U02886,CR00047,2025-06-20,89.59,PayPal,TC00041,True
TT05213,U02886,CR00036,2025-05-19,0.0,Bank Transfer,TC00018,False
TT05214,U02886,CR00014,2025-08-01,0.0,Credit Card,TC00021,False
TT05215,U02887,CR00009,2025-05-20,0.0,PayPal,TC00033,False
TT05216,U02887,CR00057,2025-11-06,177.34,Credit Card,TC00002,True
TT05217,U02887,CR00031,2025-08-03,0.0,PayPal,TC00055,False
TT05218,U02887,CR00025,2025-08-27,299.57,PayPal,TC00008,True
TT05219,U02890,CR00059,2025-03-28,0.0,Bank Transfer,TC00002,False
TT05220,U02890,CR00033,2025-12-13,0.0,Bank Transfer,TC00046,False
TT05221,U02891,CR00015,2025-02-06,285.05,Bank Transfer,TC00037,True
TT05222,U02891,CR00025,2025-08-28,299.57,Credit Card,TC00008,True
TT05223,U02891,CR00024,2025-03-20,117.68,Bank Transfer,TC00008,True
TT05224,U02898,CR00010,2025-03-23,0.0,Credit Card,TC00033,False
TT05225,U02898,CR00028,2025-07-08,0.78,Bank Transfer,TC00004,True
TT05226,U02898,CR00006,2025-12-20,276.37,Credit Card,TC00033,True
TT05227,U02898,CR00038,2025-12-27,342.61,Credit Card,TC00018,True
TT05228,U02906,CR00001,2025-12-08,472.28,PayPal,TC00056,True
TT05229,U02906,CR00044,2025-03-10,119.04,Credit Card,TC00037,True
TT05230,U02906,CR00043,2025-05-11,0.0,Credit Card,TC00037,False
TT05231,U02923,CR00037,2025-03-20,0.0,PayPal,TC00018,False
TT05232,U02923,CR00040,2025-03-15,327.99,PayPal,TC00018,True
TT05233,U02923,CR00050,2025-11-22,490.9,Bank Transfer,TC00054,True
TT05234,U02925,CR00010,2025-11-05,0.0,Bank Transfer,TC00033,False
TT05235,U02925,CR00021,2025-01-05,0.0,Credit Card,TC00008,False
TT05236,U02925,CR00034,2025-07-12,394.26,PayPal,TC00059,True
TT05237,U02925,CR00044,2025-03-15,119.04,PayPal,TC00037,True
TT05238,U02935,CR00049,2025-03-04,415.51,PayPal,TC00041,True
TT05239,U02935,CR00015,2025-03-13,285.05,Credit Card,TC00056,True
TT05240,U02940,CR00029,2025-05-11,0.0,Bank Transfer,TC00021,False
TT05241,U02940,CR00039,2025-10-29,346.71,PayPal,TC00018,True
TT05242,U02940,CR00058,2025-11-19,0.0,PayPal,TC00002,False
TT05243,U02942,CR00009,2025-12-13,0.0,PayPal,TC00033,False
TT05244,U02942,CR00027,2025-01-11,0.0,Bank Transfer,TC00004,False
TT05245,U02942,CR00049,2025-08-17,415.51,PayPal,TC00054,True
TT05246,U02949,CR00012,2025-02-19,487.92,Credit Card,TC00007,True
TT05247,U02949,CR00025,2025-12-16,299.57,Bank Transfer,TC00008,True
TT05248,U02950,CR00018,2025-05-19,0.0,Bank Transfer,TC00053,False
TT05249,U02950,CR00007,2025-11-04,0.0,Credit Card,TC00033,False
TT05250,U02950,CR00038,2025-09-03,342.61,Credit Card,TC00018,True
TT05251,U02950,CR00009,2025-01-20,0.0,Credit Card,TC00033,False
TT05252,U02952,CR00009,2025-10-05,0.0,PayPal,TC00033,False
TT05253,U02952,CR00048,2025-05-04,0.0,PayPal,TC00041,False
TT05254,U02966,CR00014,2025-06-15,0.0,Bank Transfer,TC00024,False
TT05255,U02966,CR00027,2025-06-04,0.0,PayPal,TC00021,False
TT05256,U02966,CR00036,2025-05-11,0.0,Credit Card,TC00018,False
TT05257,U02966,CR00058,2025-08-18,0.0,Bank Transfer,TC00024,False
TT05258,U02972,CR00050,2025-08-23,490.9,PayPal,TC00054,True
TT05259,U02972,CR00047,2025-02-19,89.59,Bank Transfer,TC00054,True
TT05260,U02978,CR00005,2025-08-22,0.0,PayPal,TC00056,False
TT05261,U02978,CR00010,2025-06-04,0.0,Bank Transfer,TC00033,False
TT05262,U02978,CR00046,2025-10-08,248.1,Bank Transfer,TC00041,True
TT05263,U02978,CR00060,2025-03-10,0.0,Credit Card,TC00002,False
TT05264,U02986,CR00038,2025-09-28,342.61,Credit Card,TC00018,True
TT05265,U02986,CR00046,2025-05-18,248.1,Bank Transfer,TC00041,True
TT05266,U02990,CR00001,2025-09-25,472.28,PayPal,TC00056,True
TT05267,U02990,CR00045,2025-02-17,0.0,PayPal,TC00037,False
TT05268,U00038,CR00033,2025-08-24,0.0,Bank Transfer,TC00031,False
TT05269,U00047,CR00021,2025-09-05,0.0,PayPal,TC00016,False
TT05270,U00069,CR00007,2025-08-24,0.0,Credit Card,TC00003,False
TT05271,U00069,CR00026,2025-02-16,0.0,PayPal,TC00031,False
TT05272,U00070,CR00059,2025-05-11,0.0,Credit Card,TC00038,False
TT05273,U00070,CR00016,2025-10-12,0.0,Bank Transfer,TC00014,False
TT05274,U00072,CR00011,2025-04-16,326.02,Credit Card,TC00028,True
TT05275,U00082,CR00036,2025-06-30,0.0,Bank Transfer,TC00043,False
TT05276,U00115,CR00030,2025-08-02,0.0,Bank Transfer,TC00043,False
TT05277,U00122,CR00059,2025-02-02,0.0,PayPal,TC00036,False
TT05278,U00122,CR00029,2025-10-24,0.0,Credit Card,TC00017,False
TT05279,U00154,CR00046,2025-02-24,248.1,Credit Card,TC00027,True
TT05280,U00162,CR00045,2025-05-01,0.0,Credit Card,TC00044,False
TT05281,U00186,CR00011,2025-09-10,326.02,PayPal,TC00028,True
TT05282,U00186,CR00037,2025-12-21,0.0,PayPal,TC00043,False
TT05283,U00204,CR00045,2025-10-01,0.0,Credit Card,TC00044,False
TT05284,U00209,CR00014,2025-08-14,0.0,Credit Card,TC00028,False
TT05285,U00221,CR00010,2025-11-28,0.0,Bank Transfer,TC00003,False
TT05286,U00240,CR00059,2025-08-10,0.0,Credit Card,TC00038,False
TT05287,U00240,CR00013,2025-01-17,0.0,Bank Transfer,TC00028,False
TT05288,U00241,CR00035,2025-02-18,0.0,Credit Card,TC00031,False
TT05289,U00241,CR00021,2025-06-30,0.0,Bank Transfer,TC00016,False
TT05290,U00247,CR00018,2025-05-29,0.0,Bank Transfer,TC00016,False
TT05291,U00259,CR00038,2025-06-07,342.61,PayPal,TC00014,True
TT05292,U00269,CR00033,2025-06-03,0.0,Bank Transfer,TC00031,False
TT05293,U00278,CR00003,2025-08-15,0.0,PayPal,TC00023,False
TT05294,U00283,CR00058,2025-08-15,0.0,Bank Transfer,TC00017,False
TT05295,U00283,CR00005,2025-07-09,0.0,PayPal,TC00014,False
TT05296,U00284,CR00038,2025-01-19,342.61,PayPal,TC00014,True
TT05297,U00285,CR00055,2025-01-21,57.32,PayPal,TC00025,True
TT05298,U00307,CR00002,2025-08-29,0.0,Credit Card,TC00026,False
TT05299,U00320,CR00015,2025-08-29,285.05,Bank Transfer,TC00028,True
TT05300,U00337,CR00030,2025-06-29,0.0,Credit Card,TC00023,False
TT05301,U00342,CR00026,2025-01-01,0.0,Bank Transfer,TC00016,False
TT05302,U00344,CR00033,2025-01-11,0.0,Bank Transfer,TC00031,False
TT05303,U00347,CR00020,2025-01-22,0.0,Credit Card,TC00027,False
TT05304,U00347,CR00039,2025-10-01,346.71,Bank Transfer,TC00014,True
TT05305,U00348,CR00025,2025-04-14,299.57,PayPal,TC00010,True
TT05306,U00366,CR00048,2025-06-26,0.0,Credit Card,TC00027,False
TT05307,U00366,CR00037,2025-02-05,0.0,Credit Card,TC00043,False
TT05308,U00370,CR00044,2025-02-01,119.04,Bank Transfer,TC00023,True
TT05309,U00370,CR00012,2025-11-10,487.92,Credit Card,TC00028,True
TT05310,U00378,CR00020,2025-11-01,0.0,Bank Transfer,TC00017,False
TT05311,U00378,CR00014,2025-07-05,0.0,Bank Transfer,TC00028,False
TT05312,U00386,CR00025,2025-10-24,299.57,Bank Transfer,TC00016,True
TT05313,U00386,CR00009,2025-09-03,0.0,Credit Card,TC00047,False
TT05314,U00389,CR00031,2025-11-14,0.0,PayPal,TC00031,False
TT05315,U00396,CR00030,2025-11-12,0.0,PayPal,TC00036,False
TT05316,U00396,CR00042,2025-12-25,0.0,Credit Card,TC00044,False
TT05317,U00408,CR00014,2025-06-07,0.0,PayPal,TC00028,False
TT05318,U00419,CR00028,2025-03-01,0.78,Credit Card,TC00038,True
TT05319,U00430,CR00012,2025-07-28,487.92,Bank Transfer,TC00028,True
TT05320,U00446,CR00054,2025-11-01,0.0,Bank Transfer,TC00034,False
TT05321,U00446,CR00041,2025-06-23,53.86,Credit Card,TC00023,True
TT05322,U00456,CR00023,2025-12-24,0.0,Credit Card,TC00010,False
TT05323,U00456,CR00060,2025-08-17,0.0,Bank Transfer,TC00038,False
TT05324,U00479,CR00032,2025-10-05,0.0,Bank Transfer,TC00031,False
TT05325,U00479,CR00054,2025-04-13,0.0,Bank Transfer,TC00025,False
TT05326,U00487,CR00022,2025-05-13,0.0,Credit Card,TC00016,False
TT05327,U00487,CR00023,2025-05-01,0.0,PayPal,TC00016,False
TT05328,U00488,CR00044,2025-06-01,119.04,Bank Transfer,TC00023,True
TT05329,U00488,CR00007,2025-11-16,0.0,Bank Transfer,TC00051,False
TT05330,U00502,CR00028,2025-04-23,0.78,Bank Transfer,TC00038,True
TT05331,U00502,CR00003,2025-04-02,0.0,Bank Transfer,TC00003,False
TT05332,U00505,CR00042,2025-09-11,0.0,Credit Card,TC00044,False
TT05333,U00515,CR00014,2025-08-09,0.0,PayPal,TC00028,False
TT05334,U00515,CR00023,2025-11-23,0.0,Credit Card,TC00010,False
TT05335,U00519,CR00021,2025-08-20,0.0,PayPal,TC00016,False
TT05336,U00522,CR00036,2025-01-23,0.0,Bank Transfer,TC00014,False
TT05337,U00527,CR00019,2025-06-24,0.0,PayPal,TC00009,False
TT05338,U00527,CR00059,2025-12-04,0.0,PayPal,TC00038,False
TT05339,U00529,CR00052,2025-12-22,0.0,PayPal,TC00025,False
TT05340,U00529,CR00018,2025-09-01,0.0,Bank Transfer,TC00023,False
TT05341,U00535,CR00049,2025-06-18,415.51,Bank Transfer,TC00027,True
TT05342,U00535,CR00033,2025-07-06,0.0,PayPal,TC00031,False
TT05343,U00553,CR00010,2025-09-10,0.0,Bank Transfer,TC00051,False
TT05344,U00553,CR00013,2025-10-14,0.0,PayPal,TC00028,False
TT05345,U00564,CR00041,2025-10-18,53.86,Credit Card,TC00044,True
TT05346,U00566,CR00028,2025-05-28,0.78,Credit Card,TC00009,True
TT05347,U00566,CR00059,2025-12-16,0.0,Bank Transfer,TC00036,False
TT05348,U00571,CR00043,2025-01-29,0.0,PayPal,TC00044,False
TT05349,U00571,CR00009,2025-02-24,0.0,Credit Card,TC00051,False
TT05350,U00586,CR00025,2025-09-20,299.57,Bank Transfer,TC00016,True
TT05351,U00621,CR00053,2025-12-19,0.0,Credit Card,TC00034,False
TT05352,U00621,CR00005,2025-12-15,0.0,PayPal,TC00003,False
TT05353,U00623,CR00044,2025-04-07,119.04,Credit Card,TC00023,True
TT05354,U00623,CR00059,2025-08-28,0.0,Bank Transfer,TC00038,False
TT05355,U00626,CR00057,2025-05-16,177.34,Credit Card,TC00038,True
TT05356,U00628,CR00001,2025-09-19,472.28,PayPal,TC00016,True
TT05357,U00628,CR00054,2025-11-19,0.0,Bank Transfer,TC00045,False
TT05358,U00631,CR00033,2025-01-04,0.0,Bank Transfer,TC00031,False
TT05359,U00631,CR00010,2025-01-23,0.0,Bank Transfer,TC00051,False
TT05360,U00637,CR00001,2025-01-22,472.28,Credit Card,TC00009,True
TT05361,U00637,CR00055,2025-12-18,57.32,Bank Transfer,TC00045,True
TT05362,U00640,CR00050,2025-03-02,490.9,Bank Transfer,TC00027,True
TT05363,U00652,CR00054,2025-04-01,0.0,PayPal,TC00026,False
TT05364,U00652,CR00034,2025-01-24,394.26,Credit Card,TC00031,True
TT05365,U00660,CR00047,2025-05-10,89.59,Bank Transfer,TC00027,True
TT05366,U00660,CR00012,2025-06-19,487.92,PayPal,TC00028,True
TT05367,U00662,CR00015,2025-12-04,285.05,PayPal,TC00028,True
TT05368,U00671,CR00014,2025-04-01,0.0,Bank Transfer,TC00028,False
TT05369,U00672,CR00020,2025-10-09,0.0,Bank Transfer,TC00047,False
TT05370,U00676,CR00017,2025-09-02,0.0,PayPal,TC00017,False
TT05371,U00676,CR00008,2025-09-20,0.0,Bank Transfer,TC00003,False
TT05372,U00689,CR00007,2025-02-05,0.0,Credit Card,TC00047,False
TT05373,U00689,CR00026,2025-02-28,0.0,Bank Transfer,TC00025,False
TT05374,U00696,CR00037,2025-05-25,0.0,Bank Transfer,TC00014,False
TT05375,U00698,CR00017,2025-07-20,0.0,PayPal,TC00034,False
TT05376,U00698,CR00051,2025-06-02,37.89,PayPal,TC00045,True
TT05377,U00736,CR00026,2025-07-22,0.0,Bank Transfer,TC00025,False
TT05378,U00737,CR00024,2025-05-15,117.68,PayPal,TC00010,True
TT05379,U00737,CR00047,2025-01-29,89.59,Credit Card,TC00027,True
TT05380,U00747,CR00052,2025-10-24,0.0,PayPal,TC00034,False
TT05381,U00748,CR00013,2025-01-15,0.0,Credit Card,TC00028,False
TT05382,U00748,CR00053,2025-11-01,0.0,Bank Transfer,TC00034,False
TT05383,U00753,CR00020,2025-09-06,0.0,PayPal,TC00026,False
TT05384,U00753,CR00004,2025-02-25,0.0,PayPal,TC00026,False
TT05385,U00764,CR00019,2025-04-24,0.0,Credit Card,TC00043,False
TT05386,U00764,CR00018,2025-04-03,0.0,Credit Card,TC00034,False
TT05387,U00771,CR00015,2025-01-19,285.05,Bank Transfer,TC00028,True
TT05388,U00801,CR00049,2025-01-02,415.51,Bank Transfer,TC00027,True
TT05389,U00801,CR00026,2025-09-19,0.0,PayPal,TC00031,False
TT05390,U00831,CR00009,2025-07-21,0.0,Bank Transfer,TC00003,False
TT05391,U00831,CR00027,2025-08-01,0.0,PayPal,TC00043,False
TT05392,U00843,CR00006,2025-01-15,276.37,Bank Transfer,TC00003,True
TT05393,U00845,CR00041,2025-08-18,53.86,Bank Transfer,TC00044,True
TT05394,U00853,CR00020,2025-06-01,0.0,Credit Card,TC00003,False
TT05395,U00853,CR00030,2025-03-01,0.0,Bank Transfer,TC00025,False
TT05396,U00867,CR00007,2025-11-24,0.0,PayPal,TC00047,False
TT05397,U00875,CR00055,2025-09-07,57.32,PayPal,TC00026,True
TT05398,U00920,CR00042,2025-05-20,0.0,PayPal,TC00044,False
TT05399,U00921,CR00012,2025-07-12,487.92,PayPal,TC00028,True
TT05400,U00922,CR00008,2025-02-12,0.0,Bank Transfer,TC00051,False
TT05401,U00922,CR00005,2025-03-11,0.0,Credit Card,TC00025,False
TT05402,U00925,CR00059,2025-11-28,0.0,PayPal,TC00038,False
TT05403,U00925,CR00050,2025-03-06,490.9,Bank Transfer,TC00027,True
TT05404,U00941,CR00031,2025-05-19,0.0,PayPal,TC00031,False
TT05405,U00941,CR00015,2025-07-30,285.05,Credit Card,TC00028,True
TT05406,U00950,CR00059,2025-11-16,0.0,PayPal,TC00036,False
TT05407,U00952,CR00003,2025-05-04,0.0,Bank Transfer,TC00038,False
TT05408,U00952,CR00014,2025-04-07,0.0,Bank Transfer,TC00028,False
TT05409,U00963,CR00018,2025-05-23,0.0,PayPal,TC00038,False
TT05410,U00963,CR00033,2025-08-13,0.0,Bank Transfer,TC00031,False
TT05411,U00977,CR00019,2025-09-14,0.0,PayPal,TC00036,False
TT05412,U00988,CR00032,2025-07-11,0.0,Credit Card,TC00031,False
TT05413,U00994,CR00026,2025-03-14,0.0,PayPal,TC00038,False
TT05414,U00995,CR00032,2025-12-27,0.0,PayPal,TC00031,False
TT05415,U00995,CR00052,2025-08-24,0.0,PayPal,TC00034,False
TT05416,U01003,CR00013,2025-09-17,0.0,Bank Transfer,TC00028,False
TT05417,U01030,CR00016,2025-08-24,0.0,Bank Transfer,TC00038,False
TT05418,U01036,CR00045,2025-03-19,0.0,PayPal,TC00044,False
TT05419,U01049,CR00022,2025-08-10,0.0,Credit Card,TC00010,False
TT05420,U01049,CR00023,2025-04-13,0.0,PayPal,TC00010,False
TT05421,U01059,CR00016,2025-11-27,0.0,Bank Transfer,TC00010,False
TT05422,U01061,CR00036,2025-03-05,0.0,PayPal,TC00014,False
TT05423,U01061,CR00038,2025-06-15,342.61,Credit Card,TC00009,True
TT05424,U01089,CR00060,2025-05-06,0.0,Credit Card,TC00036,False
TT05425,U01109,CR00013,2025-12-15,0.0,PayPal,TC00028,False
TT05426,U01120,CR00024,2025-09-24,117.68,PayPal,TC00016,True
TT05427,U01135,CR00007,2025-07-18,0.0,Bank Transfer,TC00047,False
TT05428,U01144,CR00039,2025-03-02,346.71,PayPal,TC00009,True
TT05429,U01144,CR00021,2025-01-01,0.0,PayPal,TC00016,False
TT05430,U01156,CR00036,2025-05-18,0.0,Bank Transfer,TC00043,False
TT05431,U01156,CR00013,2025-05-25,0.0,PayPal,TC00028,False
TT05432,U01162,CR00027,2025-02-18,0.0,PayPal,TC00022,False
TT05433,U01178,CR00022,2025-08-18,0.0,PayPal,TC00016,False
TT05434,U01178,CR00031,2025-11-15,0.0,Bank Transfer,TC00031,False
TT05435,U01179,CR00039,2025-11-13,346.71,Bank Transfer,TC00009,True
TT05436,U01179,CR00046,2025-03-29,248.1,PayPal,TC00027,True
TT05437,U01194,CR00052,2025-01-22,0.0,Bank Transfer,TC00045,False
TT05438,U01196,CR00006,2025-12-17,276.37,Bank Transfer,TC00047,True
TT05439,U01196,CR00028,2025-12-08,0.78,Credit Card,TC00047,True
TT05440,U01205,CR00056,2025-01-10,212.39,Bank Transfer,TC00038,True
TT05441,U01205,CR00024,2025-01-08,117.68,Credit Card,TC00016,True
TT05442,U01210,CR00010,2025-04-05,0.0,Bank Transfer,TC00003,False
TT05443,U01226,CR00005,2025-04-28,0.0,Bank Transfer,TC00003,False
TT05444,U01226,CR00006,2025-08-14,276.37,PayPal,TC00051,True
TT05445,U01232,CR00022,2025-06-04,0.0,PayPal,TC00016,False
TT05446,U01248,CR00028,2025-10-21,0.78,Credit Card,TC00031,True
TT05447,U01248,CR00007,2025-07-29,0.0,Bank Transfer,TC00003,False
TT05448,U01252,CR00049,2025-09-06,415.51,Credit Card,TC00027,True
TT05449,U01270,CR00014,2025-10-07,0.0,Bank Transfer,TC00028,False
TT05450,U01270,CR00009,2025-08-01,0.0,Bank Transfer,TC00003,False
TT05451,U01297,CR00027,2025-07-21,0.0,Bank Transfer,TC00027,False
TT05452,U01300,CR00014,2025-06-02,0.0,Bank Transfer,TC00028,False
TT05453,U01359,CR00009,2025-11-11,0.0,Credit Card,TC00047,False
TT05454,U01359,CR00031,2025-11-04,0.0,Bank Transfer,TC00031,False
TT05455,U01363,CR00021,2025-07-17,0.0,PayPal,TC00016,False
TT05456,U01363,CR00019,2025-06-08,0.0,Credit Card,TC00023,False
TT05457,U01368,CR00052,2025-08-08,0.0,PayPal,TC00025,False
TT05458,U01378,CR00009,2025-03-02,0.0,Bank Transfer,TC00003,False
TT05459,U01378,CR00001,2025-01-06,472.28,PayPal,TC00017,True
TT05460,U01379,CR00029,2025-10-15,0.0,PayPal,TC00043,False
TT05461,U01379,CR00025,2025-11-13,299.57,PayPal,TC00010,True
TT05462,U01421,CR00043,2025-02-18,0.0,Credit Card,TC00023,False
TT05463,U01422,CR00042,2025-06-11,0.0,PayPal,TC00023,False
TT05464,U01422,CR00050,2025-05-18,490.9,Bank Transfer,TC00027,True
TT05465,U01424,CR00049,2025-07-17,415.51,Bank Transfer,TC00027,True
TT05466,U01433,CR00047,2025-12-04,89.59,PayPal,TC00027,True
TT05467,U01433,CR00048,2025-12-05,0.0,Bank Transfer,TC00027,False
TT05468,U01443,CR00048,2025-04-18,0.0,Credit Card,TC00027,False
TT05469,U01443,CR00007,2025-05-17,0.0,Credit Card,TC00003,False
TT05470,U01452,CR00051,2025-11-28,37.89,Credit Card,TC00045,True
TT05471,U01452,CR00024,2025-06-18,117.68,Bank Transfer,TC00010,True
TT05472,U01469,CR00017,2025-10-30,0.0,PayPal,TC00044,False
TT05473,U01469,CR00032,2025-01-05,0.0,PayPal,TC00031,False
TT05474,U01474,CR00052,2025-03-25,0.0,Credit Card,TC00045,False
TT05475,U01474,CR00053,2025-05-07,0.0,Bank Transfer,TC00026,False
TT05476,U01476,CR00011,2025-04-03,326.02,Credit Card,TC00028,True
TT05477,U01515,CR00008,2025-10-06,0.0,Bank Transfer,TC00003,False
TT05478,U01523,CR00030,2025-04-04,0.0,PayPal,TC00034,False
TT05479,U01532,CR00023,2025-01-26,0.0,Bank Transfer,TC00010,False
TT05480,U01538,CR00049,2025-12-10,415.51,Credit Card,TC00027,True
TT05481,U01547,CR00008,2025-03-09,0.0,Credit Card,TC00047,False
TT05482,U01547,CR00027,2025-11-22,0.0,Credit Card,TC00027,False
TT05483,U01548,CR00004,2025-08-13,0.0,Credit Card,TC00045,False
TT05484,U01576,CR00033,2025-09-21,0.0,PayPal,TC00031,False
TT05485,U01576,CR00005,2025-05-19,0.0,Bank Transfer,TC00003,False
TT05486,U01581,CR00051,2025-06-09,37.89,Bank Transfer,TC00045,True
TT05487,U01581,CR00057,2025-03-11,177.34,Credit Card,TC00038,True
TT05488,U01583,CR00037,2025-07-18,0.0,PayPal,TC00009,False
TT05489,U01597,CR00025,2025-01-02,299.57,Bank Transfer,TC00016,True
TT05490,U01599,CR00019,2025-08-15,0.0,Bank Transfer,TC00031,False
TT05491,U01603,CR00047,2025-03-15,89.59,PayPal,TC00027,True
TT05492,U01603,CR00045,2025-09-19,0.0,PayPal,TC00044,False
TT05493,U01609,CR00052,2025-08-26,0.0,Bank Transfer,TC00025,False
TT05494,U01622,CR00028,2025-03-01,0.78,Credit Card,TC00044,True
TT05495,U01634,CR00023,2025-12-02,0.0,PayPal,TC00010,False
TT05496,U01636,CR00010,2025-05-09,0.0,PayPal,TC00047,False
TT05497,U01638,CR00052,2025-08-26,0.0,Credit Card,TC00045,False
TT05498,U01640,CR00016,2025-07-29,0.0,Bank Transfer,TC00036,False
TT05499,U01646,CR00002,2025-05-09,0.0,Credit Card,TC00025,False
TT05500,U01652,CR00033,2025-10-09,0.0,PayPal,TC00031,False
TT05501,U01652,CR00040,2025-02-16,327.99,PayPal,TC00014,True
TT05502,U01688,CR00054,2025-03-26,0.0,Credit Card,TC00025,False
TT05503,U01688,CR00019,2025-01-15,0.0,Bank Transfer,TC00016,False
TT05504,U01697,CR00060,2025-03-30,0.0,Bank Transfer,TC00017,False
TT05505,U01738,CR00010,2025-09-08,0.0,PayPal,TC00051,False
TT05506,U01742,CR00042,2025-07-05,0.0,Bank Transfer,TC00023,False
TT05507,U01742,CR00043,2025-12-06,0.0,PayPal,TC00023,False
TT05508,U01764,CR00058,2025-08-02,0.0,Bank Transfer,TC00017,False
TT05509,U01764,CR00015,2025-10-20,285.05,Bank Transfer,TC00028,True
TT05510,U01776,CR00014,2025-11-09,0.0,Bank Transfer,TC00028,False
TT05511,U01776,CR00060,2025-05-03,0.0,PayPal,TC00038,False
TT05512,U01785,CR00026,2025-06-10,0.0,Bank Transfer,TC00031,False
TT05513,U01787,CR00057,2025-09-19,177.34,Credit Card,TC00036,True
TT05514,U01787,CR00047,2025-02-18,89.59,Bank Transfer,TC00027,True
TT05515,U01792,CR00041,2025-08-08,53.86,Bank Transfer,TC00044,True
TT05516,U01804,CR00058,2025-04-24,0.0,Bank Transfer,TC00038,False
TT05517,U01804,CR00019,2025-03-10,0.0,Bank Transfer,TC00009,False
TT05518,U01807,CR00019,2025-09-04,0.0,PayPal,TC00044,False
TT05519,U01807,CR00050,2025-01-25,490.9,Credit Card,TC00027,True
TT05520,U01816,CR00022,2025-03-30,0.0,Bank Transfer,TC00016,False
TT05521,U01816,CR00060,2025-10-28,0.0,Credit Card,TC00036,False
TT05522,U01831,CR00001,2025-09-28,472.28,Bank Transfer,TC00022,True
TT05523,U01835,CR00017,2025-12-07,0.0,PayPal,TC00014,False
TT05524,U01835,CR00016,2025-12-01,0.0,Credit Card,TC00023,False
TT05525,U01843,CR00053,2025-04-06,0.0,PayPal,TC00026,False
TT05526,U01846,CR00024,2025-03-20,117.68,PayPal,TC00010,True
TT05527,U01846,CR00035,2025-01-02,0.0,Credit Card,TC00031,False
TT05528,U01856,CR00023,2025-02-26,0.0,Bank Transfer,TC00010,False
TT05529,U01868,CR00031,2025-12-23,0.0,Credit Card,TC00031,False
TT05530,U01868,CR00043,2025-03-16,0.0,Bank Transfer,TC00023,False
TT05531,U01892,CR00052,2025-04-30,0.0,PayPal,TC00034,False
TT05532,U01895,CR00023,2025-07-10,0.0,PayPal,TC00016,False
TT05533,U01907,CR00060,2025-12-23,0.0,Bank Transfer,TC00022,False
TT05534,U01907,CR00047,2025-05-30,89.59,Credit Card,TC00027,True
TT05535,U01922,CR00031,2025-02-06,0.0,Bank Transfer,TC00031,False
TT05536,U01922,CR00036,2025-02-20,0.0,PayPal,TC00043,False
TT05537,U01924,CR00054,2025-12-11,0.0,Credit Card,TC00034,False
TT05538,U01924,CR00047,2025-04-07,89.59,Credit Card,TC00027,True
TT05539,U01927,CR00023,2025-12-27,0.0,Bank Transfer,TC00010,False
TT05540,U01935,CR00002,2025-04-25,0.0,Bank Transfer,TC00047,False
TT05541,U01938,CR00050,2025-09-15,490.9,PayPal,TC00027,True
TT05542,U01938,CR00043,2025-10-24,0.0,Bank Transfer,TC00044,False
TT05543,U01944,CR00042,2025-09-11,0.0,PayPal,TC00023,False
TT05544,U01944,CR00022,2025-07-09,0.0,Credit Card,TC00016,False
TT05545,U01999,CR00049,2025-03-20,415.51,Bank Transfer,TC00027,True
TT05546,U01999,CR00050,2025-07-10,490.9,PayPal,TC00027,True
TT05547,U02016,CR00048,2025-12-20,0.0,Bank Transfer,TC00027,False
TT05548,U02024,CR00013,2025-08-04,0.0,PayPal,TC00028,False
TT05549,U02024,CR00058,2025-11-18,0.0,Bank Transfer,TC00038,False
TT05550,U02026,CR00029,2025-04-15,0.0,Bank Transfer,TC00027,False
TT05551,U02028,CR00053,2025-08-17,0.0,Credit Card,TC00045,False
TT05552,U02028,CR00007,2025-01-19,0.0,Credit Card,TC00003,False
TT05553,U02075,CR00042,2025-12-26,0.0,PayPal,TC00044,False
TT05554,U02080,CR00038,2025-06-06,342.61,PayPal,TC00014,True
TT05555,U02080,CR00050,2025-12-29,490.9,Bank Transfer,TC00027,True
TT05556,U02081,CR00044,2025-03-07,119.04,Credit Card,TC00044,True
TT05557,U02081,CR00008,2025-06-05,0.0,Bank Transfer,TC00003,False
TT05558,U02083,CR00052,2025-06-07,0.0,Credit Card,TC00026,False
TT05559,U02083,CR00012,2025-04-29,487.92,Bank Transfer,TC00028,True
TT05560,U02089,CR00048,2025-02-02,0.0,Bank Transfer,TC00027,False
TT05561,U02099,CR00034,2025-03-27,394.26,PayPal,TC00031,True
TT05562,U02107,CR00048,2025-12-04,0.0,Credit Card,TC00027,False
TT05563,U02107,CR00045,2025-11-16,0.0,Bank Transfer,TC00044,False
TT05564,U02112,CR00036,2025-07-03,0.0,PayPal,TC00043,False
TT05565,U02112,CR00022,2025-06-23,0.0,Credit Card,TC00016,False
TT05566,U02123,CR00042,2025-09-18,0.0,Credit Card,TC00023,False
TT05567,U02123,CR00049,2025-11-05,415.51,Bank Transfer,TC00027,True
TT05568,U02160,CR00018,2025-09-23,0.0,Bank Transfer,TC00003,False
TT05569,U02169,CR00031,2025-09-04,0.0,PayPal,TC00031,False
TT05570,U02179,CR00019,2025-03-20,0.0,PayPal,TC00023,False
TT05571,U02179,CR00002,2025-04-25,0.0,Bank Transfer,TC00047,False
TT05572,U02184,CR00057,2025-05-24,177.34,PayPal,TC00022,True
TT05573,U02184,CR00022,2025-01-25,0.0,Credit Card,TC00016,False
TT05574,U02189,CR00035,2025-07-24,0.0,Credit Card,TC00031,False
TT05575,U02192,CR00026,2025-06-23,0.0,PayPal,TC00022,False
TT05576,U02192,CR00018,2025-06-25,0.0,Bank Transfer,TC00025,False
TT05577,U02236,CR00030,2025-10-17,0.0,Bank Transfer,TC00043,False
TT05578,U02249,CR00024,2025-06-24,117.68,Credit Card,TC00010,True
TT05579,U02249,CR00007,2025-06-19,0.0,Bank Transfer,TC00003,False
TT05580,U02264,CR00005,2025-06-04,0.0,Bank Transfer,TC00010,False
TT05581,U02264,CR00049,2025-04-28,415.51,PayPal,TC00027,True
TT05582,U02269,CR00059,2025-12-09,0.0,PayPal,TC00036,False
TT05583,U02274,CR00057,2025-03-02,177.34,PayPal,TC00022,True
TT05584,U02274,CR00010,2025-11-06,0.0,Bank Transfer,TC00051,False
TT05585,U02275,CR00059,2025-11-05,0.0,Credit Card,TC00036,False
TT05586,U02275,CR00017,2025-08-06,0.0,Credit Card,TC00016,False
TT05587,U02279,CR00052,2025-09-15,0.0,PayPal,TC00025,False
TT05588,U02285,CR00004,2025-01-15,0.0,Bank Transfer,TC00036,False
TT05589,U02285,CR00057,2025-08-07,177.34,Bank Transfer,TC00017,True
TT05590,U02307,CR00046,2025-09-28,248.1,Credit Card,TC00027,True
TT05591,U02308,CR00019,2025-11-26,0.0,PayPal,TC00043,False
TT05592,U02340,CR00026,2025-06-23,0.0,PayPal,TC00016,False
TT05593,U02340,CR00051,2025-05-06,37.89,Bank Transfer,TC00034,True
TT05594,U02377,CR00058,2025-12-15,0.0,Bank Transfer,TC00036,False
TT05595,U02377,CR00014,2025-08-16,0.0,Credit Card,TC00028,False
TT05596,U02387,CR00008,2025-05-05,0.0,PayPal,TC00051,False
TT05597,U02389,CR00014,2025-08-14,0.0,Credit Card,TC00028,False
TT05598,U02389,CR00057,2025-07-25,177.34,Bank Transfer,TC00022,True
TT05599,U02392,CR00037,2025-01-19,0.0,PayPal,TC00043,False
TT05600,U02392,CR00056,2025-07-25,212.39,PayPal,TC00036,True
TT05601,U02404,CR00036,2025-06-09,0.0,PayPal,TC00009,False
TT05602,U02404,CR00041,2025-06-22,53.86,Credit Card,TC00023,True
TT05603,U02412,CR00019,2025-09-26,0.0,Bank Transfer,TC00026,False
TT05604,U02413,CR00017,2025-08-23,0.0,Bank Transfer,TC00044,False
TT05605,U02413,CR00042,2025-03-08,0.0,Bank Transfer,TC00023,False
TT05606,U02418,CR00030,2025-05-27,0.0,Credit Card,TC00034,False
TT05607,U02423,CR00024,2025-07-13,117.68,Credit Card,TC00016,True
TT05608,U02423,CR00040,2025-10-10,327.99,Bank Transfer,TC00014,True
TT05609,U02433,CR00024,2025-04-17,117.68,PayPal,TC00016,True
TT05610,U02443,CR00055,2025-11-03,57.32,Bank Transfer,TC00045,True
TT05611,U02443,CR00051,2025-05-14,37.89,Bank Transfer,TC00034,True
TT05612,U02461,CR00014,2025-04-26,0.0,Bank Transfer,TC00028,False
TT05613,U02461,CR00032,2025-06-23,0.0,Bank Transfer,TC00031,False
TT05614,U02492,CR00033,2025-05-16,0.0,PayPal,TC00031,False
TT05615,U02495,CR00058,2025-01-27,0.0,Bank Transfer,TC00038,False
TT05616,U02495,CR00047,2025-06-26,89.59,PayPal,TC00027,True
TT05617,U02517,CR00024,2025-04-07,117.68,Credit Card,TC00016,True
TT05618,U02517,CR00039,2025-06-25,346.71,Bank Transfer,TC00014,True
TT05619,U02519,CR00047,2025-09-21,89.59,Credit Card,TC00027,True
TT05620,U02519,CR00022,2025-09-20,0.0,PayPal,TC00010,False
TT05621,U02522,CR00024,2025-12-04,117.68,Credit Card,TC00010,True
TT05622,U02523,CR00045,2025-10-18,0.0,Bank Transfer,TC00023,False
TT05623,U02532,CR00023,2025-02-13,0.0,PayPal,TC00016,False
TT05624,U02536,CR00053,2025-10-06,0.0,Bank Transfer,TC00026,False
TT05625,U02536,CR00052,2025-09-23,0.0,Bank Transfer,TC00026,False
TT05626,U02570,CR00001,2025-11-23,472.28,PayPal,TC00028,True
TT05627,U02575,CR00029,2025-05-12,0.0,Credit Card,TC00028,False
TT05628,U02575,CR00015,2025-11-20,285.05,Credit Card,TC00028,True
TT05629,U02585,CR00044,2025-06-19,119.04,Bank Transfer,TC00044,True
TT05630,U02585,CR00039,2025-06-08,346.71,PayPal,TC00009,True
TT05631,U02587,CR00003,2025-12-16,0.0,Credit Card,TC00022,False
TT05632,U02587,CR00015,2025-06-01,285.05,Credit Card,TC00028,True
TT05633,U02592,CR00001,2025-10-28,472.28,Credit Card,TC00026,True
TT05634,U02592,CR00035,2025-09-29,0.0,Credit Card,TC00031,False
TT05635,U02597,CR00056,2025-03-19,212.39,Bank Transfer,TC00038,True
TT05636,U02597,CR00055,2025-12-02,57.32,Bank Transfer,TC00026,True
TT05637,U02619,CR00056,2025-04-26,212.39,Credit Card,TC00038,True
TT05638,U02648,CR00022,2025-09-24,0.0,Credit Card,TC00010,False
TT05639,U02650,CR00046,2025-02-11,248.1,Credit Card,TC00027,True
TT05640,U02650,CR00036,2025-04-30,0.0,Credit Card,TC00014,False
TT05641,U02660,CR00007,2025-09-05,0.0,PayPal,TC00003,False
TT05642,U02680,CR00037,2025-12-06,0.0,Bank Transfer,TC00043,False
TT05643,U02694,CR00040,2025-06-15,327.99,PayPal,TC00043,True
TT05644,U02694,CR00025,2025-04-05,299.57,Credit Card,TC00016,True
TT05645,U02702,CR00029,2025-09-30,0.0,Bank Transfer,TC00009,False
TT05646,U02702,CR00060,2025-08-06,0.0,Credit Card,TC00022,False
TT05647,U02704,CR00031,2025-07-25,0.0,Credit Card,TC00031,False
TT05648,U02705,CR00034,2025-01-12,394.26,Credit Card,TC00031,True
TT05649,U02705,CR00007,2025-06-03,0.0,Bank Transfer,TC00047,False
TT05650,U02710,CR00011,2025-08-11,326.02,Credit Card,TC00028,True
TT05651,U02711,CR00035,2025-03-12,0.0,PayPal,TC00031,False
TT05652,U02711,CR00020,2025-01-08,0.0,PayPal,TC00045,False
TT05653,U02715,CR00013,2025-09-28,0.0,PayPal,TC00028,False
TT05654,U02715,CR00002,2025-12-25,0.0,PayPal,TC00045,False
TT05655,U02716,CR00022,2025-05-11,0.0,Bank Transfer,TC00010,False
TT05656,U02716,CR00058,2025-08-24,0.0,Bank Transfer,TC00036,False
TT05657,U02718,CR00042,2025-12-30,0.0,Bank Transfer,TC00044,False
TT05658,U02719,CR00031,2025-07-19,0.0,Credit Card,TC00031,False
TT05659,U02729,CR00034,2025-09-27,394.26,Bank Transfer,TC00031,True
TT05660,U02756,CR00007,2025-06-28,0.0,PayPal,TC00003,False
TT05661,U02756,CR00011,2025-07-17,326.02,Bank Transfer,TC00028,True
TT05662,U02768,CR00001,2025-05-06,472.28,Bank Transfer,TC00047,True
TT05663,U02768,CR00021,2025-04-05,0.0,Bank Transfer,TC00010,False
TT05664,U02771,CR00028,2025-05-18,0.78,Bank Transfer,TC00031,True
TT05665,U02776,CR00013,2025-03-15,0.0,PayPal,TC00028,False
TT05666,U02776,CR00005,2025-11-25,0.0,Credit Card,TC00031,False
TT05667,U02784,CR00053,2025-12-07,0.0,Credit Card,TC00025,False
TT05668,U02784,CR00046,2025-08-28,248.1,PayPal,TC00027,True
TT05669,U02810,CR00060,2025-02-10,0.0,Bank Transfer,TC00038,False
TT05670,U02823,CR00059,2025-01-29,0.0,Credit Card,TC00036,False
TT05671,U02823,CR00033,2025-08-15,0.0,Bank Transfer,TC00031,False
TT05672,U02831,CR00010,2025-02-06,0.0,Bank Transfer,TC00051,False
TT05673,U02833,CR00004,2025-11-24,0.0,PayPal,TC00009,False
TT05674,U02833,CR00038,2025-12-29,342.61,Bank Transfer,TC00009,True
TT05675,U02841,CR00022,2025-09-29,0.0,Credit Card,TC00010,False
TT05676,U02847,CR00042,2025-05-01,0.0,PayPal,TC00023,False
TT05677,U02856,CR00001,2025-04-08,472.28,Bank Transfer,TC00031,True
TT05678,U02867,CR00003,2025-10-04,0.0,Bank Transfer,TC00003,False
TT05679,U02867,CR00057,2025-07-09,177.34,PayPal,TC00038,True
TT05680,U02912,CR00056,2025-07-10,212.39,Bank Transfer,TC00017,True
TT05681,U02912,CR00053,2025-11-03,0.0,Credit Card,TC00026,False
TT05682,U02922,CR00002,2025-12-19,0.0,PayPal,TC00023,False
TT05683,U02954,CR00032,2025-06-20,0.0,Credit Card,TC00031,False
TT05684,U02954,CR00012,2025-08-24,487.92,Bank Transfer,TC00028,True
TT05685,U02970,CR00028,2025-12-24,0.78,Bank Transfer,TC00038,True
TT05686,U02970,CR00047,2025-07-15,89.59,Credit Card,TC00027,True
TT05687,U02987,CR00003,2025-11-18,0.0,PayPal,TC00010,False
TT05688,U02998,CR00051,2025-11-08,37.89,Bank Transfer,TC00034,True
TT05689,U00003,CR00017,2025-03-05,0.0,PayPal,TC00040,False
TT05690,U00004,CR00030,2025-09-21,0.0,Bank Transfer,TC00042,False
TT05691,U00013,CR00040,2025-03-26,327.99,Bank Transfer,TC00042,True
TT05692,U00015,CR00057,2025-01-16,177.34,Bank Transfer,TC00040,True
TT05693,U00018,CR00030,2025-06-10,0.0,Credit Card,TC00042,False
TT05694,U00028,CR00043,2025-06-17,0.0,PayPal,TC00042,False
TT05695,U00045,CR00022,2025-03-02,0.0,PayPal,TC00042,False
TT05696,U00048,CR00060,2025-06-15,0.0,Bank Transfer,TC00040,False
TT05697,U00055,CR00050,2025-11-05,490.9,Bank Transfer,TC00042,True
TT05698,U00071,CR00052,2025-08-05,0.0,PayPal,TC00042,False
TT05699,U00083,CR00020,2025-05-18,0.0,Credit Card,TC00042,False
TT05700,U00085,CR00031,2025-02-16,0.0,Bank Transfer,TC00040,False
TT05701,U00109,CR00022,2025-06-02,0.0,Bank Transfer,TC00040,False
TT05702,U00112,CR00019,2025-07-13,0.0,PayPal,TC00042,False
TT05703,U00117,CR00050,2025-09-11,490.9,Bank Transfer,TC00040,True
TT05704,U00126,CR00022,2025-07-24,0.0,Bank Transfer,TC00040,False
TT05705,U00128,CR00037,2025-05-18,0.0,PayPal,TC00040,False
TT05706,U00133,CR00031,2025-05-11,0.0,Credit Card,TC00040,False
TT05707,U00134,CR00027,2025-11-13,0.0,PayPal,TC00042,False
TT05708,U00144,CR00039,2025-10-21,346.71,PayPal,TC00040,True
TT05709,U00147,CR00019,2025-09-23,0.0,PayPal,TC00040,False
TT05710,U00149,CR00043,2025-02-21,0.0,Bank Transfer,TC00040,False
TT05711,U00152,CR00011,2025-12-29,326.02,Credit Card,TC00040,True
TT05712,U00161,CR00031,2025-07-02,0.0,Bank Transfer,TC00040,False
TT05713,U00166,CR00028,2025-04-23,0.78,PayPal,TC00042,True
TT05714,U00173,CR00017,2025-10-13,0.0,Credit Card,TC00040,False
TT05715,U00177,CR00043,2025-12-05,0.0,Bank Transfer,TC00042,False
TT05716,U00178,CR00017,2025-03-16,0.0,Credit Card,TC00042,False
TT05717,U00191,CR00012,2025-05-03,487.92,Bank Transfer,TC00040,True
TT05718,U00198,CR00015,2025-09-20,285.05,PayPal,TC00042,True
TT05719,U00208,CR00007,2025-11-04,0.0,Credit Card,TC00040,False
TT05720,U00216,CR00040,2025-11-10,327.99,Bank Transfer,TC00042,True
TT05721,U00220,CR00054,2025-06-03,0.0,Bank Transfer,TC00042,False
TT05722,U00251,CR00021,2025-11-19,0.0,Credit Card,TC00042,False
TT05723,U00260,CR00001,2025-08-16,472.28,Bank Transfer,TC00040,True
TT05724,U00265,CR00016,2025-02-12,0.0,Credit Card,TC00040,False
TT05725,U00272,CR00003,2025-12-21,0.0,Bank Transfer,TC00040,False
TT05726,U00282,CR00032,2025-04-04,0.0,PayPal,TC00040,False
TT05727,U00292,CR00026,2025-10-17,0.0,Bank Transfer,TC00042,False
TT05728,U00293,CR00053,2025-02-27,0.0,Credit Card,TC00040,False
TT05729,U00298,CR00020,2025-03-18,0.0,Credit Card,TC00040,False
TT05730,U00301,CR00005,2025-09-30,0.0,Bank Transfer,TC00040,False
TT05731,U00303,CR00015,2025-08-05,285.05,Bank Transfer,TC00042,True
TT05732,U00310,CR00028,2025-12-21,0.78,Credit Card,TC00042,True
TT05733,U00315,CR00047,2025-07-03,89.59,Bank Transfer,TC00042,True
TT05734,U00321,CR00010,2025-11-16,0.0,Bank Transfer,TC00042,False
TT05735,U00322,CR00054,2025-08-02,0.0,PayPal,TC00042,False
TT05736,U00323,CR00008,2025-02-07,0.0,Bank Transfer,TC00042,False
TT05737,U00328,CR00002,2025-02-14,0.0,PayPal,TC00040,False
TT05738,U00329,CR00022,2025-09-10,0.0,Credit Card,TC00040,False
TT05739,U00330,CR00025,2025-09-12,299.57,Bank Transfer,TC00042,True
TT05740,U00334,CR00008,2025-10-07,0.0,Credit Card,TC00042,False
TT05741,U00338,CR00016,2025-01-05,0.0,Credit Card,TC00042,False
TT05742,U00339,CR00006,2025-10-21,276.37,Credit Card,TC00042,True
TT05743,U00340,CR00013,2025-04-08,0.0,Bank Transfer,TC00040,False
TT05744,U00345,CR00048,2025-02-17,0.0,PayPal,TC00040,False
TT05745,U00351,CR00031,2025-11-16,0.0,Credit Card,TC00040,False
TT05746,U00352,CR00015,2025-10-06,285.05,PayPal,TC00042,True
TT05747,U00353,CR00039,2025-12-22,346.71,PayPal,TC00040,True
TT05748,U00356,CR00053,2025-04-10,0.0,Bank Transfer,TC00042,False
TT05749,U00357,CR00043,2025-12-16,0.0,Credit Card,TC00040,False
TT05750,U00362,CR00059,2025-11-26,0.0,Credit Card,TC00042,False
TT05751,U00365,CR00018,2025-08-24,0.0,Bank Transfer,TC00040,False
TT05752,U00379,CR00056,2025-07-28,212.39,Bank Transfer,TC00042,True
TT05753,U00383,CR00007,2025-01-26,0.0,PayPal,TC00042,False
TT05754,U00404,CR00016,2025-06-21,0.0,Bank Transfer,TC00040,False
TT05755,U00406,CR00023,2025-12-10,0.0,Credit Card,TC00040,False
TT05756,U00407,CR00016,2025-03-29,0.0,Credit Card,TC00042,False
TT05757,U00415,CR00008,2025-12-25,0.0,Credit Card,TC00040,False
TT05758,U00423,CR00046,2025-08-05,248.1,Credit Card,TC00042,True
TT05759,U00424,CR00029,2025-05-25,0.0,Bank Transfer,TC00042,False
TT05760,U00427,CR00017,2025-08-19,0.0,Bank Transfer,TC00040,False
TT05761,U00438,CR00014,2025-03-21,0.0,Credit Card,TC00040,False
TT05762,U00444,CR00012,2025-12-24,487.92,Bank Transfer,TC00042,True
TT05763,U00449,CR00036,2025-06-26,0.0,PayPal,TC00042,False
TT05764,U00464,CR00031,2025-06-06,0.0,PayPal,TC00040,False
TT05765,U00494,CR00018,2025-01-10,0.0,Bank Transfer,TC00042,False
TT05766,U00543,CR00005,2025-11-19,0.0,PayPal,TC00042,False
TT05767,U00548,CR00014,2025-03-22,0.0,Credit Card,TC00040,False
TT05768,U00556,CR00028,2025-06-02,0.78,Bank Transfer,TC00042,True
TT05769,U00559,CR00008,2025-04-12,0.0,Bank Transfer,TC00040,False
TT05770,U00562,CR00029,2025-04-18,0.0,PayPal,TC00042,False
TT05771,U00569,CR00045,2025-07-24,0.0,PayPal,TC00040,False
TT05772,U00570,CR00028,2025-05-02,0.78,PayPal,TC00042,True
TT05773,U00572,CR00053,2025-10-13,0.0,Bank Transfer,TC00042,False
TT05774,U00573,CR00036,2025-03-11,0.0,Bank Transfer,TC00042,False
TT05775,U00574,CR00055,2025-06-26,57.32,PayPal,TC00042,True
TT05776,U00576,CR00017,2025-12-07,0.0,PayPal,TC00042,False
TT05777,U00584,CR00038,2025-08-02,342.61,Bank Transfer,TC00042,True
TT05778,U00592,CR00033,2025-02-05,0.0,Bank Transfer,TC00040,False
TT05779,U00595,CR00054,2025-05-04,0.0,Bank Transfer,TC00040,False
TT05780,U00604,CR00007,2025-04-03,0.0,Bank Transfer,TC00042,False
TT05781,U00619,CR00026,2025-12-18,0.0,PayPal,TC00042,False
TT05782,U00622,CR00039,2025-12-23,346.71,Credit Card,TC00040,True
TT05783,U00633,CR00002,2025-12-19,0.0,Credit Card,TC00040,False
TT05784,U00636,CR00007,2025-09-25,0.0,Credit Card,TC00042,False
TT05785,U00639,CR00024,2025-06-03,117.68,PayPal,TC00042,True
TT05786,U00666,CR00008,2025-07-28,0.0,Credit Card,TC00042,False
TT05787,U00701,CR00012,2025-03-01,487.92,Credit Card,TC00042,True
TT05788,U00704,CR00019,2025-08-11,0.0,Credit Card,TC00042,False
TT05789,U00709,CR00045,2025-10-23,0.0,Bank Transfer,TC00042,False
TT05790,U00723,CR00036,2025-03-03,0.0,Credit Card,TC00042,False
TT05791,U00724,CR00010,2025-08-20,0.0,Bank Transfer,TC00042,False
TT05792,U00752,CR00005,2025-06-18,0.0,Credit Card,TC00040,False
TT05793,U00760,CR00026,2025-09-14,0.0,Bank Transfer,TC00042,False
TT05794,U00765,CR00022,2025-05-28,0.0,PayPal,TC00040,False
TT05795,U00767,CR00024,2025-09-18,117.68,PayPal,TC00042,True
TT05796,U00772,CR00037,2025-12-11,0.0,PayPal,TC00042,False
TT05797,U00775,CR00030,2025-12-28,0.0,Credit Card,TC00042,False
TT05798,U00786,CR00022,2025-12-20,0.0,Credit Card,TC00040,False
TT05799,U00819,CR00038,2025-04-16,342.61,Credit Card,TC00042,True
TT05800,U00821,CR00036,2025-07-04,0.0,Credit Card,TC00042,False
TT05801,U00829,CR00049,2025-10-02,415.51,PayPal,TC00042,True
TT05802,U00836,CR00056,2025-11-03,212.39,Bank Transfer,TC00040,True
TT05803,U00838,CR00045,2025-06-27,0.0,Bank Transfer,TC00042,False
TT05804,U00850,CR00037,2025-10-14,0.0,PayPal,TC00042,False
TT05805,U00852,CR00052,2025-10-17,0.0,Bank Transfer,TC00040,False
TT05806,U00858,CR00003,2025-11-27,0.0,PayPal,TC00040,False
TT05807,U00870,CR00017,2025-11-12,0.0,Credit Card,TC00042,False
TT05808,U00874,CR00038,2025-05-12,342.61,Bank Transfer,TC00042,True
TT05809,U00876,CR00048,2025-08-19,0.0,PayPal,TC00040,False
TT05810,U00881,CR00025,2025-11-03,299.57,Bank Transfer,TC00040,True
TT05811,U00893,CR00022,2025-10-14,0.0,Credit Card,TC00042,False
TT05812,U00898,CR00016,2025-10-07,0.0,Credit Card,TC00040,False
TT05813,U00903,CR00012,2025-09-28,487.92,Bank Transfer,TC00042,True
TT05814,U00911,CR00022,2025-04-06,0.0,Credit Card,TC00040,False
TT05815,U00915,CR00036,2025-03-28,0.0,Bank Transfer,TC00042,False
TT05816,U00917,CR00027,2025-08-08,0.0,Bank Transfer,TC00042,False
TT05817,U00919,CR00004,2025-07-02,0.0,Bank Transfer,TC00040,False
TT05818,U00928,CR00041,2025-06-29,53.86,PayPal,TC00040,True
TT05819,U00959,CR00030,2025-03-21,0.0,Bank Transfer,TC00042,False
TT05820,U00961,CR00013,2025-06-02,0.0,Credit Card,TC00042,False
TT05821,U00967,CR00040,2025-10-04,327.99,Credit Card,TC00042,True
TT05822,U00976,CR00035,2025-05-11,0.0,Credit Card,TC00040,False
TT05823,U00981,CR00045,2025-05-03,0.0,PayPal,TC00042,False
TT05824,U00989,CR00018,2025-12-11,0.0,PayPal,TC00040,False
TT05825,U00997,CR00056,2025-02-26,212.39,Bank Transfer,TC00040,True
TT05826,U01000,CR00030,2025-11-19,0.0,Credit Card,TC00042,False
TT05827,U01015,CR00002,2025-03-03,0.0,Bank Transfer,TC00040,False
TT05828,U01020,CR00060,2025-11-06,0.0,Credit Card,TC00042,False
TT05829,U01022,CR00054,2025-06-07,0.0,Bank Transfer,TC00040,False
TT05830,U01031,CR00001,2025-09-29,472.28,Credit Card,TC00042,True
TT05831,U01032,CR00027,2025-02-17,0.0,Bank Transfer,TC00042,False
TT05832,U01033,CR00026,2025-10-06,0.0,Bank Transfer,TC00042,False
TT05833,U01034,CR00053,2025-10-26,0.0,PayPal,TC00040,False
TT05834,U01066,CR00025,2025-09-17,299.57,Bank Transfer,TC00042,True
TT05835,U01079,CR00004,2025-05-03,0.0,PayPal,TC00040,False
TT05836,U01083,CR00020,2025-02-15,0.0,PayPal,TC00040,False
TT05837,U01084,CR00003,2025-11-15,0.0,Credit Card,TC00040,False
TT05838,U01092,CR00014,2025-09-02,0.0,Credit Card,TC00040,False
TT05839,U01096,CR00049,2025-10-09,415.51,PayPal,TC00042,True
TT05840,U01123,CR00009,2025-02-11,0.0,Credit Card,TC00040,False
TT05841,U01143,CR00023,2025-07-23,0.0,Bank Transfer,TC00042,False
TT05842,U01146,CR00026,2025-02-03,0.0,Credit Card,TC00042,False
TT05843,U01151,CR00005,2025-02-01,0.0,Bank Transfer,TC00040,False
TT05844,U01158,CR00052,2025-02-01,0.0,Credit Card,TC00040,False
TT05845,U01167,CR00019,2025-03-27,0.0,PayPal,TC00042,False
TT05846,U01170,CR00015,2025-06-11,285.05,PayPal,TC00042,True
TT05847,U01177,CR00004,2025-10-06,0.0,Bank Transfer,TC00042,False
TT05848,U01180,CR00019,2025-02-08,0.0,PayPal,TC00040,False
TT05849,U01197,CR00024,2025-05-17,117.68,PayPal,TC00042,True
TT05850,U01203,CR00011,2025-04-20,326.02,PayPal,TC00042,True
TT05851,U01221,CR00004,2025-12-09,0.0,PayPal,TC00040,False
TT05852,U01224,CR00037,2025-01-01,0.0,Bank Transfer,TC00040,False
TT05853,U01231,CR00003,2025-04-21,0.0,Credit Card,TC00040,False
TT05854,U01233,CR00016,2025-08-22,0.0,Bank Transfer,TC00040,False
TT05855,U01235,CR00056,2025-04-02,212.39,Credit Card,TC00042,True
TT05856,U01237,CR00036,2025-09-14,0.0,Credit Card,TC00042,False
TT05857,U01239,CR00046,2025-04-27,248.1,Credit Card,TC00040,True
TT05858,U01244,CR00001,2025-01-02,472.28,Credit Card,TC00040,True
TT05859,U01249,CR00003,2025-11-26,0.0,Credit Card,TC00040,False
TT05860,U01250,CR00018,2025-11-21,0.0,Credit Card,TC00040,False
TT05861,U01261,CR00024,2025-03-06,117.68,PayPal,TC00042,True
TT05862,U01266,CR00046,2025-08-29,248.1,Credit Card,TC00042,True
TT05863,U01267,CR00034,2025-09-29,394.26,Credit Card,TC00040,True
TT05864,U01268,CR00041,2025-10-21,53.86,Credit Card,TC00040,True
TT05865,U01277,CR00045,2025-04-17,0.0,Bank Transfer,TC00042,False
TT05866,U01280,CR00030,2025-08-07,0.0,PayPal,TC00042,False
TT05867,U01281,CR00030,2025-03-05,0.0,Credit Card,TC00042,False
TT05868,U01284,CR00042,2025-12-06,0.0,Credit Card,TC00042,False
TT05869,U01287,CR00011,2025-02-11,326.02,PayPal,TC00042,True
TT05870,U01290,CR00059,2025-01-15,0.0,Bank Transfer,TC00040,False
TT05871,U01315,CR00032,2025-04-28,0.0,Credit Card,TC00040,False
TT05872,U01318,CR00004,2025-04-17,0.0,Credit Card,TC00042,False
TT05873,U01321,CR00022,2025-02-06,0.0,PayPal,TC00042,False
TT05874,U01322,CR00023,2025-06-19,0.0,Bank Transfer,TC00040,False
TT05875,U01331,CR00046,2025-06-25,248.1,PayPal,TC00040,True
TT05876,U01332,CR00057,2025-11-11,177.34,PayPal,TC00042,True
TT05877,U01334,CR00010,2025-11-14,0.0,Credit Card,TC00040,False
TT05878,U01336,CR00045,2025-12-05,0.0,Credit Card,TC00040,False
TT05879,U01337,CR00032,2025-06-24,0.0,Bank Transfer,TC00040,False
TT05880,U01343,CR00015,2025-07-10,285.05,Bank Transfer,TC00040,True
TT05881,U01344,CR00038,2025-09-11,342.61,PayPal,TC00042,True
TT05882,U01346,CR00024,2025-07-27,117.68,Bank Transfer,TC00040,True
TT05883,U01347,CR00036,2025-01-01,0.0,Bank Transfer,TC00040,False
TT05884,U01350,CR00038,2025-06-22,342.61,Bank Transfer,TC00042,True
TT05885,U01352,CR00028,2025-03-23,0.78,Credit Card,TC00042,True
TT05886,U01355,CR00026,2025-08-02,0.0,Bank Transfer,TC00042,False
TT05887,U01364,CR00032,2025-04-19,0.0,Credit Card,TC00040,False
TT05888,U01365,CR00026,2025-02-27,0.0,PayPal,TC00042,False
TT05889,U01375,CR00010,2025-07-15,0.0,Bank Transfer,TC00040,False
TT05890,U01394,CR00042,2025-08-17,0.0,Bank Transfer,TC00042,False
TT05891,U01395,CR00004,2025-01-04,0.0,Bank Transfer,TC00042,False
TT05892,U01397,CR00025,2025-02-23,299.57,Bank Transfer,TC00040,True
TT05893,U01399,CR00021,2025-02-22,0.0,PayPal,TC00042,False
TT05894,U01405,CR00010,2025-05-19,0.0,Bank Transfer,TC00042,False
TT05895,U01411,CR00013,2025-09-21,0.0,PayPal,TC00042,False
TT05896,U01414,CR00033,2025-01-16,0.0,Credit Card,TC00040,False
TT05897,U01429,CR00035,2025-07-02,0.0,Credit Card,TC00040,False
TT05898,U01430,CR00007,2025-02-20,0.0,PayPal,TC00042,False
TT05899,U01432,CR00018,2025-12-29,0.0,PayPal,TC00042,False
TT05900,U01435,CR00044,2025-08-20,119.04,Bank Transfer,TC00042,True
TT05901,U01445,CR00029,2025-07-30,0.0,Bank Transfer,TC00042,False
TT05902,U01450,CR00056,2025-10-30,212.39,Credit Card,TC00042,True
TT05903,U01451,CR00048,2025-04-25,0.0,Credit Card,TC00040,False
TT05904,U01455,CR00002,2025-05-22,0.0,Credit Card,TC00042,False
TT05905,U01460,CR00039,2025-05-01,346.71,PayPal,TC00042,True
TT05906,U01463,CR00042,2025-01-10,0.0,Credit Card,TC00040,False
TT05907,U01472,CR00040,2025-04-25,327.99,Bank Transfer,TC00040,True
TT05908,U01473,CR00014,2025-06-06,0.0,Bank Transfer,TC00040,False
TT05909,U01488,CR00045,2025-07-21,0.0,PayPal,TC00042,False
TT05910,U01496,CR00012,2025-02-27,487.92,Credit Card,TC00040,True
TT05911,U01497,CR00033,2025-05-14,0.0,Credit Card,TC00040,False
TT05912,U01500,CR00041,2025-01-10,53.86,Bank Transfer,TC00040,True
TT05913,U01506,CR00015,2025-10-24,285.05,Bank Transfer,TC00040,True
TT05914,U01511,CR00043,2025-04-05,0.0,PayPal,TC00042,False
TT05915,U01512,CR00038,2025-11-13,342.61,Bank Transfer,TC00040,True
TT05916,U01517,CR00052,2025-09-08,0.0,Bank Transfer,TC00042,False
TT05917,U01522,CR00027,2025-03-07,0.0,PayPal,TC00042,False
TT05918,U01526,CR00034,2025-05-11,394.26,Bank Transfer,TC00040,True
TT05919,U01528,CR00022,2025-10-08,0.0,Credit Card,TC00042,False
TT05920,U01530,CR00013,2025-01-22,0.0,Bank Transfer,TC00040,False
TT05921,U01531,CR00043,2025-07-27,0.0,Credit Card,TC00042,False
TT05922,U01536,CR00017,2025-11-05,0.0,Credit Card,TC00042,False
TT05923,U01543,CR00060,2025-02-17,0.0,Credit Card,TC00042,False
TT05924,U01553,CR00029,2025-06-01,0.0,PayPal,TC00042,False
TT05925,U01578,CR00047,2025-03-17,89.59,Credit Card,TC00040,True
TT05926,U01585,CR00028,2025-07-05,0.78,Credit Card,TC00042,True
TT05927,U01602,CR00059,2025-03-14,0.0,Bank Transfer,TC00042,False
TT05928,U01618,CR00056,2025-08-14,212.39,PayPal,TC00042,True
TT05929,U01627,CR00035,2025-08-14,0.0,Credit Card,TC00040,False
TT05930,U01628,CR00015,2025-12-08,285.05,PayPal,TC00040,True
TT05931,U01635,CR00009,2025-11-17,0.0,PayPal,TC00042,False
TT05932,U01637,CR00046,2025-05-06,248.1,Credit Card,TC00040,True
TT05933,U01647,CR00048,2025-02-05,0.0,Bank Transfer,TC00042,False
TT05934,U01649,CR00037,2025-12-09,0.0,Credit Card,TC00042,False
TT05935,U01654,CR00050,2025-03-07,490.9,Bank Transfer,TC00040,True
TT05936,U01656,CR00011,2025-06-15,326.02,PayPal,TC00040,True
TT05937,U01662,CR00025,2025-09-07,299.57,Credit Card,TC00042,True
TT05938,U01666,CR00048,2025-07-09,0.0,Credit Card,TC00042,False
TT05939,U01671,CR00018,2025-04-28,0.0,PayPal,TC00040,False
TT05940,U01674,CR00050,2025-11-17,490.9,Bank Transfer,TC00040,True
TT05941,U01692,CR00003,2025-07-17,0.0,Bank Transfer,TC00042,False
TT05942,U01695,CR00008,2025-06-27,0.0,PayPal,TC00042,False
TT05943,U01702,CR00014,2025-08-13,0.0,Credit Card,TC00040,False
TT05944,U01708,CR00034,2025-04-22,394.26,Credit Card,TC00040,True
TT05945,U01720,CR00060,2025-10-14,0.0,PayPal,TC00042,False
TT05946,U01721,CR00053,2025-11-19,0.0,PayPal,TC00042,False
TT05947,U01724,CR00048,2025-11-27,0.0,Credit Card,TC00042,False
TT05948,U01726,CR00006,2025-03-12,276.37,PayPal,TC00040,True
TT05949,U01729,CR00022,2025-01-13,0.0,Credit Card,TC00040,False
TT05950,U01745,CR00035,2025-04-04,0.0,Credit Card,TC00040,False
TT05951,U01762,CR00058,2025-06-23,0.0,Credit Card,TC00040,False
TT05952,U01773,CR00047,2025-02-06,89.59,PayPal,TC00042,True
TT05953,U01786,CR00039,2025-12-09,346.71,Credit Card,TC00040,True
TT05954,U01789,CR00060,2025-10-29,0.0,Bank Transfer,TC00040,False
TT05955,U01795,CR00055,2025-06-02,57.32,Bank Transfer,TC00042,True
TT05956,U01805,CR00055,2025-09-29,57.32,PayPal,TC00042,True
TT05957,U01809,CR00041,2025-11-26,53.86,Bank Transfer,TC00040,True
TT05958,U01810,CR00011,2025-02-09,326.02,PayPal,TC00042,True
TT05959,U01812,CR00051,2025-12-02,37.89,Credit Card,TC00040,True
TT05960,U01820,CR00018,2025-03-19,0.0,PayPal,TC00040,False
TT05961,U01822,CR00037,2025-06-28,0.0,PayPal,TC00040,False
TT05962,U01825,CR00052,2025-08-13,0.0,Credit Card,TC00042,False
TT05963,U01840,CR00024,2025-09-10,117.68,PayPal,TC00042,True
TT05964,U01842,CR00041,2025-12-20,53.86,Credit Card,TC00042,True
TT05965,U01854,CR00001,2025-01-11,472.28,PayPal,TC00042,True
TT05966,U01867,CR00006,2025-07-20,276.37,Credit Card,TC00040,True
TT05967,U01871,CR00035,2025-03-25,0.0,Credit Card,TC00040,False
TT05968,U01872,CR00012,2025-06-12,487.92,Credit Card,TC00042,True
TT05969,U01876,CR00042,2025-02-03,0.0,Credit Card,TC00040,False
TT05970,U01877,CR00023,2025-06-26,0.0,Bank Transfer,TC00042,False
TT05971,U01879,CR00008,2025-02-04,0.0,Credit Card,TC00042,False
TT05972,U01893,CR00048,2025-06-01,0.0,Bank Transfer,TC00040,False
TT05973,U01896,CR00042,2025-08-14,0.0,Bank Transfer,TC00040,False
TT05974,U01900,CR00047,2025-01-30,89.59,Credit Card,TC00042,True
TT05975,U01903,CR00032,2025-02-01,0.0,Bank Transfer,TC00040,False
TT05976,U01906,CR00046,2025-10-10,248.1,Credit Card,TC00042,True
TT05977,U01908,CR00021,2025-07-25,0.0,PayPal,TC00040,False
TT05978,U01917,CR00028,2025-04-21,0.78,Bank Transfer,TC00042,True
TT05979,U01918,CR00025,2025-04-17,299.57,Credit Card,TC00042,True
TT05980,U01920,CR00056,2025-10-25,212.39,PayPal,TC00042,True
TT05981,U01926,CR00047,2025-07-22,89.59,PayPal,TC00042,True
TT05982,U01929,CR00030,2025-12-28,0.0,Bank Transfer,TC00042,False
TT05983,U01931,CR00030,2025-09-21,0.0,Credit Card,TC00042,False
TT05984,U01934,CR00035,2025-08-15,0.0,PayPal,TC00040,False
TT05985,U01943,CR00059,2025-09-14,0.0,Bank Transfer,TC00042,False
TT05986,U01953,CR00051,2025-06-02,37.89,PayPal,TC00040,True
TT05987,U01958,CR00054,2025-05-26,0.0,Bank Transfer,TC00040,False
TT05988,U01959,CR00059,2025-03-27,0.0,PayPal,TC00040,False
TT05989,U01961,CR00004,2025-02-25,0.0,Bank Transfer,TC00042,False
TT05990,U01962,CR00058,2025-01-23,0.0,Bank Transfer,TC00040,False
TT05991,U01979,CR00013,2025-01-03,0.0,Credit Card,TC00042,False
TT05992,U01987,CR00041,2025-06-28,53.86,Bank Transfer,TC00042,True
TT05993,U01989,CR00041,2025-10-01,53.86,PayPal,TC00040,True
TT05994,U01993,CR00054,2025-07-23,0.0,Credit Card,TC00042,False
TT05995,U01994,CR00018,2025-09-10,0.0,Bank Transfer,TC00040,False
TT05996,U01998,CR00044,2025-12-15,119.04,Bank Transfer,TC00040,True
TT05997,U02010,CR00059,2025-10-05,0.0,Bank Transfer,TC00042,False
TT05998,U02015,CR00054,2025-04-19,0.0,Bank Transfer,TC00042,False
TT05999,U02035,CR00013,2025-11-17,0.0,PayPal,TC00040,False
TT06000,U02038,CR00027,2025-10-16,0.0,Credit Card,TC00042,False
TT06001,U02039,CR00006,2025-04-01,276.37,PayPal,TC00042,True
TT06002,U02055,CR00043,2025-09-02,0.0,Bank Transfer,TC00042,False
TT06003,U02058,CR00033,2025-09-02,0.0,Bank Transfer,TC00040,False
TT06004,U02064,CR00050,2025-01-01,490.9,Bank Transfer,TC00040,True
TT06005,U02068,CR00004,2025-05-03,0.0,Bank Transfer,TC00040,False
TT06006,U02071,CR00011,2025-06-17,326.02,Bank Transfer,TC00040,True
TT06007,U02074,CR00028,2025-04-05,0.78,Credit Card,TC00042,True
TT06008,U02077,CR00051,2025-07-11,37.89,PayPal,TC00042,True
TT06009,U02094,CR00031,2025-12-21,0.0,Bank Transfer,TC00040,False
TT06010,U02096,CR00030,2025-11-05,0.0,Bank Transfer,TC00042,False
TT06011,U02098,CR00060,2025-01-23,0.0,PayPal,TC00042,False
TT06012,U02125,CR00055,2025-04-14,57.32,Credit Card,TC00040,True
TT06013,U02144,CR00033,2025-02-09,0.0,Bank Transfer,TC00040,False
TT06014,U02147,CR00052,2025-03-03,0.0,Bank Transfer,TC00040,False
TT06015,U02149,CR00057,2025-02-21,177.34,PayPal,TC00040,True
TT06016,U02151,CR00038,2025-09-23,342.61,Credit Card,TC00042,True
TT06017,U02152,CR00030,2025-02-20,0.0,PayPal,TC00042,False
TT06018,U02153,CR00018,2025-10-28,0.0,PayPal,TC00042,False
TT06019,U02155,CR00023,2025-04-05,0.0,Credit Card,TC00040,False
TT06020,U02161,CR00023,2025-06-01,0.0,PayPal,TC00042,False
TT06021,U02199,CR00023,2025-05-23,0.0,Credit Card,TC00040,False
TT06022,U02212,CR00049,2025-12-09,415.51,PayPal,TC00042,True
TT06023,U02215,CR00039,2025-09-27,346.71,Credit Card,TC00042,True
TT06024,U02217,CR00030,2025-12-15,0.0,PayPal,TC00042,False
TT06025,U02224,CR00019,2025-04-26,0.0,PayPal,TC00042,False
TT06026,U02231,CR00002,2025-01-20,0.0,Bank Transfer,TC00040,False
TT06027,U02248,CR00045,2025-02-15,0.0,Bank Transfer,TC00040,False
TT06028,U02250,CR00024,2025-11-23,117.68,Credit Card,TC00042,True
TT06029,U02254,CR00021,2025-08-13,0.0,Bank Transfer,TC00042,False
TT06030,U02258,CR00039,2025-04-13,346.71,Credit Card,TC00042,True
TT06031,U02284,CR00050,2025-09-27,490.9,Bank Transfer,TC00040,True
TT06032,U02288,CR00006,2025-07-20,276.37,Credit Card,TC00042,True
TT06033,U02290,CR00045,2025-06-25,0.0,Credit Card,TC00040,False
TT06034,U02300,CR00041,2025-08-22,53.86,PayPal,TC00042,True
TT06035,U02301,CR00023,2025-02-02,0.0,PayPal,TC00042,False
TT06036,U02306,CR00001,2025-06-10,472.28,Bank Transfer,TC00040,True
TT06037,U02315,CR00058,2025-02-13,0.0,Credit Card,TC00040,False
TT06038,U02336,CR00023,2025-06-08,0.0,Credit Card,TC00040,False
TT06039,U02337,CR00002,2025-10-26,0.0,Credit Card,TC00040,False
TT06040,U02341,CR00028,2025-10-14,0.78,Credit Card,TC00042,True
TT06041,U02344,CR00052,2025-04-24,0.0,Bank Transfer,TC00040,False
TT06042,U02345,CR00010,2025-07-02,0.0,Bank Transfer,TC00042,False
TT06043,U02349,CR00020,2025-03-25,0.0,PayPal,TC00040,False
TT06044,U02370,CR00019,2025-03-17,0.0,Credit Card,TC00042,False
TT06045,U02371,CR00033,2025-11-14,0.0,PayPal,TC00040,False
TT06046,U02410,CR00034,2025-09-20,394.26,Bank Transfer,TC00040,True
TT06047,U02415,CR00047,2025-02-21,89.59,PayPal,TC00042,True
TT06048,U02427,CR00028,2025-06-18,0.78,Bank Transfer,TC00042,True
TT06049,U02432,CR00019,2025-12-09,0.0,Bank Transfer,TC00042,False
TT06050,U02445,CR00034,2025-06-10,394.26,Bank Transfer,TC00040,True
TT06051,U02459,CR00058,2025-11-16,0.0,Credit Card,TC00040,False
TT06052,U02470,CR00015,2025-10-26,285.05,PayPal,TC00042,True
TT06053,U02490,CR00030,2025-01-29,0.0,PayPal,TC00042,False
TT06054,U02512,CR00035,2025-09-08,0.0,Bank Transfer,TC00040,False
TT06055,U02515,CR00035,2025-05-02,0.0,PayPal,TC00040,False
TT06056,U02537,CR00025,2025-04-01,299.57,Bank Transfer,TC00040,True
TT06057,U02540,CR00047,2025-03-01,89.59,Bank Transfer,TC00042,True
TT06058,U02541,CR00049,2025-04-03,415.51,PayPal,TC00042,True
TT06059,U02542,CR00003,2025-09-28,0.0,Credit Card,TC00040,False
TT06060,U02564,CR00031,2025-11-13,0.0,Bank Transfer,TC00040,False
TT06061,U02566,CR00012,2025-06-06,487.92,Bank Transfer,TC00040,True
TT06062,U02582,CR00020,2025-02-04,0.0,PayPal,TC00042,False
TT06063,U02583,CR00005,2025-12-29,0.0,Credit Card,TC00042,False
TT06064,U02602,CR00013,2025-10-20,0.0,PayPal,TC00040,False
TT06065,U02605,CR00054,2025-01-15,0.0,Credit Card,TC00042,False
TT06066,U02612,CR00006,2025-10-27,276.37,Credit Card,TC00040,True
TT06067,U02614,CR00055,2025-02-11,57.32,Credit Card,TC00042,True
TT06068,U02616,CR00029,2025-01-26,0.0,Credit Card,TC00042,False
TT06069,U02623,CR00011,2025-04-21,326.02,Credit Card,TC00042,True
TT06070,U02633,CR00048,2025-01-21,0.0,Bank Transfer,TC00040,False
TT06071,U02643,CR00040,2025-10-24,327.99,Bank Transfer,TC00042,True
TT06072,U02645,CR00012,2025-10-04,487.92,Bank Transfer,TC00040,True
TT06073,U02651,CR00018,2025-08-06,0.0,PayPal,TC00042,False
TT06074,U02663,CR00048,2025-06-09,0.0,Bank Transfer,TC00040,False
TT06075,U02672,CR00048,2025-06-10,0.0,PayPal,TC00040,False
TT06076,U02679,CR00001,2025-10-07,472.28,Bank Transfer,TC00042,True
TT06077,U02683,CR00050,2025-04-24,490.9,Credit Card,TC00040,True
TT06078,U02684,CR00058,2025-05-19,0.0,PayPal,TC00040,False
TT06079,U02709,CR00029,2025-12-23,0.0,Bank Transfer,TC00042,False
TT06080,U02733,CR00059,2025-04-26,0.0,PayPal,TC00040,False
TT06081,U02743,CR00033,2025-04-11,0.0,Bank Transfer,TC00040,False
TT06082,U02754,CR00017,2025-01-09,0.0,Bank Transfer,TC00042,False
TT06083,U02767,CR00009,2025-06-09,0.0,Bank Transfer,TC00042,False
TT06084,U02770,CR00012,2025-10-16,487.92,Bank Transfer,TC00040,True
TT06085,U02775,CR00060,2025-11-19,0.0,Bank Transfer,TC00040,False
TT06086,U02786,CR00029,2025-03-12,0.0,Credit Card,TC00042,False
TT06087,U02788,CR00024,2025-07-14,117.68,Bank Transfer,TC00042,True
TT06088,U02791,CR00004,2025-06-13,0.0,Credit Card,TC00040,False
TT06089,U02792,CR00027,2025-04-20,0.0,Bank Transfer,TC00042,False
TT06090,U02793,CR00041,2025-11-01,53.86,PayPal,TC00042,True
TT06091,U02821,CR00008,2025-07-29,0.0,PayPal,TC00040,False
TT06092,U02825,CR00021,2025-12-30,0.0,Bank Transfer,TC00040,False
TT06093,U02832,CR00028,2025-01-11,0.78,Bank Transfer,TC00042,True
TT06094,U02843,CR00060,2025-12-20,0.0,Credit Card,TC00040,False
TT06095,U02844,CR00048,2025-08-23,0.0,Credit Card,TC00042,False
TT06096,U02850,CR00002,2025-08-05,0.0,Credit Card,TC00042,False
TT06097,U02857,CR00018,2025-08-29,0.0,Credit Card,TC00040,False
TT06098,U02883,CR00050,2025-10-11,490.9,Bank Transfer,TC00040,True
TT06099,U02899,CR00036,2025-05-28,0.0,Bank Transfer,TC00042,False
TT06100,U02909,CR00030,2025-11-21,0.0,PayPal,TC00042,False
TT06101,U02915,CR00043,2025-12-15,0.0,Credit Card,TC00040,False
TT06102,U02916,CR00058,2025-06-30,0.0,Bank Transfer,TC00042,False
TT06103,U02927,CR00015,2025-06-13,285.05,Bank Transfer,TC00040,True
TT06104,U02931,CR00045,2025-07-08,0.0,PayPal,TC00040,False
TT06105,U02937,CR00028,2025-11-02,0.78,Bank Transfer,TC00042,True
TT06106,U02941,CR00006,2025-08-12,276.37,Credit Card,TC00042,True
TT06107,U02945,CR00046,2025-06-10,248.1,PayPal,TC00042,True
TT06108,U02947,CR00051,2025-01-06,37.89,Credit Card,TC00042,True
TT06109,U02958,CR00013,2025-03-02,0.0,PayPal,TC00042,False
TT06110,U02969,CR00028,2025-01-02,0.78,PayPal,TC00042,True
TT06111,U02971,CR00050,2025-01-07,490.9,PayPal,TC00040,True
TT06112,U02974,CR00047,2025-09-20,89.59,Credit Card,TC00040,True
TT06113,U02976,CR00039,2025-08-03,346.71,Credit Card,TC00042,True
TT06114,U02980,CR00041,2025-06-20,53.86,Bank Transfer,TC00042,True
TT06115,U02981,CR00045,2025-11-01,0.0,Bank Transfer,TC00042,False
TT06116,U02984,CR00053,2025-06-21,0.0,PayPal,TC00040,False
TT06117,U02989,CR00037,2025-05-12,0.0,Credit Card,TC00040,False
TT06118,U02992,CR00035,2025-12-28,0.0,Bank Transfer,TC00040,False
TT06119,U02994,CR00023,2025-03-21,0.0,Bank Transfer,TC00042,False
TT06120,U00003,CR00058,2025-03-02,0.0,Bank Transfer,TC00040,False
TT06121,U00013,CR00012,2025-10-29,487.92,Bank Transfer,TC00042,True
TT06122,U00015,CR00041,2025-10-29,53.86,Credit Card,TC00040,True
TT06123,U00018,CR00010,2025-09-28,0.0,Credit Card,TC00040,False
TT06124,U00045,CR00030,2025-09-18,0.0,Bank Transfer,TC00042,False
TT06125,U00048,CR00031,2025-09-18,0.0,PayPal,TC00040,False
TT06126,U00055,CR00044,2025-05-13,119.04,PayPal,TC00040,True
TT06127,U00071,CR00055,2025-01-27,57.32,Credit Card,TC00042,True
TT06128,U00083,CR00002,2025-01-11,0.0,Bank Transfer,TC00040,False
TT06129,U00085,CR00004,2025-07-12,0.0,Credit Card,TC00042,False
TT06130,U00109,CR00009,2025-09-23,0.0,PayPal,TC00040,False
TT06131,U00112,CR00010,2025-12-26,0.0,Bank Transfer,TC00040,False
TT06132,U00117,CR00058,2025-03-20,0.0,PayPal,TC00040,False
TT06133,U00126,CR00051,2025-12-14,37.89,PayPal,TC00040,True
TT06134,U00128,CR00024,2025-05-11,117.68,PayPal,TC00040,True
TT06135,U00133,CR00040,2025-08-13,327.99,PayPal,TC00040,True
TT06136,U00134,CR00006,2025-02-02,276.37,Bank Transfer,TC00040,True
TT06137,U00144,CR00059,2025-06-05,0.0,Credit Card,TC00040,False
TT06138,U00147,CR00029,2025-08-16,0.0,Bank Transfer,TC00042,False
TT06139,U00149,CR00010,2025-02-23,0.0,PayPal,TC00042,False
TT06140,U00152,CR00034,2025-11-15,394.26,Bank Transfer,TC00040,True
TT06141,U00161,CR00012,2025-03-05,487.92,PayPal,TC00040,True
TT06142,U00166,CR00023,2025-09-02,0.0,PayPal,TC00040,False
TT06143,U00169,CR00008,2025-03-27,0.0,PayPal,TC00040,False
TT06144,U00173,CR00042,2025-05-03,0.0,Bank Transfer,TC00040,False
TT06145,U00177,CR00016,2025-09-22,0.0,PayPal,TC00042,False
TT06146,U00191,CR00016,2025-04-27,0.0,Bank Transfer,TC00040,False
TT06147,U00192,CR00003,2025-07-18,0.0,Bank Transfer,TC00040,False
TT06148,U00198,CR00043,2025-11-29,0.0,Credit Card,TC00040,False
TT06149,U00208,CR00045,2025-04-27,0.0,PayPal,TC00040,False
TT06150,U00216,CR00048,2025-09-16,0.0,PayPal,TC00040,False
TT06151,U00220,CR00020,2025-12-05,0.0,Credit Card,TC00042,False
TT06152,U00238,CR00013,2025-11-25,0.0,Bank Transfer,TC00042,False
TT06153,U00251,CR00035,2025-07-08,0.0,Bank Transfer,TC00040,False
TT06154,U00260,CR00035,2025-06-26,0.0,PayPal,TC00040,False
TT06155,U00265,CR00055,2025-05-07,57.32,Credit Card,TC00042,True
TT06156,U00272,CR00026,2025-02-24,0.0,Credit Card,TC00042,False
TT06157,U00282,CR00053,2025-09-30,0.0,Credit Card,TC00040,False
TT06158,U00292,CR00054,2025-08-21,0.0,Credit Card,TC00040,False
TT06159,U00298,CR00015,2025-04-10,285.05,Credit Card,TC00042,True
TT06160,U00301,CR00024,2025-07-08,117.68,PayPal,TC00042,True
TT06161,U00303,CR00051,2025-09-11,37.89,PayPal,TC00040,True
TT06162,U00310,CR00058,2025-12-06,0.0,PayPal,TC00042,False
TT06163,U00315,CR00003,2025-07-14,0.0,Credit Card,TC00040,False
TT06164,U00321,CR00029,2025-01-15,0.0,Bank Transfer,TC00042,False
TT06165,U00322,CR00019,2025-09-10,0.0,Credit Card,TC00040,False
TT06166,U00323,CR00004,2025-04-08,0.0,PayPal,TC00042,False
TT06167,U00328,CR00009,2025-11-26,0.0,PayPal,TC00040,False
TT06168,U00329,CR00001,2025-04-11,472.28,PayPal,TC00042,True
TT06169,U00330,CR00020,2025-09-22,0.0,Credit Card,TC00042,False
TT06170,U00338,CR00047,2025-08-20,89.59,PayPal,TC00042,True
TT06171,U00339,CR00033,2025-12-24,0.0,Credit Card,TC00040,False
TT06172,U00340,CR00005,2025-03-21,0.0,PayPal,TC00040,False
TT06173,U00345,CR00052,2025-04-27,0.0,Bank Transfer,TC00040,False
TT06174,U00351,CR00048,2025-12-20,0.0,Bank Transfer,TC00042,False
TT06175,U00352,CR00044,2025-11-18,119.04,Bank Transfer,TC00040,True
TT06176,U00353,CR00053,2025-07-06,0.0,Bank Transfer,TC00040,False
TT06177,U00356,CR00051,2025-10-13,37.89,Bank Transfer,TC00040,True
TT06178,U00357,CR00044,2025-10-09,119.04,PayPal,TC00040,True
TT06179,U00362,CR00058,2025-01-15,0.0,Credit Card,TC00040,False
TT06180,U00365,CR00020,2025-07-25,0.0,PayPal,TC00040,False
TT06181,U00379,CR00012,2025-07-26,487.92,PayPal,TC00040,True
TT06182,U00383,CR00046,2025-05-28,248.1,Credit Card,TC00040,True
TT06183,U00394,CR00028,2025-12-05,0.78,Credit Card,TC00042,True
TT06184,U00399,CR00053,2025-12-06,0.0,Credit Card,TC00042,False
TT06185,U00404,CR00045,2025-07-27,0.0,PayPal,TC00040,False
TT06186,U00406,CR00016,2025-08-22,0.0,PayPal,TC00042,False
TT06187,U00407,CR00051,2025-12-27,37.89,Bank Transfer,TC00040,True
TT06188,U00411,CR00010,2025-04-25,0.0,PayPal,TC00042,False
TT06189,U00415,CR00054,2025-08-29,0.0,Credit Card,TC00042,False
TT06190,U00423,CR00041,2025-12-01,53.86,PayPal,TC00040,True
TT06191,U00424,CR00040,2025-10-24,327.99,Bank Transfer,TC00040,True
TT06192,U00427,CR00007,2025-12-26,0.0,Credit Card,TC00042,False
TT06193,U00438,CR00036,2025-10-19,0.0,PayPal,TC00040,False
TT06194,U00444,CR00024,2025-06-09,117.68,PayPal,TC00040,True
TT06195,U00449,CR00033,2025-10-23,0.0,PayPal,TC00040,False
TT06196,U00450,CR00059,2025-11-15,0.0,PayPal,TC00042,False
TT06197,U00464,CR00034,2025-05-23,394.26,Credit Card,TC00040,True
TT06198,U00494,CR00007,2025-04-05,0.0,Bank Transfer,TC00040,False
TT06199,U00543,CR00047,2025-07-15,89.59,Credit Card,TC00042,True
TT06200,U00548,CR00011,2025-09-17,326.02,Bank Transfer,TC00040,True
TT06201,U00556,CR00004,2025-07-12,0.0,Credit Card,TC00040,False
TT06202,U00559,CR00019,2025-05-23,0.0,Credit Card,TC00040,False
TT06203,U00562,CR00056,2025-12-17,212.39,PayPal,TC00042,True
TT06204,U00569,CR00055,2025-04-01,57.32,Bank Transfer,TC00040,True
TT06205,U00572,CR00035,2025-04-28,0.0,Bank Transfer,TC00040,False
TT06206,U00573,CR00056,2025-05-16,212.39,Credit Card,TC00040,True
TT06207,U00574,CR00019,2025-05-12,0.0,PayPal,TC00042,False
TT06208,U00576,CR00046,2025-11-11,248.1,PayPal,TC00040,True
TT06209,U00584,CR00016,2025-01-16,0.0,PayPal,TC00042,False
TT06210,U00592,CR00027,2025-06-12,0.0,Credit Card,TC00042,False
TT06211,U00595,CR00002,2025-11-28,0.0,PayPal,TC00040,False
TT06212,U00604,CR00054,2025-08-20,0.0,Credit Card,TC00040,False
TT06213,U00619,CR00007,2025-12-08,0.0,PayPal,TC00040,False
TT06214,U00622,CR00022,2025-12-23,0.0,PayPal,TC00042,False
TT06215,U00633,CR00056,2025-02-16,212.39,Bank Transfer,TC00042,True
TT06216,U00636,CR00045,2025-02-24,0.0,Credit Card,TC00042,False
TT06217,U00639,CR00019,2025-12-16,0.0,Bank Transfer,TC00040,False
TT06218,U00666,CR00036,2025-11-28,0.0,PayPal,TC00040,False
TT06219,U00687,CR00055,2025-06-01,57.32,Credit Card,TC00042,True
TT06220,U00701,CR00028,2025-02-02,0.78,Credit Card,TC00042,True
TT06221,U00704,CR00036,2025-08-12,0.0,PayPal,TC00042,False
TT06222,U00709,CR00009,2025-02-07,0.0,Credit Card,TC00042,False
TT06223,U00723,CR00006,2025-08-03,276.37,Credit Card,TC00042,True
TT06224,U00724,CR00012,2025-01-18,487.92,Credit Card,TC00042,True
TT06225,U00752,CR00042,2025-01-10,0.0,Credit Card,TC00040,False
TT06226,U00760,CR00009,2025-01-07,0.0,Bank Transfer,TC00042,False
TT06227,U00765,CR00021,2025-07-27,0.0,PayPal,TC00042,False
TT06228,U00772,CR00048,2025-08-03,0.0,Bank Transfer,TC00040,False
TT06229,U00775,CR00009,2025-01-22,0.0,Bank Transfer,TC00042,False
TT06230,U00787,CR00007,2025-07-29,0.0,Bank Transfer,TC00042,False
TT06231,U00819,CR00007,2025-01-23,0.0,PayPal,TC00042,False
TT06232,U00821,CR00015,2025-10-12,285.05,PayPal,TC00042,True
TT06233,U00829,CR00033,2025-07-22,0.0,PayPal,TC00040,False
TT06234,U00836,CR00029,2025-02-13,0.0,Credit Card,TC00042,False
TT06235,U00838,CR00007,2025-12-14,0.0,Credit Card,TC00040,False
TT06236,U00850,CR00032,2025-01-21,0.0,Credit Card,TC00040,False
TT06237,U00852,CR00035,2025-12-17,0.0,PayPal,TC00040,False
TT06238,U00858,CR00017,2025-07-25,0.0,PayPal,TC00042,False
TT06239,U00870,CR00007,2025-10-25,0.0,Credit Card,TC00042,False
TT06240,U00874,CR00004,2025-05-23,0.0,Credit Card,TC00040,False
TT06241,U00876,CR00015,2025-01-16,285.05,Credit Card,TC00040,True
TT06242,U00881,CR00016,2025-07-22,0.0,Bank Transfer,TC00040,False
TT06243,U00898,CR00022,2025-04-23,0.0,Bank Transfer,TC00042,False
TT06244,U00903,CR00058,2025-03-03,0.0,Credit Card,TC00042,False
TT06245,U00907,CR00060,2025-02-21,0.0,PayPal,TC00042,False
TT06246,U00911,CR00058,2025-07-04,0.0,Bank Transfer,TC00040,False
TT06247,U00915,CR00052,2025-05-10,0.0,Credit Card,TC00042,False
TT06248,U00917,CR00010,2025-06-08,0.0,Bank Transfer,TC00042,False
TT06249,U00919,CR00017,2025-11-02,0.0,Bank Transfer,TC00042,False
TT06250,U00928,CR00027,2025-01-19,0.0,Credit Card,TC00042,False
TT06251,U00959,CR00015,2025-05-09,285.05,PayPal,TC00042,True
TT06252,U00961,CR00003,2025-03-01,0.0,Bank Transfer,TC00040,False
TT06253,U00967,CR00016,2025-10-03,0.0,Credit Card,TC00042,False
TT06254,U00976,CR00020,2025-10-21,0.0,PayPal,TC00042,False
TT06255,U00981,CR00047,2025-07-18,89.59,Bank Transfer,TC00040,True
TT06256,U00989,CR00045,2025-05-11,0.0,PayPal,TC00040,False
TT06257,U00997,CR00013,2025-06-21,0.0,PayPal,TC00040,False
TT06258,U01000,CR00055,2025-06-26,57.32,PayPal,TC00040,True
TT06259,U01015,CR00025,2025-09-10,299.57,PayPal,TC00042,True
TT06260,U01020,CR00034,2025-06-09,394.26,PayPal,TC00040,True
TT06261,U01022,CR00022,2025-08-29,0.0,Bank Transfer,TC00042,False
TT06262,U01031,CR00058,2025-04-24,0.0,Bank Transfer,TC00042,False
TT06263,U01032,CR00019,2025-05-15,0.0,PayPal,TC00042,False
TT06264,U01033,CR00011,2025-10-23,326.02,Credit Card,TC00040,True
TT06265,U01034,CR00033,2025-11-15,0.0,Credit Card,TC00040,False
TT06266,U01066,CR00058,2025-12-18,0.0,PayPal,TC00040,False
TT06267,U01079,CR00048,2025-03-06,0.0,PayPal,TC00040,False
TT06268,U01083,CR00026,2025-05-18,0.0,Credit Card,TC00042,False
TT06269,U01084,CR00025,2025-01-28,299.57,Bank Transfer,TC00040,True
TT06270,U01092,CR00054,2025-07-12,0.0,Bank Transfer,TC00042,False
TT06271,U01096,CR00025,2025-09-18,299.57,PayPal,TC00040,True
TT06272,U01123,CR00050,2025-10-11,490.9,Credit Card,TC00042,True
TT06273,U01143,CR00024,2025-12-15,117.68,Credit Card,TC00040,True
TT06274,U01146,CR00028,2025-09-12,0.78,Bank Transfer,TC00042,True
TT06275,U01151,CR00020,2025-09-24,0.0,PayPal,TC00040,False
TT06276,U01158,CR00040,2025-03-15,327.99,PayPal,TC00040,True
TT06277,U01163,CR00018,2025-05-22,0.0,Bank Transfer,TC00040,False
TT06278,U01167,CR00013,2025-02-18,0.0,Credit Card,TC00042,False
TT06279,U01170,CR00049,2025-09-09,415.51,PayPal,TC00040,True
TT06280,U01177,CR00018,2025-12-08,0.0,Credit Card,TC00042,False
TT06281,U01197,CR00021,2025-03-25,0.0,Credit Card,TC00042,False
TT06282,U01203,CR00055,2025-09-25,57.32,Credit Card,TC00040,True
TT06283,U01221,CR00046,2025-01-03,248.1,Credit Card,TC00042,True
TT06284,U01224,CR00002,2025-08-10,0.0,Credit Card,TC00040,False
TT06285,U01231,CR00057,2025-03-29,177.34,PayPal,TC00042,True
TT06286,U01235,CR00053,2025-01-17,0.0,Credit Card,TC00040,False
TT06287,U01239,CR00012,2025-03-23,487.92,Bank Transfer,TC00042,True
TT06288,U01244,CR00006,2025-05-13,276.37,Bank Transfer,TC00042,True
TT06289,U01249,CR00026,2025-09-03,0.0,Bank Transfer,TC00042,False
TT06290,U01250,CR00032,2025-11-07,0.0,Credit Card,TC00040,False
TT06291,U01261,CR00054,2025-04-14,0.0,Bank Transfer,TC00042,False
TT06292,U01266,CR00001,2025-11-15,472.28,PayPal,TC00040,True
TT06293,U01267,CR00031,2025-03-18,0.0,Credit Card,TC00040,False
TT06294,U01268,CR00019,2025-03-01,0.0,Bank Transfer,TC00042,False
TT06295,U01277,CR00016,2025-02-18,0.0,Credit Card,TC00042,False
TT06296,U01280,CR00005,2025-01-24,0.0,Credit Card,TC00042,False
TT06297,U01281,CR00011,2025-01-22,326.02,Credit Card,TC00040,True
TT06298,U01284,CR00053,2025-12-06,0.0,Bank Transfer,TC00040,False
TT06299,U01286,CR00045,2025-02-18,0.0,Bank Transfer,TC00042,False
TT06300,U01287,CR00057,2025-06-25,177.34,Credit Card,TC00042,True
TT06301,U01290,CR00013,2025-10-17,0.0,PayPal,TC00040,False
TT06302,U01315,CR00037,2025-02-09,0.0,Credit Card,TC00040,False
TT06303,U01318,CR00051,2025-11-13,37.89,Bank Transfer,TC00040,True
TT06304,U01321,CR00007,2025-03-02,0.0,Credit Card,TC00040,False
TT06305,U01322,CR00026,2025-07-18,0.0,Credit Card,TC00042,False
TT06306,U01331,CR00038,2025-06-16,342.61,Bank Transfer,TC00042,True
TT06307,U01332,CR00025,2025-03-01,299.57,PayPal,TC00042,True
TT06308,U01334,CR00060,2025-03-25,0.0,Bank Transfer,TC00042,False
TT06309,U01336,CR00051,2025-01-26,37.89,Credit Card,TC00042,True
TT06310,U01337,CR00037,2025-09-26,0.0,Credit Card,TC00040,False
TT06311,U01344,CR00007,2025-05-11,0.0,PayPal,TC00042,False
TT06312,U01346,CR00058,2025-05-23,0.0,Bank Transfer,TC00042,False
TT06313,U01350,CR00022,2025-06-05,0.0,Bank Transfer,TC00040,False
TT06314,U01352,CR00020,2025-07-29,0.0,Credit Card,TC00042,False
TT06315,U01355,CR00020,2025-12-22,0.0,Credit Card,TC00040,False
TT06316,U01364,CR00012,2025-09-22,487.92,Bank Transfer,TC00042,True
TT06317,U01365,CR00025,2025-12-07,299.57,Credit Card,TC00040,True
TT06318,U01375,CR00049,2025-12-25,415.51,Credit Card,TC00040,True
TT06319,U01394,CR00053,2025-01-28,0.0,PayPal,TC00042,False
TT06320,U01395,CR00001,2025-05-12,472.28,Bank Transfer,TC00040,True
TT06321,U01397,CR00052,2025-10-04,0.0,Credit Card,TC00040,False
TT06322,U01399,CR00060,2025-02-04,0.0,PayPal,TC00040,False
TT06323,U01405,CR00025,2025-03-02,299.57,Credit Card,TC00042,True
TT06324,U01411,CR00057,2025-06-20,177.34,Credit Card,TC00040,True
TT06325,U01414,CR00055,2025-06-05,57.32,PayPal,TC00042,True
TT06326,U01429,CR00058,2025-05-24,0.0,Credit Card,TC00042,False
TT06327,U01430,CR00019,2025-11-08,0.0,PayPal,TC00040,False
TT06328,U01432,CR00034,2025-03-13,394.26,PayPal,TC00040,True
TT06329,U01435,CR00049,2025-01-21,415.51,Bank Transfer,TC00042,True
TT06330,U01445,CR00052,2025-03-17,0.0,Credit Card,TC00040,False
TT06331,U01450,CR00009,2025-05-02,0.0,Credit Card,TC00042,False
TT06332,U01451,CR00022,2025-08-26,0.0,Bank Transfer,TC00042,False
TT06333,U01455,CR00006,2025-02-16,276.37,Credit Card,TC00040,True
TT06334,U01463,CR00043,2025-06-11,0.0,PayPal,TC00042,False
TT06335,U01472,CR00016,2025-01-04,0.0,PayPal,TC00040,False
TT06336,U01473,CR00024,2025-08-25,117.68,PayPal,TC00040,True
TT06337,U01475,CR00046,2025-04-12,248.1,PayPal,TC00042,True
TT06338,U01488,CR00043,2025-04-02,0.0,Bank Transfer,TC00042,False
TT06339,U01496,CR00043,2025-11-17,0.0,Bank Transfer,TC00040,False
TT06340,U01497,CR00050,2025-08-10,490.9,Credit Card,TC00042,True
TT06341,U01500,CR00021,2025-10-24,0.0,Credit Card,TC00040,False
TT06342,U01506,CR00036,2025-12-01,0.0,Credit Card,TC00042,False
TT06343,U01511,CR00041,2025-04-05,53.86,PayPal,TC00040,True
TT06344,U01512,CR00030,2025-10-17,0.0,Credit Card,TC00042,False
TT06345,U01517,CR00046,2025-06-18,248.1,Bank Transfer,TC00042,True
TT06346,U01522,CR00028,2025-01-07,0.78,Credit Card,TC00042,True
TT06347,U01526,CR00052,2025-01-11,0.0,PayPal,TC00042,False
TT06348,U01528,CR00006,2025-05-24,276.37,Bank Transfer,TC00042,True
TT06349,U01530,CR00028,2025-08-28,0.78,Bank Transfer,TC00042,True
TT06350,U01531,CR00030,2025-04-15,0.0,Bank Transfer,TC00042,False
TT06351,U01543,CR00042,2025-01-24,0.0,Bank Transfer,TC00042,False
TT06352,U01553,CR00044,2025-03-14,119.04,PayPal,TC00040,True
TT06353,U01575,CR00022,2025-08-11,0.0,PayPal,TC00040,False
TT06354,U01578,CR00044,2025-06-24,119.04,Credit Card,TC00042,True
TT06355,U01585,CR00001,2025-02-05,472.28,PayPal,TC00040,True
TT06356,U01586,CR00048,2025-01-23,0.0,PayPal,TC00040,False
TT06357,U01602,CR00038,2025-04-27,342.61,PayPal,TC00042,True
TT06358,U01628,CR00047,2025-12-04,89.59,Bank Transfer,TC00042,True
TT06359,U01635,CR00048,2025-09-08,0.0,Bank Transfer,TC00042,False
TT06360,U01637,CR00017,2025-08-28,0.0,Credit Card,TC00040,False
TT06361,U01647,CR00017,2025-08-17,0.0,Bank Transfer,TC00042,False
TT06362,U01649,CR00038,2025-01-24,342.61,Credit Card,TC00040,True
TT06363,U01654,CR00007,2025-03-15,0.0,PayPal,TC00042,False
TT06364,U01656,CR00049,2025-05-28,415.51,Bank Transfer,TC00042,True
TT06365,U01662,CR00042,2025-12-21,0.0,PayPal,TC00042,False
TT06366,U01666,CR00015,2025-01-16,285.05,PayPal,TC00042,True
TT06367,U01671,CR00029,2025-09-02,0.0,Bank Transfer,TC00042,False
TT06368,U01674,CR00019,2025-05-01,0.0,PayPal,TC00042,False
TT06369,U01692,CR00006,2025-10-18,276.37,PayPal,TC00042,True
TT06370,U01695,CR00026,2025-08-11,0.0,PayPal,TC00042,False
TT06371,U01702,CR00008,2025-02-27,0.0,Credit Card,TC00040,False
TT06372,U01708,CR00018,2025-05-28,0.0,Credit Card,TC00042,False
TT06373,U01720,CR00038,2025-09-05,342.61,Bank Transfer,TC00040,True
TT06374,U01724,CR00038,2025-08-21,342.61,Credit Card,TC00042,True
TT06375,U01726,CR00007,2025-04-28,0.0,Credit Card,TC00042,False
TT06376,U01729,CR00011,2025-11-27,326.02,Credit Card,TC00042,True
TT06377,U01745,CR00039,2025-10-17,346.71,Bank Transfer,TC00042,True
TT06378,U01746,CR00043,2025-01-23,0.0,PayPal,TC00040,False
TT06379,U01762,CR00005,2025-05-24,0.0,Credit Card,TC00040,False
TT06380,U01773,CR00041,2025-10-23,53.86,PayPal,TC00040,True
TT06381,U01786,CR00058,2025-07-14,0.0,Credit Card,TC00040,False
TT06382,U01789,CR00036,2025-03-02,0.0,Credit Card,TC00042,False
TT06383,U01795,CR00059,2025-04-03,0.0,Credit Card,TC00042,False
TT06384,U01805,CR00031,2025-01-05,0.0,PayPal,TC00040,False
TT06385,U01809,CR00056,2025-04-30,212.39,Credit Card,TC00040,True
TT06386,U01810,CR00037,2025-02-09,0.0,PayPal,TC00040,False
TT06387,U01812,CR00024,2025-03-10,117.68,Credit Card,TC00040,True
TT06388,U01820,CR00001,2025-09-21,472.28,Credit Card,TC00042,True
TT06389,U01822,CR00007,2025-12-20,0.0,Bank Transfer,TC00042,False
TT06390,U01825,CR00038,2025-11-15,342.61,PayPal,TC00042,True
TT06391,U01840,CR00059,2025-08-11,0.0,Credit Card,TC00040,False
TT06392,U01842,CR00036,2025-01-14,0.0,Credit Card,TC00040,False
TT06393,U01854,CR00056,2025-07-20,212.39,Credit Card,TC00042,True
TT06394,U01867,CR00004,2025-11-25,0.0,PayPal,TC00042,False
TT06395,U01871,CR00024,2025-07-21,117.68,PayPal,TC00040,True
TT06396,U01872,CR00004,2025-01-17,0.0,PayPal,TC00042,False
TT06397,U01876,CR00001,2025-07-23,472.28,Credit Card,TC00040,True
TT06398,U01877,CR00058,2025-10-18,0.0,Credit Card,TC00042,False
TT06399,U01879,CR00044,2025-12-24,119.04,Credit Card,TC00040,True
TT06400,U01893,CR00014,2025-06-10,0.0,Bank Transfer,TC00042,False
TT06401,U01896,CR00049,2025-11-28,415.51,Credit Card,TC00042,True
TT06402,U01900,CR00021,2025-10-07,0.0,Bank Transfer,TC00042,False
TT06403,U01903,CR00057,2025-08-05,177.34,Credit Card,TC00040,True
TT06404,U01906,CR00060,2025-04-15,0.0,PayPal,TC00040,False
TT06405,U01908,CR00009,2025-04-26,0.0,Bank Transfer,TC00042,False
TT06406,U01917,CR00018,2025-09-15,0.0,Credit Card,TC00042,False
TT06407,U01918,CR00024,2025-11-23,117.68,Credit Card,TC00040,True
TT06408,U01920,CR00024,2025-01-20,117.68,Bank Transfer,TC00042,True
TT06409,U01926,CR00002,2025-08-24,0.0,PayPal,TC00042,False
TT06410,U01929,CR00024,2025-03-21,117.68,PayPal,TC00040,True
TT06411,U01931,CR00038,2025-09-12,342.61,Credit Card,TC00040,True
TT06412,U01934,CR00047,2025-10-08,89.59,Bank Transfer,TC00042,True
TT06413,U01943,CR00038,2025-04-29,342.61,PayPal,TC00040,True
TT06414,U01958,CR00042,2025-09-28,0.0,Credit Card,TC00042,False
TT06415,U01961,CR00005,2025-04-13,0.0,Bank Transfer,TC00040,False
TT06416,U01962,CR00053,2025-02-02,0.0,Bank Transfer,TC00040,False
TT06417,U01987,CR00027,2025-06-01,0.0,PayPal,TC00042,False
TT06418,U01989,CR00027,2025-06-22,0.0,PayPal,TC00042,False
TT06419,U01993,CR00041,2025-03-10,53.86,Credit Card,TC00042,True
TT06420,U01994,CR00022,2025-08-18,0.0,Credit Card,TC00042,False
TT06421,U01998,CR00001,2025-01-07,472.28,Bank Transfer,TC00042,True
TT06422,U02010,CR00020,2025-05-10,0.0,Bank Transfer,TC00042,False
TT06423,U02015,CR00034,2025-09-23,394.26,PayPal,TC00040,True
TT06424,U02022,CR00059,2025-01-17,0.0,Credit Card,TC00042,False
TT06425,U02035,CR00049,2025-02-22,415.51,PayPal,TC00042,True
TT06426,U02038,CR00023,2025-08-11,0.0,PayPal,TC00042,False
TT06427,U02039,CR00004,2025-10-30,0.0,PayPal,TC00042,False
TT06428,U02055,CR00040,2025-08-04,327.99,PayPal,TC00042,True
TT06429,U02058,CR00054,2025-08-06,0.0,Bank Transfer,TC00042,False
TT06430,U02064,CR00010,2025-03-13,0.0,PayPal,TC00042,False
TT06431,U02071,CR00026,2025-04-10,0.0,Credit Card,TC00042,False
TT06432,U02074,CR00025,2025-04-07,299.57,PayPal,TC00042,True
TT06433,U02077,CR00013,2025-07-11,0.0,Bank Transfer,TC00040,False
TT06434,U02094,CR00036,2025-05-11,0.0,Bank Transfer,TC00040,False
TT06435,U02096,CR00017,2025-08-13,0.0,Credit Card,TC00042,False
TT06436,U02098,CR00015,2025-03-12,285.05,Credit Card,TC00040,True
TT06437,U02144,CR00034,2025-05-19,394.26,Credit Card,TC00040,True
TT06438,U02147,CR00055,2025-12-03,57.32,Credit Card,TC00042,True
TT06439,U02149,CR00023,2025-04-27,0.0,PayPal,TC00040,False
TT06440,U02151,CR00049,2025-10-13,415.51,Credit Card,TC00042,True
TT06441,U02152,CR00034,2025-11-14,394.26,PayPal,TC00040,True
TT06442,U02153,CR00004,2025-11-14,0.0,Bank Transfer,TC00040,False
TT06443,U02155,CR00014,2025-09-25,0.0,Credit Card,TC00040,False
TT06444,U02161,CR00022,2025-03-11,0.0,PayPal,TC00042,False
TT06445,U02174,CR00005,2025-08-20,0.0,Credit Card,TC00040,False
TT06446,U02199,CR00045,2025-11-27,0.0,Bank Transfer,TC00040,False
TT06447,U02212,CR00015,2025-03-09,285.05,Bank Transfer,TC00042,True
TT06448,U02215,CR00042,2025-11-13,0.0,Credit Card,TC00040,False
TT06449,U02217,CR00004,2025-06-12,0.0,Credit Card,TC00040,False
TT06450,U02224,CR00059,2025-03-11,0.0,Credit Card,TC00040,False
TT06451,U02231,CR00036,2025-09-13,0.0,Bank Transfer,TC00042,False
TT06452,U02248,CR00016,2025-11-10,0.0,Credit Card,TC00042,False
TT06453,U02250,CR00047,2025-11-02,89.59,Credit Card,TC00040,True
TT06454,U02254,CR00011,2025-09-26,326.02,Credit Card,TC00040,True
TT06455,U02258,CR00011,2025-06-29,326.02,Bank Transfer,TC00040,True
TT06456,U02284,CR00005,2025-09-18,0.0,Credit Card,TC00040,False
TT06457,U02288,CR00022,2025-06-11,0.0,PayPal,TC00042,False
TT06458,U02290,CR00013,2025-01-15,0.0,Bank Transfer,TC00042,False
TT06459,U02300,CR00032,2025-09-01,0.0,Credit Card,TC00040,False
TT06460,U02301,CR00021,2025-04-15,0.0,Bank Transfer,TC00040,False
TT06461,U02306,CR00029,2025-12-08,0.0,PayPal,TC00042,False
TT06462,U02315,CR00018,2025-11-06,0.0,Bank Transfer,TC00040,False
TT06463,U02336,CR00005,2025-02-22,0.0,Credit Card,TC00040,False
TT06464,U02337,CR00014,2025-11-10,0.0,PayPal,TC00042,False
TT06465,U02344,CR00056,2025-11-14,212.39,Credit Card,TC00040,True
TT06466,U02345,CR00056,2025-10-16,212.39,PayPal,TC00042,True
TT06467,U02349,CR00040,2025-01-18,327.99,Bank Transfer,TC00042,True
TT06468,U02370,CR00007,2025-12-30,0.0,Bank Transfer,TC00042,False
TT06469,U02410,CR00012,2025-02-05,487.92,Bank Transfer,TC00040,True
TT06470,U02415,CR00005,2025-05-21,0.0,PayPal,TC00042,False
TT06471,U02427,CR00056,2025-07-12,212.39,Bank Transfer,TC00042,True
TT06472,U02445,CR00029,2025-02-19,0.0,PayPal,TC00042,False
TT06473,U02459,CR00004,2025-12-20,0.0,Bank Transfer,TC00040,False
TT06474,U02470,CR00054,2025-07-04,0.0,Bank Transfer,TC00040,False
TT06475,U02485,CR00045,2025-07-04,0.0,PayPal,TC00042,False
TT06476,U02490,CR00022,2025-12-27,0.0,Bank Transfer,TC00042,False
TT06477,U02512,CR00023,2025-07-18,0.0,Bank Transfer,TC00040,False
TT06478,U02537,CR00032,2025-04-15,0.0,Credit Card,TC00040,False
TT06479,U02540,CR00040,2025-07-15,327.99,Credit Card,TC00040,True
TT06480,U02541,CR00016,2025-01-30,0.0,Bank Transfer,TC00040,False
TT06481,U02542,CR00055,2025-06-09,57.32,PayPal,TC00040,True
TT06482,U02564,CR00056,2025-04-30,212.39,Credit Card,TC00042,True
TT06483,U02566,CR00021,2025-01-08,0.0,Credit Card,TC00042,False
TT06484,U02582,CR00030,2025-10-13,0.0,Credit Card,TC00042,False
TT06485,U02583,CR00007,2025-10-29,0.0,PayPal,TC00040,False
TT06486,U02602,CR00050,2025-08-18,490.9,Credit Card,TC00040,True
TT06487,U02605,CR00017,2025-11-20,0.0,PayPal,TC00042,False
TT06488,U02612,CR00051,2025-06-25,37.89,Credit Card,TC00040,True
TT06489,U02614,CR00015,2025-05-28,285.05,Bank Transfer,TC00040,True
TT06490,U02616,CR00012,2025-12-05,487.92,Bank Transfer,TC00040,True
TT06491,U02623,CR00042,2025-06-01,0.0,Bank Transfer,TC00040,False
TT06492,U02630,CR00004,2025-09-23,0.0,PayPal,TC00042,False
TT06493,U02633,CR00013,2025-11-08,0.0,PayPal,TC00040,False
TT06494,U02643,CR00018,2025-05-20,0.0,Bank Transfer,TC00042,False
TT06495,U02651,CR00041,2025-01-20,53.86,Bank Transfer,TC00040,True
TT06496,U02663,CR00035,2025-11-02,0.0,PayPal,TC00040,False
TT06497,U02672,CR00033,2025-12-12,0.0,PayPal,TC00040,False
TT06498,U02679,CR00026,2025-04-04,0.0,Credit Card,TC00042,False
TT06499,U02683,CR00023,2025-01-29,0.0,Credit Card,TC00042,False
TT06500,U02684,CR00049,2025-07-06,415.51,Credit Card,TC00040,True
TT06501,U02698,CR00052,2025-06-25,0.0,Credit Card,TC00042,False
TT06502,U02709,CR00035,2025-01-15,0.0,Bank Transfer,TC00040,False
TT06503,U02733,CR00021,2025-09-13,0.0,Bank Transfer,TC00040,False
TT06504,U02743,CR00029,2025-03-11,0.0,Bank Transfer,TC00042,False
TT06505,U02754,CR00053,2025-08-14,0.0,Credit Card,TC00040,False
TT06506,U02767,CR00052,2025-05-30,0.0,Credit Card,TC00040,False
TT06507,U02770,CR00008,2025-10-04,0.0,PayPal,TC00040,False
TT06508,U02786,CR00043,2025-02-02,0.0,Credit Card,TC00042,False
TT06509,U02791,CR00026,2025-08-16,0.0,Bank Transfer,TC00042,False
TT06510,U02792,CR00050,2025-04-01,490.9,PayPal,TC00042,True
TT06511,U02793,CR00022,2025-10-02,0.0,Credit Card,TC00040,False
TT06512,U02821,CR00045,2025-09-28,0.0,PayPal,TC00042,False
TT06513,U02825,CR00041,2025-12-27,53.86,Bank Transfer,TC00040,True
TT06514,U02832,CR00027,2025-07-19,0.0,Bank Transfer,TC00042,False
TT06515,U02843,CR00005,2025-10-11,0.0,Bank Transfer,TC00040,False
TT06516,U02850,CR00015,2025-08-18,285.05,Credit Card,TC00040,True
TT06517,U02857,CR00023,2025-08-06,0.0,PayPal,TC00040,False
TT06518,U02874,CR00054,2025-02-24,0.0,Bank Transfer,TC00040,False
TT06519,U02883,CR00015,2025-09-18,285.05,Bank Transfer,TC00040,True
TT06520,U02899,CR00010,2025-03-02,0.0,Credit Card,TC00042,False
TT06521,U02909,CR00035,2025-09-29,0.0,Credit Card,TC00040,False
TT06522,U02915,CR00048,2025-11-23,0.0,PayPal,TC00042,False
TT06523,U02916,CR00037,2025-08-29,0.0,Credit Card,TC00040,False
TT06524,U02927,CR00046,2025-02-05,248.1,Bank Transfer,TC00042,True
TT06525,U02931,CR00053,2025-08-27,0.0,Bank Transfer,TC00042,False
TT06526,U02941,CR00041,2025-08-18,53.86,Bank Transfer,TC00040,True
TT06527,U02945,CR00024,2025-05-25,117.68,Credit Card,TC00042,True
TT06528,U02947,CR00048,2025-07-24,0.0,Bank Transfer,TC00042,False
TT06529,U02958,CR00027,2025-11-01,0.0,Credit Card,TC00042,False
TT06530,U02969,CR00039,2025-03-19,346.71,Credit Card,TC00042,True
TT06531,U02971,CR00019,2025-10-15,0.0,Credit Card,TC00042,False
TT06532,U02974,CR00050,2025-07-24,490.9,PayPal,TC00040,True
TT06533,U02976,CR00054,2025-09-23,0.0,Credit Card,TC00042,False
TT06534,U02980,CR00044,2025-02-04,119.04,Credit Card,TC00040,True
TT06535,U02981,CR00030,2025-09-25,0.0,Credit Card,TC00042,False
TT06536,U02984,CR00007,2025-11-11,0.0,PayPal,TC00040,False
TT06537,U02989,CR00049,2025-04-27,415.51,PayPal,TC00042,True
TT06538,U02992,CR00042,2025-01-17,0.0,PayPal,TC00040,False
TT06539,U02994,CR00036,2025-12-12,0.0,Credit Card,TC00040,False
TT06540,U00003,CR00042,2025-08-24,0.0,Bank Transfer,TC00040,False
TT06541,U00004,CR00047,2025-01-06,89.59,PayPal,TC00040,True
TT06542,U00013,CR00029,2025-06-24,0.0,Credit Card,TC00042,False
TT06543,U00015,CR00030,2025-02-02,0.0,Bank Transfer,TC00042,False
TT06544,U00018,CR00040,2025-12-13,327.99,PayPal,TC00042,True
TT06545,U00028,CR00003,2025-10-23,0.0,Bank Transfer,TC00040,False
TT06546,U00045,CR00037,2025-04-13,0.0,Bank Transfer,TC00040,False
TT06547,U00048,CR00009,2025-09-17,0.0,PayPal,TC00040,False
TT06548,U00055,CR00008,2025-05-20,0.0,Bank Transfer,TC00042,False
TT06549,U00071,CR00031,2025-06-07,0.0,Credit Card,TC00040,False
TT06550,U00083,CR00024,2025-07-28,117.68,Bank Transfer,TC00042,True
TT06551,U00085,CR00005,2025-12-30,0.0,Credit Card,TC00042,False
TT06552,U00109,CR00007,2025-12-10,0.0,PayPal,TC00040,False
TT06553,U00117,CR00043,2025-12-05,0.0,Credit Card,TC00040,False
TT06554,U00126,CR00019,2025-08-06,0.0,Bank Transfer,TC00040,False
TT06555,U00128,CR00026,2025-06-20,0.0,PayPal,TC00042,False
TT06556,U00134,CR00035,2025-01-28,0.0,PayPal,TC00040,False
TT06557,U00144,CR00044,2025-01-11,119.04,Bank Transfer,TC00042,True
TT06558,U00147,CR00054,2025-12-21,0.0,Bank Transfer,TC00040,False
TT06559,U00149,CR00050,2025-12-06,490.9,PayPal,TC00042,True
TT06560,U00152,CR00044,2025-11-02,119.04,Bank Transfer,TC00042,True
TT06561,U00161,CR00022,2025-01-30,0.0,PayPal,TC00042,False
TT06562,U00166,CR00022,2025-02-04,0.0,Bank Transfer,TC00040,False
TT06563,U00169,CR00048,2025-02-21,0.0,Credit Card,TC00042,False
TT06564,U00173,CR00002,2025-10-03,0.0,PayPal,TC00040,False
TT06565,U00177,CR00044,2025-06-12,119.04,PayPal,TC00040,True
TT06566,U00178,CR00020,2025-11-06,0.0,PayPal,TC00040,False
TT06567,U00191,CR00017,2025-06-05,0.0,Credit Card,TC00042,False
TT06568,U00192,CR00036,2025-01-15,0.0,PayPal,TC00040,False
TT06569,U00198,CR00045,2025-09-13,0.0,Bank Transfer,TC00042,False
TT06570,U00208,CR00035,2025-11-29,0.0,PayPal,TC00040,False
TT06571,U00216,CR00003,2025-06-24,0.0,Credit Card,TC00040,False
TT06572,U00220,CR00035,2025-08-28,0.0,Credit Card,TC00040,False
TT06573,U00238,CR00022,2025-01-12,0.0,PayPal,TC00040,False
TT06574,U00251,CR00009,2025-12-08,0.0,Credit Card,TC00042,False
TT06575,U00260,CR00033,2025-08-10,0.0,PayPal,TC00040,False
TT06576,U00272,CR00050,2025-10-25,490.9,PayPal,TC00040,True
TT06577,U00282,CR00013,2025-08-14,0.0,Bank Transfer,TC00040,False
TT06578,U00292,CR00030,2025-02-12,0.0,PayPal,TC00042,False
TT06579,U00293,CR00039,2025-09-30,346.71,PayPal,TC00042,True
TT06580,U00298,CR00044,2025-03-01,119.04,PayPal,TC00040,True
TT06581,U00301,CR00043,2025-08-25,0.0,PayPal,TC00040,False
TT06582,U00303,CR00028,2025-08-05,0.78,Credit Card,TC00042,True
TT06583,U00310,CR00002,2025-10-23,0.0,Credit Card,TC00040,False
TT06584,U00315,CR00055,2025-07-07,57.32,Bank Transfer,TC00042,True
TT06585,U00321,CR00007,2025-03-07,0.0,PayPal,TC00042,False
TT06586,U00322,CR00020,2025-01-26,0.0,Credit Card,TC00040,False
TT06587,U00323,CR00038,2025-05-25,342.61,PayPal,TC00040,True
TT06588,U00328,CR00056,2025-03-23,212.39,PayPal,TC00042,True
TT06589,U00330,CR00019,2025-07-17,0.0,Credit Card,TC00040,False
TT06590,U00334,CR00014,2025-02-22,0.0,Credit Card,TC00040,False
TT06591,U00338,CR00058,2025-07-10,0.0,PayPal,TC00040,False
TT06592,U00339,CR00055,2025-07-10,57.32,PayPal,TC00040,True
TT06593,U00340,CR00054,2025-02-17,0.0,PayPal,TC00042,False
TT06594,U00345,CR00055,2025-03-21,57.32,PayPal,TC00040,True
TT06595,U00352,CR00020,2025-06-27,0.0,PayPal,TC00040,False
TT06596,U00353,CR00013,2025-07-10,0.0,Credit Card,TC00042,False
TT06597,U00356,CR00050,2025-04-11,490.9,Credit Card,TC00042,True
TT06598,U00357,CR00012,2025-09-12,487.92,PayPal,TC00040,True
TT06599,U00365,CR00060,2025-12-30,0.0,Bank Transfer,TC00040,False
TT06600,U00379,CR00016,2025-10-23,0.0,Bank Transfer,TC00040,False
TT06601,U00383,CR00003,2025-06-08,0.0,PayPal,TC00042,False
TT06602,U00399,CR00039,2025-11-24,346.71,PayPal,TC00042,True
TT06603,U00404,CR00010,2025-12-29,0.0,Bank Transfer,TC00042,False
TT06604,U00406,CR00013,2025-01-10,0.0,Credit Card,TC00040,False
TT06605,U00407,CR00028,2025-02-21,0.78,Bank Transfer,TC00042,True
TT06606,U00411,CR00032,2025-02-13,0.0,Bank Transfer,TC00040,False
TT06607,U00415,CR00051,2025-03-03,37.89,Credit Card,TC00040,True
TT06608,U00423,CR00038,2025-02-22,342.61,Credit Card,TC00040,True
TT06609,U00424,CR00017,2025-08-04,0.0,PayPal,TC00040,False
TT06610,U00427,CR00002,2025-04-12,0.0,Bank Transfer,TC00040,False
TT06611,U00438,CR00016,2025-02-21,0.0,PayPal,TC00040,False
TT06612,U00444,CR00019,2025-06-22,0.0,PayPal,TC00042,False
TT06613,U00449,CR00030,2025-11-28,0.0,Credit Card,TC00042,False
TT06614,U00450,CR00013,2025-10-27,0.0,Credit Card,TC00040,False
TT06615,U00494,CR00031,2025-06-11,0.0,PayPal,TC00040,False
TT06616,U00543,CR00029,2025-04-07,0.0,Credit Card,TC00042,False
TT06617,U00548,CR00023,2025-08-11,0.0,Bank Transfer,TC00040,False
TT06618,U00556,CR00053,2025-01-01,0.0,Credit Card,TC00042,False
TT06619,U00559,CR00025,2025-07-24,299.57,Credit Card,TC00040,True
TT06620,U00562,CR00042,2025-06-21,0.0,Bank Transfer,TC00040,False
TT06621,U00569,CR00036,2025-07-24,0.0,PayPal,TC00042,False
TT06622,U00570,CR00050,2025-05-23,490.9,Credit Card,TC00042,True
TT06623,U00572,CR00005,2025-09-15,0.0,Credit Card,TC00040,False
TT06624,U00573,CR00023,2025-05-12,0.0,PayPal,TC00040,False
TT06625,U00574,CR00002,2025-03-09,0.0,Credit Card,TC00042,False
TT06626,U00576,CR00013,2025-02-10,0.0,Credit Card,TC00042,False
TT06627,U00584,CR00030,2025-12-26,0.0,Bank Transfer,TC00042,False
TT06628,U00592,CR00019,2025-04-12,0.0,PayPal,TC00040,False
TT06629,U00595,CR00024,2025-07-15,117.68,PayPal,TC00040,True
TT06630,U00604,CR00027,2025-11-25,0.0,Bank Transfer,TC00042,False
TT06631,U00619,CR00024,2025-01-07,117.68,Bank Transfer,TC00040,True
TT06632,U00633,CR00030,2025-05-28,0.0,PayPal,TC00042,False
TT06633,U00636,CR00036,2025-06-28,0.0,PayPal,TC00040,False
TT06634,U00639,CR00043,2025-09-30,0.0,PayPal,TC00042,False
TT06635,U00666,CR00024,2025-10-29,117.68,PayPal,TC00042,True
TT06636,U00687,CR00046,2025-03-30,248.1,Bank Transfer,TC00040,True
TT06637,U00701,CR00038,2025-12-21,342.61,Credit Card,TC00042,True
TT06638,U00704,CR00006,2025-09-16,276.37,Bank Transfer,TC00042,True
TT06639,U00709,CR00060,2025-12-30,0.0,Bank Transfer,TC00042,False
TT06640,U00724,CR00001,2025-04-26,472.28,PayPal,TC00042,True
TT06641,U00752,CR00018,2025-05-17,0.0,Credit Card,TC00042,False
TT06642,U00760,CR00001,2025-08-09,472.28,PayPal,TC00042,True
TT06643,U00765,CR00026,2025-05-23,0.0,Credit Card,TC00042,False
TT06644,U00767,CR00039,2025-04-27,346.71,Bank Transfer,TC00040,True
TT06645,U00772,CR00020,2025-02-19,0.0,PayPal,TC00042,False
TT06646,U00775,CR00046,2025-10-05,248.1,Credit Card,TC00040,True
TT06647,U00786,CR00044,2025-07-21,119.04,Bank Transfer,TC00040,True
TT06648,U00787,CR00005,2025-04-07,0.0,Credit Card,TC00042,False
TT06649,U00819,CR00032,2025-08-07,0.0,PayPal,TC00040,False
TT06650,U00821,CR00051,2025-07-08,37.89,PayPal,TC00042,True
TT06651,U00829,CR00052,2025-10-07,0.0,PayPal,TC00040,False
TT06652,U00836,CR00025,2025-11-18,299.57,Bank Transfer,TC00042,True
TT06653,U00838,CR00048,2025-03-07,0.0,Credit Card,TC00042,False
TT06654,U00850,CR00018,2025-07-08,0.0,Credit Card,TC00042,False
TT06655,U00852,CR00011,2025-04-12,326.02,Credit Card,TC00040,True
TT06656,U00858,CR00041,2025-01-17,53.86,Bank Transfer,TC00042,True
TT06657,U00870,CR00028,2025-01-09,0.78,Bank Transfer,TC00042,True
TT06658,U00874,CR00018,2025-07-21,0.0,Credit Card,TC00042,False
TT06659,U00876,CR00011,2025-07-30,326.02,Credit Card,TC00040,True
TT06660,U00881,CR00050,2025-10-01,490.9,PayPal,TC00040,True
TT06661,U00893,CR00014,2025-02-06,0.0,Bank Transfer,TC00042,False
TT06662,U00898,CR00037,2025-04-25,0.0,PayPal,TC00042,False
TT06663,U00903,CR00044,2025-07-03,119.04,Bank Transfer,TC00042,True
TT06664,U00907,CR00029,2025-03-23,0.0,Bank Transfer,TC00042,False
TT06665,U00911,CR00010,2025-03-09,0.0,Bank Transfer,TC00042,False
TT06666,U00915,CR00041,2025-01-24,53.86,Credit Card,TC00042,True
TT06667,U00917,CR00037,2025-06-21,0.0,Credit Card,TC00042,False
TT06668,U00919,CR00013,2025-12-07,0.0,PayPal,TC00042,False
TT06669,U00928,CR00011,2025-05-21,326.02,Credit Card,TC00042,True
TT06670,U00959,CR00058,2025-12-01,0.0,Credit Card,TC00042,False
TT06671,U00961,CR00015,2025-12-05,285.05,Bank Transfer,TC00042,True
TT06672,U00967,CR00006,2025-08-21,276.37,PayPal,TC00040,True
TT06673,U00989,CR00031,2025-11-11,0.0,Bank Transfer,TC00040,False
TT06674,U00997,CR00046,2025-04-25,248.1,Credit Card,TC00040,True
TT06675,U01000,CR00024,2025-02-07,117.68,Credit Card,TC00042,True
TT06676,U01015,CR00053,2025-09-24,0.0,Bank Transfer,TC00042,False
TT06677,U01020,CR00002,2025-07-27,0.0,PayPal,TC00042,False
TT06678,U01022,CR00055,2025-12-20,57.32,Credit Card,TC00040,True
TT06679,U01031,CR00020,2025-01-06,0.0,Bank Transfer,TC00042,False
TT06680,U01032,CR00003,2025-07-27,0.0,Credit Card,TC00040,False
TT06681,U01033,CR00015,2025-11-17,285.05,Credit Card,TC00042,True
TT06682,U01034,CR00041,2025-05-05,53.86,PayPal,TC00040,True
TT06683,U01079,CR00026,2025-09-28,0.0,Bank Transfer,TC00042,False
TT06684,U01092,CR00016,2025-01-16,0.0,Bank Transfer,TC00042,False
TT06685,U01096,CR00027,2025-06-08,0.0,Bank Transfer,TC00042,False
TT06686,U01123,CR00057,2025-12-21,177.34,Credit Card,TC00042,True
TT06687,U01143,CR00019,2025-03-12,0.0,Credit Card,TC00042,False
TT06688,U01146,CR00008,2025-08-20,0.0,PayPal,TC00040,False
TT06689,U01151,CR00058,2025-03-02,0.0,PayPal,TC00040,False
TT06690,U01163,CR00037,2025-08-29,0.0,Credit Card,TC00040,False
TT06691,U01167,CR00030,2025-10-20,0.0,Credit Card,TC00042,False
TT06692,U01170,CR00028,2025-07-14,0.78,Bank Transfer,TC00042,True
TT06693,U01177,CR00043,2025-11-15,0.0,Bank Transfer,TC00042,False
TT06694,U01180,CR00006,2025-05-16,276.37,PayPal,TC00042,True
TT06695,U01197,CR00026,2025-09-03,0.0,Bank Transfer,TC00042,False
TT06696,U01203,CR00039,2025-12-21,346.71,Credit Card,TC00040,True
TT06697,U01221,CR00009,2025-08-17,0.0,Bank Transfer,TC00040,False
TT06698,U01224,CR00039,2025-02-17,346.71,PayPal,TC00042,True
TT06699,U01231,CR00025,2025-05-02,299.57,PayPal,TC00040,True
TT06700,U01233,CR00040,2025-02-06,327.99,Bank Transfer,TC00042,True
TT06701,U01235,CR00026,2025-02-26,0.0,Credit Card,TC00042,False
TT06702,U01237,CR00021,2025-07-13,0.0,Bank Transfer,TC00042,False
TT06703,U01239,CR00019,2025-07-26,0.0,Credit Card,TC00040,False
TT06704,U01244,CR00016,2025-02-28,0.0,Credit Card,TC00042,False
TT06705,U01249,CR00025,2025-05-15,299.57,Bank Transfer,TC00040,True
TT06706,U01250,CR00037,2025-04-29,0.0,Credit Card,TC00042,False
TT06707,U01261,CR00028,2025-01-03,0.78,Bank Transfer,TC00042,True
TT06708,U01266,CR00012,2025-03-20,487.92,PayPal,TC00042,True
TT06709,U01267,CR00058,2025-02-03,0.0,Credit Card,TC00042,False
TT06710,U01268,CR00030,2025-09-22,0.0,Credit Card,TC00042,False
TT06711,U01277,CR00021,2025-03-20,0.0,Credit Card,TC00042,False
TT06712,U01280,CR00046,2025-08-10,248.1,PayPal,TC00040,True
TT06713,U01281,CR00058,2025-03-12,0.0,Bank Transfer,TC00040,False
TT06714,U01284,CR00050,2025-11-29,490.9,PayPal,TC00042,True
TT06715,U01286,CR00006,2025-06-27,276.37,Bank Transfer,TC00040,True
TT06716,U01287,CR00008,2025-10-02,0.0,PayPal,TC00042,False
TT06717,U01315,CR00054,2025-11-19,0.0,Bank Transfer,TC00040,False
TT06718,U01318,CR00021,2025-12-22,0.0,Bank Transfer,TC00042,False
TT06719,U01321,CR00013,2025-01-11,0.0,Bank Transfer,TC00042,False
TT06720,U01331,CR00012,2025-02-05,487.92,Credit Card,TC00042,True
TT06721,U01332,CR00044,2025-12-28,119.04,PayPal,TC00040,True
TT06722,U01336,CR00026,2025-05-01,0.0,PayPal,TC00042,False
TT06723,U01337,CR00001,2025-09-12,472.28,Bank Transfer,TC00042,True
TT06724,U01343,CR00033,2025-08-08,0.0,PayPal,TC00040,False
TT06725,U01344,CR00047,2025-03-03,89.59,Credit Card,TC00042,True
TT06726,U01346,CR00007,2025-12-15,0.0,PayPal,TC00040,False
TT06727,U01347,CR00018,2025-03-16,0.0,Bank Transfer,TC00042,False
TT06728,U01350,CR00045,2025-04-02,0.0,PayPal,TC00042,False
TT06729,U01352,CR00018,2025-04-23,0.0,Credit Card,TC00042,False
TT06730,U01355,CR00001,2025-04-19,472.28,Bank Transfer,TC00040,True
TT06731,U01364,CR00006,2025-10-22,276.37,Credit Card,TC00040,True
TT06732,U01375,CR00019,2025-09-09,0.0,PayPal,TC00040,False
TT06733,U01394,CR00051,2025-12-06,37.89,Credit Card,TC00042,True
TT06734,U01395,CR00027,2025-10-12,0.0,Bank Transfer,TC00042,False
TT06735,U01399,CR00050,2025-01-09,490.9,Bank Transfer,TC00042,True
TT06736,U01405,CR00051,2025-04-30,37.89,PayPal,TC00042,True
TT06737,U01411,CR00029,2025-12-15,0.0,PayPal,TC00042,False
TT06738,U01414,CR00047,2025-01-15,89.59,PayPal,TC00040,True
TT06739,U01429,CR00018,2025-11-04,0.0,PayPal,TC00040,False
TT06740,U01430,CR00032,2025-04-07,0.0,PayPal,TC00040,False
TT06741,U01432,CR00025,2025-02-27,299.57,PayPal,TC00042,True
TT06742,U01435,CR00051,2025-01-04,37.89,PayPal,TC00040,True
TT06743,U01445,CR00057,2025-06-19,177.34,Credit Card,TC00042,True
TT06744,U01450,CR00010,2025-09-15,0.0,Bank Transfer,TC00040,False
TT06745,U01451,CR00049,2025-12-07,415.51,Bank Transfer,TC00040,True
TT06746,U01455,CR00052,2025-03-20,0.0,Credit Card,TC00040,False
TT06747,U01460,CR00045,2025-03-11,0.0,PayPal,TC00042,False
TT06748,U01463,CR00060,2025-02-06,0.0,PayPal,TC00040,False
TT06749,U01472,CR00034,2025-11-05,394.26,PayPal,TC00040,True
TT06750,U01475,CR00060,2025-07-01,0.0,Credit Card,TC00042,False
TT06751,U01488,CR00047,2025-01-13,89.59,Credit Card,TC00042,True
TT06752,U01497,CR00002,2025-11-07,0.0,Credit Card,TC00042,False
TT06753,U01500,CR00008,2025-06-06,0.0,PayPal,TC00040,False
TT06754,U01506,CR00020,2025-04-23,0.0,Credit Card,TC00042,False
TT06755,U01511,CR00015,2025-11-22,285.05,PayPal,TC00042,True
TT06756,U01512,CR00027,2025-09-20,0.0,Bank Transfer,TC00042,False
TT06757,U01522,CR00056,2025-05-28,212.39,PayPal,TC00040,True
TT06758,U01526,CR00043,2025-10-17,0.0,PayPal,TC00040,False
TT06759,U01528,CR00054,2025-09-15,0.0,Bank Transfer,TC00040,False
TT06760,U01530,CR00051,2025-02-12,37.89,Bank Transfer,TC00042,True
TT06761,U01531,CR00039,2025-03-03,346.71,Credit Card,TC00040,True
TT06762,U01536,CR00037,2025-06-23,0.0,PayPal,TC00040,False
TT06763,U01543,CR00021,2025-05-03,0.0,Bank Transfer,TC00040,False
TT06764,U01553,CR00023,2025-06-09,0.0,Bank Transfer,TC00042,False
TT06765,U01575,CR00032,2025-05-09,0.0,Bank Transfer,TC00040,False
TT06766,U01578,CR00037,2025-02-25,0.0,PayPal,TC00040,False
TT06767,U01586,CR00001,2025-01-24,472.28,PayPal,TC00042,True
TT06768,U01602,CR00050,2025-03-02,490.9,Bank Transfer,TC00040,True
TT06769,U01618,CR00016,2025-08-22,0.0,Credit Card,TC00042,False
TT06770,U01627,CR00040,2025-10-17,327.99,PayPal,TC00042,True
TT06771,U01628,CR00046,2025-03-08,248.1,Credit Card,TC00040,True
TT06772,U01635,CR00023,2025-12-25,0.0,Credit Card,TC00040,False
TT06773,U01637,CR00060,2025-09-24,0.0,Bank Transfer,TC00040,False
TT06774,U01649,CR00007,2025-12-09,0.0,Bank Transfer,TC00040,False
TT06775,U01654,CR00022,2025-01-14,0.0,Credit Card,TC00042,False
TT06776,U01656,CR00032,2025-07-06,0.0,PayPal,TC00040,False
TT06777,U01662,CR00001,2025-02-12,472.28,PayPal,TC00042,True
TT06778,U01666,CR00051,2025-07-09,37.89,Credit Card,TC00040,True
TT06779,U01671,CR00042,2025-02-07,0.0,Bank Transfer,TC00040,False
TT06780,U01674,CR00030,2025-04-01,0.0,Credit Card,TC00042,False
TT06781,U01692,CR00037,2025-11-15,0.0,Credit Card,TC00040,False
TT06782,U01695,CR00015,2025-07-13,285.05,Credit Card,TC00042,True
TT06783,U01702,CR00025,2025-03-22,299.57,PayPal,TC00042,True
TT06784,U01708,CR00022,2025-11-14,0.0,Bank Transfer,TC00040,False
TT06785,U01720,CR00009,2025-12-10,0.0,Credit Card,TC00040,False
TT06786,U01721,CR00025,2025-05-17,299.57,Credit Card,TC00042,True
TT06787,U01724,CR00043,2025-11-24,0.0,Credit Card,TC00040,False
TT06788,U01726,CR00019,2025-10-13,0.0,Credit Card,TC00042,False
TT06789,U01729,CR00025,2025-05-27,299.57,Credit Card,TC00040,True
TT06790,U01745,CR00021,2025-10-12,0.0,Bank Transfer,TC00042,False
TT06791,U01746,CR00058,2025-10-27,0.0,Bank Transfer,TC00042,False
TT06792,U01762,CR00035,2025-04-20,0.0,PayPal,TC00040,False
TT06793,U01773,CR00050,2025-11-19,490.9,Credit Card,TC00040,True
TT06794,U01786,CR00055,2025-03-19,57.32,PayPal,TC00042,True
TT06795,U01789,CR00056,2025-08-08,212.39,PayPal,TC00042,True
TT06796,U01795,CR00002,2025-04-15,0.0,Credit Card,TC00042,False
TT06797,U01805,CR00035,2025-07-10,0.0,PayPal,TC00040,False
TT06798,U01810,CR00049,2025-11-04,415.51,Bank Transfer,TC00042,True
TT06799,U01812,CR00053,2025-09-16,0.0,Bank Transfer,TC00042,False
TT06800,U01820,CR00023,2025-06-28,0.0,Bank Transfer,TC00042,False
TT06801,U01822,CR00042,2025-10-15,0.0,PayPal,TC00040,False
TT06802,U01825,CR00033,2025-05-07,0.0,Bank Transfer,TC00040,False
TT06803,U01840,CR00035,2025-10-29,0.0,Credit Card,TC00040,False
TT06804,U01842,CR00034,2025-08-06,394.26,Credit Card,TC00040,True
TT06805,U01854,CR00041,2025-06-28,53.86,PayPal,TC00042,True
TT06806,U01867,CR00052,2025-04-13,0.0,Credit Card,TC00040,False
TT06807,U01871,CR00022,2025-10-16,0.0,PayPal,TC00040,False
TT06808,U01872,CR00011,2025-01-10,326.02,PayPal,TC00042,True
TT06809,U01876,CR00005,2025-09-10,0.0,Bank Transfer,TC00040,False
TT06810,U01877,CR00018,2025-01-06,0.0,Credit Card,TC00042,False
TT06811,U01879,CR00052,2025-11-10,0.0,Credit Card,TC00040,False
TT06812,U01893,CR00019,2025-06-07,0.0,PayPal,TC00042,False
TT06813,U01896,CR00025,2025-02-09,299.57,Bank Transfer,TC00042,True
TT06814,U01900,CR00055,2025-04-13,57.32,Credit Card,TC00040,True
TT06815,U01903,CR00019,2025-10-09,0.0,Bank Transfer,TC00042,False
TT06816,U01906,CR00040,2025-01-26,327.99,Credit Card,TC00042,True
TT06817,U01908,CR00011,2025-03-05,326.02,PayPal,TC00040,True
TT06818,U01917,CR00047,2025-07-11,89.59,Bank Transfer,TC00042,True
TT06819,U01918,CR00018,2025-03-14,0.0,Bank Transfer,TC00040,False
TT06820,U01920,CR00022,2025-07-10,0.0,Bank Transfer,TC00040,False
TT06821,U01926,CR00060,2025-10-25,0.0,PayPal,TC00042,False
TT06822,U01929,CR00002,2025-04-27,0.0,Bank Transfer,TC00040,False
TT06823,U01934,CR00019,2025-12-29,0.0,PayPal,TC00042,False
TT06824,U01943,CR00036,2025-12-22,0.0,Credit Card,TC00042,False
TT06825,U01953,CR00026,2025-03-18,0.0,PayPal,TC00042,False
TT06826,U01958,CR00044,2025-06-13,119.04,Bank Transfer,TC00042,True
TT06827,U01959,CR00039,2025-04-09,346.71,Bank Transfer,TC00042,True
TT06828,U01961,CR00036,2025-09-20,0.0,PayPal,TC00040,False
TT06829,U01962,CR00023,2025-07-21,0.0,Credit Card,TC00040,False
TT06830,U01979,CR00007,2025-10-20,0.0,Bank Transfer,TC00040,False
TT06831,U01987,CR00022,2025-08-10,0.0,PayPal,TC00042,False
TT06832,U01989,CR00042,2025-05-21,0.0,PayPal,TC00040,False
TT06833,U01993,CR00031,2025-06-30,0.0,PayPal,TC00040,False
TT06834,U01998,CR00013,2025-07-18,0.0,Bank Transfer,TC00040,False
TT06835,U02010,CR00046,2025-02-08,248.1,PayPal,TC00040,True
TT06836,U02015,CR00048,2025-02-13,0.0,Bank Transfer,TC00042,False
TT06837,U02022,CR00005,2025-04-05,0.0,Bank Transfer,TC00040,False
TT06838,U02035,CR00004,2025-09-09,0.0,Bank Transfer,TC00040,False
TT06839,U02038,CR00035,2025-06-08,0.0,Credit Card,TC00040,False
TT06840,U02039,CR00015,2025-12-10,285.05,Credit Card,TC00040,True
TT06841,U02055,CR00001,2025-10-09,472.28,PayPal,TC00040,True
TT06842,U02058,CR00001,2025-12-19,472.28,Credit Card,TC00040,True
TT06843,U02064,CR00027,2025-09-23,0.0,Bank Transfer,TC00042,False
TT06844,U02068,CR00058,2025-11-25,0.0,Bank Transfer,TC00040,False
TT06845,U02071,CR00023,2025-09-24,0.0,PayPal,TC00042,False
TT06846,U02074,CR00022,2025-06-22,0.0,Bank Transfer,TC00040,False
TT06847,U02077,CR00032,2025-01-29,0.0,PayPal,TC00040,False
TT06848,U02094,CR00014,2025-03-01,0.0,Bank Transfer,TC00042,False
TT06849,U02096,CR00026,2025-09-04,0.0,PayPal,TC00042,False
TT06850,U02098,CR00051,2025-12-04,37.89,PayPal,TC00042,True
TT06851,U02125,CR00046,2025-02-21,248.1,Bank Transfer,TC00040,True
TT06852,U02144,CR00018,2025-06-05,0.0,PayPal,TC00040,False
TT06853,U02147,CR00038,2025-06-19,342.61,Credit Card,TC00040,True
TT06854,U02149,CR00041,2025-11-10,53.86,Bank Transfer,TC00040,True
TT06855,U02151,CR00039,2025-12-11,346.71,Bank Transfer,TC00042,True
TT06856,U02152,CR00037,2025-05-07,0.0,Bank Transfer,TC00042,False
TT06857,U02153,CR00036,2025-10-03,0.0,Credit Card,TC00042,False
TT06858,U02155,CR00029,2025-10-24,0.0,Credit Card,TC00042,False
TT06859,U02161,CR00037,2025-10-10,0.0,Credit Card,TC00040,False
TT06860,U02174,CR00004,2025-04-25,0.0,Credit Card,TC00040,False
TT06861,U02199,CR00016,2025-11-17,0.0,Bank Transfer,TC00042,False
TT06862,U02212,CR00035,2025-05-29,0.0,Bank Transfer,TC00040,False
TT06863,U02215,CR00021,2025-12-26,0.0,Bank Transfer,TC00042,False
TT06864,U02217,CR00038,2025-09-22,342.61,Bank Transfer,TC00040,True
TT06865,U02224,CR00031,2025-02-06,0.0,Credit Card,TC00040,False
TT06866,U02231,CR00022,2025-08-01,0.0,Credit Card,TC00040,False
TT06867,U02248,CR00020,2025-05-24,0.0,Bank Transfer,TC00042,False
TT06868,U02250,CR00012,2025-10-03,487.92,PayPal,TC00042,True
TT06869,U02254,CR00054,2025-12-21,0.0,PayPal,TC00042,False
TT06870,U02258,CR00020,2025-11-08,0.0,Credit Card,TC00042,False
TT06871,U02284,CR00055,2025-10-05,57.32,Credit Card,TC00040,True
TT06872,U02288,CR00039,2025-12-25,346.71,Bank Transfer,TC00042,True
TT06873,U02300,CR00006,2025-01-07,276.37,PayPal,TC00040,True
TT06874,U02306,CR00058,2025-08-20,0.0,Credit Card,TC00042,False
TT06875,U02315,CR00048,2025-01-07,0.0,Credit Card,TC00042,False
TT06876,U02337,CR00018,2025-05-19,0.0,Bank Transfer,TC00040,False
TT06877,U02341,CR00017,2025-07-03,0.0,Bank Transfer,TC00042,False
TT06878,U02344,CR00059,2025-08-16,0.0,Bank Transfer,TC00040,False
TT06879,U02345,CR00035,2025-07-15,0.0,Bank Transfer,TC00040,False
TT06880,U02349,CR00032,2025-05-02,0.0,Credit Card,TC00040,False
TT06881,U02370,CR00028,2025-01-14,0.78,PayPal,TC00042,True
TT06882,U02371,CR00003,2025-11-03,0.0,PayPal,TC00040,False
TT06883,U02410,CR00017,2025-06-27,0.0,Bank Transfer,TC00042,False
TT06884,U02415,CR00041,2025-01-16,53.86,Credit Card,TC00042,True
TT06885,U02427,CR00059,2025-05-16,0.0,Bank Transfer,TC00040,False
TT06886,U02432,CR00055,2025-01-11,57.32,PayPal,TC00040,True
TT06887,U02445,CR00051,2025-12-06,37.89,Credit Card,TC00040,True
TT06888,U02485,CR00020,2025-10-03,0.0,Bank Transfer,TC00040,False
TT06889,U02490,CR00054,2025-01-06,0.0,PayPal,TC00040,False
TT06890,U02512,CR00021,2025-08-19,0.0,PayPal,TC00040,False
TT06891,U02515,CR00041,2025-06-16,53.86,Bank Transfer,TC00040,True
TT06892,U02537,CR00017,2025-02-08,0.0,PayPal,TC00042,False
TT06893,U02540,CR00035,2025-10-05,0.0,PayPal,TC00040,False
TT06894,U02541,CR00058,2025-07-18,0.0,PayPal,TC00042,False
TT06895,U02542,CR00005,2025-05-06,0.0,PayPal,TC00040,False
TT06896,U02564,CR00015,2025-03-21,285.05,Bank Transfer,TC00042,True
TT06897,U02566,CR00050,2025-04-07,490.9,Bank Transfer,TC00042,True
TT06898,U02582,CR00058,2025-05-20,0.0,PayPal,TC00040,False
TT06899,U02583,CR00019,2025-04-02,0.0,Credit Card,TC00040,False
TT06900,U02593,CR00054,2025-10-04,0.0,Bank Transfer,TC00040,False
TT06901,U02602,CR00016,2025-09-23,0.0,PayPal,TC00042,False
TT06902,U02605,CR00052,2025-05-01,0.0,PayPal,TC00042,False
TT06903,U02612,CR00010,2025-08-24,0.0,Bank Transfer,TC00042,False
TT06904,U02614,CR00021,2025-07-21,0.0,PayPal,TC00040,False
TT06905,U02616,CR00052,2025-11-18,0.0,Credit Card,TC00040,False
TT06906,U02623,CR00054,2025-01-20,0.0,Bank Transfer,TC00040,False
TT06907,U02630,CR00017,2025-06-24,0.0,Credit Card,TC00040,False
TT06908,U02633,CR00038,2025-09-10,342.61,Credit Card,TC00040,True
TT06909,U02643,CR00011,2025-10-24,326.02,PayPal,TC00040,True
TT06910,U02645,CR00008,2025-08-25,0.0,Credit Card,TC00040,False
TT06911,U02651,CR00055,2025-12-05,57.32,Credit Card,TC00040,True
TT06912,U02663,CR00036,2025-01-24,0.0,PayPal,TC00042,False
TT06913,U02672,CR00035,2025-08-09,0.0,Credit Card,TC00040,False
TT06914,U02679,CR00010,2025-06-28,0.0,Credit Card,TC00042,False
TT06915,U02683,CR00001,2025-06-25,472.28,Credit Card,TC00040,True
TT06916,U02684,CR00001,2025-05-06,472.28,Bank Transfer,TC00040,True
TT06917,U02698,CR00048,2025-11-15,0.0,PayPal,TC00042,False
TT06918,U02709,CR00008,2025-12-25,0.0,PayPal,TC00040,False
TT06919,U02733,CR00043,2025-04-02,0.0,Bank Transfer,TC00040,False
TT06920,U02754,CR00007,2025-08-13,0.0,Credit Card,TC00042,False
TT06921,U02767,CR00057,2025-05-26,177.34,PayPal,TC00042,True
TT06922,U02770,CR00022,2025-08-04,0.0,Credit Card,TC00040,False
TT06923,U02775,CR00020,2025-06-04,0.0,Credit Card,TC00040,False
TT06924,U02786,CR00048,2025-01-29,0.0,Bank Transfer,TC00042,False
TT06925,U02791,CR00007,2025-07-14,0.0,PayPal,TC00042,False
TT06926,U02792,CR00022,2025-09-05,0.0,Credit Card,TC00042,False
TT06927,U02793,CR00036,2025-02-05,0.0,Bank Transfer,TC00042,False
TT06928,U02821,CR00030,2025-11-11,0.0,PayPal,TC00042,False
TT06929,U02825,CR00057,2025-06-27,177.34,PayPal,TC00042,True
TT06930,U02832,CR00021,2025-02-05,0.0,PayPal,TC00040,False
TT06931,U02843,CR00044,2025-05-26,119.04,Bank Transfer,TC00042,True
TT06932,U02844,CR00032,2025-11-14,0.0,Credit Card,TC00040,False
TT06933,U02850,CR00037,2025-10-25,0.0,Bank Transfer,TC00042,False
TT06934,U02874,CR00028,2025-09-07,0.78,Bank Transfer,TC00042,True
TT06935,U02883,CR00022,2025-03-04,0.0,PayPal,TC00042,False
TT06936,U02899,CR00004,2025-02-20,0.0,PayPal,TC00040,False
TT06937,U02909,CR00026,2025-11-07,0.0,Bank Transfer,TC00042,False
TT06938,U02915,CR00031,2025-08-15,0.0,PayPal,TC00040,False
TT06939,U02916,CR00060,2025-02-06,0.0,PayPal,TC00042,False
TT06940,U02927,CR00027,2025-06-08,0.0,PayPal,TC00042,False
TT06941,U02931,CR00060,2025-12-02,0.0,Bank Transfer,TC00042,False
TT06942,U02937,CR00055,2025-10-13,57.32,PayPal,TC00040,True
TT06943,U02941,CR00005,2025-05-30,0.0,PayPal,TC00040,False
TT06944,U02945,CR00051,2025-03-02,37.89,Credit Card,TC00040,True
TT06945,U02947,CR00042,2025-04-02,0.0,Bank Transfer,TC00042,False
TT06946,U02958,CR00031,2025-02-20,0.0,Bank Transfer,TC00040,False
TT06947,U02969,CR00012,2025-08-05,487.92,Bank Transfer,TC00040,True
TT06948,U02971,CR00017,2025-06-06,0.0,Bank Transfer,TC00040,False
TT06949,U02974,CR00009,2025-03-03,0.0,PayPal,TC00040,False
TT06950,U02976,CR00003,2025-03-12,0.0,Credit Card,TC00040,False
TT06951,U02980,CR00009,2025-05-24,0.0,Credit Card,TC00042,False
TT06952,U02981,CR00039,2025-03-20,346.71,Credit Card,TC00042,True
TT06953,U02984,CR00038,2025-03-29,342.61,Bank Transfer,TC00040,True
TT06954,U02992,CR00031,2025-03-10,0.0,Credit Card,TC00040,False
TT06955,U02994,CR00054,2025-06-25,0.0,Bank Transfer,TC00042,False
TT06956,U00003,CR00018,2025-11-16,0.0,Bank Transfer,TC00040,False
TT06957,U00013,CR00054,2025-06-03,0.0,Bank Transfer,TC00040,False
TT06958,U00015,CR00050,2025-12-02,490.9,Bank Transfer,TC00042,True
TT06959,U00018,CR00048,2025-06-27,0.0,PayPal,TC00042,False
TT06960,U00028,CR00018,2025-05-09,0.0,PayPal,TC00040,False
TT06961,U00045,CR00028,2025-09-27,0.78,Credit Card,TC00042,True
TT06962,U00048,CR00029,2025-06-27,0.0,Bank Transfer,TC00042,False
TT06963,U00055,CR00018,2025-07-03,0.0,PayPal,TC00040,False
TT06964,U00071,CR00003,2025-01-19,0.0,Credit Card,TC00042,False
TT06965,U00083,CR00017,2025-08-26,0.0,Bank Transfer,TC00040,False
TT06966,U00085,CR00032,2025-01-01,0.0,Credit Card,TC00040,False
TT06967,U00109,CR00035,2025-03-18,0.0,Bank Transfer,TC00040,False
TT06968,U00112,CR00041,2025-07-02,53.86,PayPal,TC00040,True
TT06969,U00117,CR00034,2025-04-23,394.26,Bank Transfer,TC00040,True
TT06970,U00126,CR00026,2025-05-05,0.0,PayPal,TC00042,False
TT06971,U00128,CR00047,2025-11-30,89.59,Bank Transfer,TC00040,True
TT06972,U00133,CR00020,2025-04-05,0.0,Credit Card,TC00042,False
TT06973,U00134,CR00042,2025-12-08,0.0,PayPal,TC00040,False
TT06974,U00144,CR00036,2025-03-10,0.0,PayPal,TC00042,False
TT06975,U00147,CR00023,2025-02-06,0.0,Credit Card,TC00042,False
TT06976,U00149,CR00005,2025-05-12,0.0,Bank Transfer,TC00040,False
TT06977,U00166,CR00014,2025-10-21,0.0,PayPal,TC00040,False
TT06978,U00169,CR00016,2025-06-25,0.0,Bank Transfer,TC00042,False
TT06979,U00173,CR00032,2025-04-08,0.0,Bank Transfer,TC00040,False
TT06980,U00177,CR00001,2025-08-04,472.28,Credit Card,TC00042,True
TT06981,U00178,CR00036,2025-04-12,0.0,PayPal,TC00042,False
TT06982,U00192,CR00038,2025-06-14,342.61,Bank Transfer,TC00040,True
TT06983,U00198,CR00049,2025-09-04,415.51,PayPal,TC00040,True
TT06984,U00208,CR00023,2025-05-26,0.0,PayPal,TC00040,False
TT06985,U00216,CR00058,2025-10-29,0.0,Credit Card,TC00042,False
TT06986,U00220,CR00060,2025-12-27,0.0,PayPal,TC00040,False
TT06987,U00238,CR00024,2025-02-21,117.68,Credit Card,TC00040,True
TT06988,U00251,CR00055,2025-12-21,57.32,PayPal,TC00042,True
TT06989,U00260,CR00012,2025-04-24,487.92,Credit Card,TC00040,True
TT06990,U00265,CR00034,2025-05-08,394.26,PayPal,TC00040,True
TT06991,U00272,CR00060,2025-03-05,0.0,Credit Card,TC00040,False
TT06992,U00282,CR00027,2025-09-20,0.0,Bank Transfer,TC00042,False
TT06993,U00292,CR00024,2025-01-23,117.68,Credit Card,TC00042,True
TT06994,U00293,CR00036,2025-11-21,0.0,Credit Card,TC00040,False
TT06995,U00298,CR00057,2025-04-06,177.34,PayPal,TC00042,True
TT06996,U00301,CR00002,2025-05-10,0.0,Credit Card,TC00042,False
TT06997,U00303,CR00002,2025-06-17,0.0,Credit Card,TC00042,False
TT06998,U00315,CR00042,2025-09-08,0.0,PayPal,TC00042,False
TT06999,U00321,CR00028,2025-05-09,0.78,Credit Card,TC00042,True
TT07000,U00322,CR00009,2025-08-30,0.0,PayPal,TC00040,False
TT07001,U00323,CR00022,2025-06-14,0.0,PayPal,TC00042,False
TT07002,U00328,CR00011,2025-07-12,326.02,PayPal,TC00040,True
TT07003,U00330,CR00018,2025-08-17,0.0,PayPal,TC00042,False
TT07004,U00334,CR00034,2025-12-20,394.26,Credit Card,TC00040,True
TT07005,U00338,CR00060,2025-04-10,0.0,Bank Transfer,TC00040,False
TT07006,U00339,CR00012,2025-03-08,487.92,PayPal,TC00042,True
TT07007,U00340,CR00012,2025-10-15,487.92,PayPal,TC00040,True
TT07008,U00345,CR00035,2025-09-14,0.0,Bank Transfer,TC00040,False
TT07009,U00351,CR00059,2025-04-30,0.0,Bank Transfer,TC00042,False
TT07010,U00352,CR00052,2025-02-25,0.0,Credit Card,TC00040,False
TT07011,U00353,CR00026,2025-11-08,0.0,PayPal,TC00042,False
TT07012,U00356,CR00008,2025-01-24,0.0,Bank Transfer,TC00040,False
TT07013,U00362,CR00005,2025-10-22,0.0,Bank Transfer,TC00040,False
TT07014,U00379,CR00020,2025-07-04,0.0,PayPal,TC00040,False
TT07015,U00383,CR00057,2025-10-21,177.34,Bank Transfer,TC00042,True
TT07016,U00399,CR00023,2025-05-17,0.0,PayPal,TC00040,False
TT07017,U00404,CR00051,2025-11-10,37.89,PayPal,TC00042,True
TT07018,U00406,CR00029,2025-10-16,0.0,Credit Card,TC00042,False
TT07019,U00407,CR00017,2025-10-29,0.0,Credit Card,TC00040,False
TT07020,U00411,CR00058,2025-11-22,0.0,Bank Transfer,TC00042,False
TT07021,U00415,CR00001,2025-05-09,472.28,Credit Card,TC00040,True
TT07022,U00423,CR00050,2025-02-28,490.9,Bank Transfer,TC00040,True
TT07023,U00427,CR00040,2025-06-25,327.99,Credit Card,TC00040,True
TT07024,U00438,CR00059,2025-06-11,0.0,Bank Transfer,TC00040,False
TT07025,U00444,CR00010,2025-07-29,0.0,PayPal,TC00040,False
TT07026,U00449,CR00025,2025-02-27,299.57,Credit Card,TC00042,True
TT07027,U00450,CR00007,2025-04-01,0.0,PayPal,TC00040,False
TT07028,U00464,CR00009,2025-05-24,0.0,Credit Card,TC00042,False
TT07029,U00494,CR00017,2025-09-04,0.0,Credit Card,TC00040,False
TT07030,U00543,CR00041,2025-11-08,53.86,PayPal,TC00040,True
TT07031,U00548,CR00043,2025-11-19,0.0,Bank Transfer,TC00042,False
TT07032,U00556,CR00019,2025-04-15,0.0,PayPal,TC00040,False
TT07033,U00559,CR00030,2025-03-28,0.0,Bank Transfer,TC00042,False
TT07034,U00562,CR00045,2025-07-11,0.0,PayPal,TC00042,False
TT07035,U00569,CR00044,2025-02-13,119.04,Credit Card,TC00040,True
TT07036,U00570,CR00051,2025-02-28,37.89,Credit Card,TC00040,True
TT07037,U00573,CR00032,2025-10-14,0.0,Bank Transfer,TC00040,False
TT07038,U00574,CR00031,2025-07-26,0.0,Bank Transfer,TC00040,False
TT07039,U00576,CR00035,2025-11-26,0.0,Bank Transfer,TC00040,False
TT07040,U00584,CR00046,2025-03-20,248.1,PayPal,TC00042,True
TT07041,U00592,CR00008,2025-11-07,0.0,PayPal,TC00040,False
TT07042,U00595,CR00027,2025-02-11,0.0,Bank Transfer,TC00042,False
TT07043,U00604,CR00053,2025-03-25,0.0,Bank Transfer,TC00040,False
TT07044,U00619,CR00003,2025-11-17,0.0,Bank Transfer,TC00040,False
TT07045,U00622,CR00023,2025-12-06,0.0,PayPal,TC00042,False
TT07046,U00633,CR00041,2025-05-19,53.86,Credit Card,TC00042,True
TT07047,U00636,CR00009,2025-03-28,0.0,Bank Transfer,TC00042,False
TT07048,U00639,CR00023,2025-01-05,0.0,Bank Transfer,TC00042,False
TT07049,U00687,CR00020,2025-04-23,0.0,PayPal,TC00040,False
TT07050,U00701,CR00006,2025-06-05,276.37,PayPal,TC00042,True
TT07051,U00704,CR00004,2025-07-13,0.0,Credit Card,TC00040,False
TT07052,U00709,CR00018,2025-06-20,0.0,Credit Card,TC00040,False
TT07053,U00723,CR00015,2025-07-08,285.05,PayPal,TC00042,True
TT07054,U00724,CR00009,2025-02-07,0.0,PayPal,TC00040,False
TT07055,U00760,CR00036,2025-02-07,0.0,Credit Card,TC00040,False
TT07056,U00765,CR00023,2025-07-12,0.0,PayPal,TC00040,False
TT07057,U00767,CR00013,2025-11-15,0.0,Bank Transfer,TC00042,False
TT07058,U00772,CR00019,2025-11-20,0.0,Bank Transfer,TC00040,False
TT07059,U00775,CR00001,2025-03-03,472.28,Credit Card,TC00042,True
TT07060,U00786,CR00006,2025-06-08,276.37,Credit Card,TC00042,True
TT07061,U00787,CR00036,2025-11-01,0.0,Bank Transfer,TC00040,False
TT07062,U00819,CR00008,2025-11-29,0.0,PayPal,TC00042,False
TT07063,U00821,CR00035,2025-09-15,0.0,Bank Transfer,TC00040,False
TT07064,U00829,CR00010,2025-07-29,0.0,Bank Transfer,TC00040,False
TT07065,U00836,CR00040,2025-08-10,327.99,PayPal,TC00040,True
TT07066,U00838,CR00052,2025-12-24,0.0,Bank Transfer,TC00040,False
TT07067,U00850,CR00039,2025-08-24,346.71,Bank Transfer,TC00042,True
TT07068,U00852,CR00049,2025-06-18,415.51,Credit Card,TC00040,True
TT07069,U00858,CR00036,2025-05-11,0.0,Credit Card,TC00040,False
TT07070,U00870,CR00049,2025-06-03,415.51,Bank Transfer,TC00042,True
TT07071,U00874,CR00012,2025-01-05,487.92,Bank Transfer,TC00042,True
TT07072,U00876,CR00001,2025-12-23,472.28,PayPal,TC00042,True
TT07073,U00881,CR00049,2025-10-08,415.51,PayPal,TC00042,True
TT07074,U00893,CR00055,2025-04-19,57.32,Credit Card,TC00042,True
TT07075,U00903,CR00002,2025-01-15,0.0,PayPal,TC00042,False
TT07076,U00915,CR00005,2025-09-09,0.0,PayPal,TC00040,False
TT07077,U00917,CR00003,2025-12-30,0.0,PayPal,TC00040,False
TT07078,U00919,CR00005,2025-06-15,0.0,Credit Card,TC00040,False
TT07079,U00928,CR00059,2025-02-23,0.0,PayPal,TC00040,False
TT07080,U00959,CR00002,2025-11-24,0.0,Credit Card,TC00042,False
TT07081,U00961,CR00044,2025-06-24,119.04,PayPal,TC00040,True
TT07082,U00967,CR00052,2025-12-04,0.0,PayPal,TC00042,False
TT07083,U00976,CR00011,2025-07-25,326.02,Credit Card,TC00040,True
TT07084,U00981,CR00014,2025-12-26,0.0,Credit Card,TC00042,False
TT07085,U00989,CR00027,2025-08-04,0.0,Bank Transfer,TC00042,False
TT07086,U00997,CR00026,2025-08-01,0.0,Bank Transfer,TC00042,False
TT07087,U01015,CR00024,2025-07-11,117.68,Credit Card,TC00042,True
TT07088,U01022,CR00020,2025-01-11,0.0,PayPal,TC00042,False
TT07089,U01031,CR00038,2025-02-02,342.61,PayPal,TC00042,True
TT07090,U01032,CR00060,2025-08-14,0.0,PayPal,TC00042,False
TT07091,U01033,CR00002,2025-12-17,0.0,Bank Transfer,TC00040,False
TT07092,U01034,CR00051,2025-02-18,37.89,Credit Card,TC00040,True
TT07093,U01066,CR00021,2025-11-12,0.0,Bank Transfer,TC00040,False
TT07094,U01079,CR00003,2025-01-29,0.0,Credit Card,TC00042,False
TT07095,U01083,CR00033,2025-12-21,0.0,PayPal,TC00040,False
TT07096,U01084,CR00044,2025-10-09,119.04,Credit Card,TC00040,True
TT07097,U01092,CR00049,2025-06-11,415.51,Bank Transfer,TC00042,True
TT07098,U01096,CR00008,2025-08-06,0.0,PayPal,TC00042,False
TT07099,U01123,CR00025,2025-02-16,299.57,Credit Card,TC00040,True
TT07100,U01143,CR00044,2025-08-08,119.04,PayPal,TC00042,True
TT07101,U01146,CR00059,2025-04-21,0.0,PayPal,TC00040,False
TT07102,U01151,CR00051,2025-07-20,37.89,PayPal,TC00040,True
TT07103,U01158,CR00043,2025-07-08,0.0,Bank Transfer,TC00042,False
TT07104,U01163,CR00040,2025-04-02,327.99,Bank Transfer,TC00042,True
TT07105,U01167,CR00033,2025-04-14,0.0,PayPal,TC00040,False
TT07106,U01170,CR00017,2025-09-09,0.0,PayPal,TC00042,False
TT07107,U01177,CR00009,2025-10-11,0.0,Bank Transfer,TC00042,False
TT07108,U01180,CR00039,2025-12-16,346.71,Bank Transfer,TC00040,True
TT07109,U01197,CR00032,2025-06-24,0.0,Bank Transfer,TC00040,False
TT07110,U01203,CR00018,2025-10-21,0.0,Bank Transfer,TC00040,False
TT07111,U01221,CR00015,2025-08-26,285.05,Credit Card,TC00042,True
TT07112,U01224,CR00010,2025-06-10,0.0,Credit Card,TC00042,False
TT07113,U01231,CR00055,2025-12-29,57.32,PayPal,TC00040,True
TT07114,U01233,CR00020,2025-11-20,0.0,Credit Card,TC00042,False
TT07115,U01235,CR00037,2025-04-25,0.0,Bank Transfer,TC00040,False
TT07116,U01237,CR00022,2025-10-01,0.0,Credit Card,TC00042,False
TT07117,U01239,CR00021,2025-12-12,0.0,Bank Transfer,TC00042,False
TT07118,U01244,CR00010,2025-05-02,0.0,Credit Card,TC00042,False
TT07119,U01250,CR00054,2025-12-05,0.0,Credit Card,TC00040,False
TT07120,U01261,CR00038,2025-04-27,342.61,PayPal,TC00040,True
TT07121,U01266,CR00023,2025-03-22,0.0,Bank Transfer,TC00040,False
TT07122,U01267,CR00011,2025-02-28,326.02,Credit Card,TC00040,True
TT07123,U01268,CR00035,2025-05-28,0.0,PayPal,TC00040,False
TT07124,U01277,CR00054,2025-05-17,0.0,Bank Transfer,TC00040,False
TT07125,U01280,CR00048,2025-08-02,0.0,Bank Transfer,TC00040,False
TT07126,U01281,CR00018,2025-06-26,0.0,PayPal,TC00042,False
TT07127,U01284,CR00025,2025-02-14,299.57,Bank Transfer,TC00042,True
TT07128,U01286,CR00001,2025-12-25,472.28,PayPal,TC00042,True
TT07129,U01290,CR00047,2025-08-15,89.59,PayPal,TC00042,True
TT07130,U01315,CR00046,2025-10-04,248.1,Bank Transfer,TC00040,True
TT07131,U01318,CR00031,2025-09-20,0.0,PayPal,TC00040,False
TT07132,U01321,CR00010,2025-06-21,0.0,Credit Card,TC00040,False
TT07133,U01322,CR00053,2025-02-15,0.0,Credit Card,TC00040,False
TT07134,U01331,CR00051,2025-10-01,37.89,PayPal,TC00040,True
TT07135,U01332,CR00049,2025-08-26,415.51,Credit Card,TC00040,True
TT07136,U01334,CR00033,2025-07-28,0.0,Bank Transfer,TC00040,False
TT07137,U01336,CR00017,2025-07-15,0.0,Credit Card,TC00040,False
TT07138,U01337,CR00026,2025-01-18,0.0,Bank Transfer,TC00042,False
TT07139,U01343,CR00039,2025-10-28,346.71,Bank Transfer,TC00040,True
TT07140,U01344,CR00060,2025-02-22,0.0,Credit Card,TC00042,False
TT07141,U01346,CR00035,2025-09-02,0.0,Bank Transfer,TC00040,False
TT07142,U01347,CR00015,2025-05-10,285.05,PayPal,TC00040,True
TT07143,U01350,CR00033,2025-11-23,0.0,Bank Transfer,TC00040,False
TT07144,U01352,CR00043,2025-04-30,0.0,Credit Card,TC00040,False
TT07145,U01355,CR00014,2025-01-13,0.0,PayPal,TC00042,False
TT07146,U01365,CR00002,2025-05-30,0.0,Bank Transfer,TC00040,False
TT07147,U01375,CR00040,2025-07-30,327.99,Credit Card,TC00042,True
TT07148,U01394,CR00048,2025-04-06,0.0,Bank Transfer,TC00042,False
TT07149,U01395,CR00007,2025-04-26,0.0,PayPal,TC00040,False
TT07150,U01397,CR00002,2025-02-02,0.0,Credit Card,TC00042,False
TT07151,U01399,CR00046,2025-06-19,248.1,PayPal,TC00042,True
TT07152,U01405,CR00029,2025-09-12,0.0,PayPal,TC00042,False
TT07153,U01411,CR00023,2025-01-18,0.0,Bank Transfer,TC00042,False
TT07154,U01414,CR00024,2025-07-16,117.68,Bank Transfer,TC00040,True
TT07155,U01430,CR00057,2025-06-16,177.34,Bank Transfer,TC00040,True
TT07156,U01432,CR00006,2025-04-08,276.37,PayPal,TC00040,True
TT07157,U01435,CR00010,2025-09-01,0.0,Credit Card,TC00040,False
TT07158,U01450,CR00034,2025-09-07,394.26,Bank Transfer,TC00040,True
TT07159,U01451,CR00050,2025-04-10,490.9,PayPal,TC00042,True
TT07160,U01455,CR00060,2025-07-26,0.0,Credit Card,TC00042,False
TT07161,U01460,CR00053,2025-08-05,0.0,Credit Card,TC00040,False
TT07162,U01463,CR00049,2025-05-13,415.51,Bank Transfer,TC00040,True
TT07163,U01472,CR00048,2025-10-14,0.0,Bank Transfer,TC00042,False
TT07164,U01473,CR00041,2025-08-13,53.86,Bank Transfer,TC00042,True
TT07165,U01475,CR00047,2025-01-12,89.59,PayPal,TC00040,True
TT07166,U01488,CR00030,2025-05-24,0.0,PayPal,TC00042,False
TT07167,U01496,CR00026,2025-08-09,0.0,Credit Card,TC00042,False
TT07168,U01497,CR00004,2025-11-25,0.0,Credit Card,TC00040,False
TT07169,U01500,CR00048,2025-03-15,0.0,Bank Transfer,TC00040,False
TT07170,U01506,CR00008,2025-09-27,0.0,Credit Card,TC00042,False
TT07171,U01511,CR00003,2025-09-05,0.0,Bank Transfer,TC00042,False
TT07172,U01512,CR00060,2025-12-03,0.0,Bank Transfer,TC00040,False
TT07173,U01517,CR00035,2025-12-21,0.0,Bank Transfer,TC00040,False
TT07174,U01522,CR00003,2025-07-03,0.0,Credit Card,TC00042,False
TT07175,U01526,CR00012,2025-03-03,487.92,PayPal,TC00040,True
TT07176,U01528,CR00001,2025-07-30,472.28,Bank Transfer,TC00040,True
TT07177,U01530,CR00045,2025-03-01,0.0,Credit Card,TC00040,False
TT07178,U01531,CR00037,2025-01-10,0.0,Bank Transfer,TC00042,False
TT07179,U01536,CR00003,2025-08-03,0.0,Credit Card,TC00040,False
TT07180,U01543,CR00037,2025-07-10,0.0,Credit Card,TC00042,False
TT07181,U01553,CR00019,2025-06-23,0.0,Bank Transfer,TC00042,False
TT07182,U01578,CR00046,2025-11-27,248.1,Credit Card,TC00040,True
TT07183,U01586,CR00017,2025-07-16,0.0,Credit Card,TC00042,False
TT07184,U01628,CR00017,2025-03-25,0.0,Bank Transfer,TC00040,False
TT07185,U01635,CR00057,2025-08-05,177.34,Bank Transfer,TC00042,True
TT07186,U01647,CR00049,2025-09-06,415.51,Credit Card,TC00042,True
TT07187,U01649,CR00053,2025-09-20,0.0,Credit Card,TC00040,False
TT07188,U01654,CR00004,2025-09-05,0.0,Bank Transfer,TC00042,False
TT07189,U01662,CR00020,2025-05-16,0.0,Credit Card,TC00042,False
TT07190,U01666,CR00018,2025-05-19,0.0,Bank Transfer,TC00040,False
TT07191,U01671,CR00024,2025-09-05,117.68,PayPal,TC00040,True
TT07192,U01674,CR00045,2025-09-27,0.0,Bank Transfer,TC00040,False
TT07193,U01692,CR00025,2025-11-13,299.57,Credit Card,TC00042,True
TT07194,U01695,CR00006,2025-08-23,276.37,Bank Transfer,TC00042,True
TT07195,U01702,CR00056,2025-04-18,212.39,Bank Transfer,TC00040,True
TT07196,U01708,CR00043,2025-04-07,0.0,Credit Card,TC00040,False
TT07197,U01720,CR00040,2025-07-28,327.99,Credit Card,TC00040,True
TT07198,U01721,CR00048,2025-04-05,0.0,Bank Transfer,TC00040,False
TT07199,U01724,CR00014,2025-01-01,0.0,PayPal,TC00042,False
TT07200,U01726,CR00054,2025-07-25,0.0,Credit Card,TC00042,False
TT07201,U01729,CR00013,2025-05-11,0.0,PayPal,TC00042,False
TT07202,U01745,CR00038,2025-04-17,342.61,PayPal,TC00042,True
TT07203,U01746,CR00037,2025-06-14,0.0,PayPal,TC00042,False
TT07204,U01762,CR00055,2025-07-26,57.32,Credit Card,TC00040,True
TT07205,U01773,CR00017,2025-09-23,0.0,Bank Transfer,TC00042,False
TT07206,U01789,CR00021,2025-11-05,0.0,Bank Transfer,TC00040,False
TT07207,U01795,CR00003,2025-08-21,0.0,Bank Transfer,TC00040,False
TT07208,U01805,CR00047,2025-06-08,89.59,Credit Card,TC00040,True
TT07209,U01809,CR00035,2025-09-03,0.0,PayPal,TC00040,False
TT07210,U01810,CR00029,2025-09-02,0.0,Bank Transfer,TC00042,False
TT07211,U01812,CR00035,2025-06-05,0.0,Credit Card,TC00040,False
TT07212,U01820,CR00042,2025-07-30,0.0,PayPal,TC00040,False
TT07213,U01822,CR00030,2025-09-14,0.0,Credit Card,TC00042,False
TT07214,U01825,CR00020,2025-11-04,0.0,Credit Card,TC00040,False
TT07215,U01840,CR00036,2025-01-28,0.0,Credit Card,TC00040,False
TT07216,U01854,CR00011,2025-09-20,326.02,Credit Card,TC00042,True
TT07217,U01867,CR00041,2025-06-06,53.86,PayPal,TC00042,True
TT07218,U01871,CR00033,2025-05-30,0.0,PayPal,TC00040,False
TT07219,U01872,CR00008,2025-07-17,0.0,Credit Card,TC00042,False
TT07220,U01877,CR00050,2025-03-17,490.9,Bank Transfer,TC00040,True
TT07221,U01879,CR00049,2025-10-01,415.51,Credit Card,TC00042,True
TT07222,U01900,CR00053,2025-09-17,0.0,PayPal,TC00040,False
TT07223,U01903,CR00047,2025-09-09,89.59,Credit Card,TC00042,True
TT07224,U01906,CR00008,2025-06-11,0.0,Bank Transfer,TC00040,False
TT07225,U01917,CR00031,2025-06-27,0.0,Credit Card,TC00040,False
TT07226,U01918,CR00008,2025-02-08,0.0,PayPal,TC00040,False
TT07227,U01920,CR00012,2025-02-10,487.92,PayPal,TC00042,True
TT07228,U01926,CR00030,2025-05-02,0.0,PayPal,TC00042,False
TT07229,U01929,CR00040,2025-06-09,327.99,Bank Transfer,TC00042,True
TT07230,U01943,CR00033,2025-01-25,0.0,Bank Transfer,TC00040,False
TT07231,U01953,CR00021,2025-09-21,0.0,Credit Card,TC00040,False
TT07232,U01958,CR00055,2025-10-23,57.32,PayPal,TC00042,True
TT07233,U01959,CR00034,2025-11-19,394.26,Credit Card,TC00040,True
TT07234,U01961,CR00047,2025-11-16,89.59,Bank Transfer,TC00042,True
TT07235,U01962,CR00001,2025-06-22,472.28,Bank Transfer,TC00040,True
TT07236,U01979,CR00009,2025-07-20,0.0,Bank Transfer,TC00042,False
TT07237,U01987,CR00005,2025-12-16,0.0,PayPal,TC00040,False
TT07238,U01989,CR00018,2025-09-09,0.0,Credit Card,TC00040,False
TT07239,U01993,CR00001,2025-09-29,472.28,Bank Transfer,TC00042,True
TT07240,U01994,CR00048,2025-07-19,0.0,Credit Card,TC00040,False
TT07241,U01998,CR00030,2025-06-29,0.0,Credit Card,TC00042,False
TT07242,U02010,CR00056,2025-01-14,212.39,Bank Transfer,TC00040,True
TT07243,U02015,CR00043,2025-03-19,0.0,Bank Transfer,TC00040,False
TT07244,U02022,CR00041,2025-04-26,53.86,PayPal,TC00040,True
TT07245,U02035,CR00008,2025-06-03,0.0,Bank Transfer,TC00040,False
TT07246,U02039,CR00057,2025-01-07,177.34,Credit Card,TC00040,True
TT07247,U02058,CR00026,2025-08-28,0.0,Bank Transfer,TC00042,False
TT07248,U02064,CR00024,2025-11-06,117.68,Credit Card,TC00042,True
TT07249,U02068,CR00025,2025-04-22,299.57,PayPal,TC00042,True
TT07250,U02071,CR00013,2025-03-17,0.0,PayPal,TC00042,False
TT07251,U02077,CR00020,2025-06-06,0.0,PayPal,TC00042,False
TT07252,U02094,CR00058,2025-01-22,0.0,Credit Card,TC00040,False
TT07253,U02096,CR00038,2025-03-26,342.61,Credit Card,TC00040,True
TT07254,U02098,CR00014,2025-10-02,0.0,PayPal,TC00040,False
TT07255,U02125,CR00025,2025-07-12,299.57,Bank Transfer,TC00040,True
TT07256,U02144,CR00001,2025-08-12,472.28,Credit Card,TC00042,True
TT07257,U02147,CR00024,2025-12-04,117.68,PayPal,TC00040,True
TT07258,U02149,CR00017,2025-01-29,0.0,Credit Card,TC00040,False
TT07259,U02151,CR00020,2025-03-08,0.0,PayPal,TC00042,False
TT07260,U02153,CR00051,2025-04-06,37.89,PayPal,TC00042,True
TT07261,U02155,CR00041,2025-07-05,53.86,Credit Card,TC00040,True
TT07262,U02161,CR00012,2025-10-12,487.92,PayPal,TC00042,True
TT07263,U02174,CR00038,2025-12-28,342.61,Credit Card,TC00040,True
TT07264,U02199,CR00015,2025-10-14,285.05,Bank Transfer,TC00040,True
TT07265,U02212,CR00060,2025-04-03,0.0,PayPal,TC00040,False
TT07266,U02215,CR00043,2025-03-17,0.0,Bank Transfer,TC00042,False
TT07267,U02217,CR00013,2025-04-03,0.0,PayPal,TC00040,False
TT07268,U02224,CR00002,2025-12-05,0.0,Bank Transfer,TC00042,False
TT07269,U02231,CR00052,2025-02-13,0.0,PayPal,TC00040,False
TT07270,U02248,CR00008,2025-11-03,0.0,PayPal,TC00040,False
TT07271,U02250,CR00016,2025-07-18,0.0,Credit Card,TC00042,False
TT07272,U02254,CR00029,2025-05-03,0.0,Bank Transfer,TC00042,False
TT07273,U02258,CR00033,2025-06-18,0.0,PayPal,TC00040,False
TT07274,U02284,CR00059,2025-09-13,0.0,PayPal,TC00040,False
TT07275,U02288,CR00004,2025-06-26,0.0,PayPal,TC00040,False
TT07276,U02290,CR00035,2025-07-30,0.0,Bank Transfer,TC00040,False
TT07277,U02300,CR00005,2025-12-14,0.0,Bank Transfer,TC00040,False
TT07278,U02301,CR00005,2025-05-18,0.0,Credit Card,TC00040,False
TT07279,U02306,CR00049,2025-12-23,415.51,Bank Transfer,TC00040,True
TT07280,U02336,CR00024,2025-04-25,117.68,Credit Card,TC00040,True
TT07281,U02337,CR00001,2025-10-15,472.28,Credit Card,TC00042,True
TT07282,U02344,CR00003,2025-08-06,0.0,PayPal,TC00042,False
TT07283,U02345,CR00012,2025-05-30,487.92,Credit Card,TC00040,True
TT07284,U02349,CR00007,2025-09-11,0.0,PayPal,TC00040,False
TT07285,U02370,CR00021,2025-03-22,0.0,Credit Card,TC00042,False
TT07286,U02371,CR00035,2025-03-19,0.0,PayPal,TC00040,False
TT07287,U02410,CR00039,2025-06-16,346.71,PayPal,TC00042,True
TT07288,U02427,CR00051,2025-03-08,37.89,PayPal,TC00042,True
TT07289,U02432,CR00054,2025-08-29,0.0,PayPal,TC00042,False
TT07290,U02445,CR00024,2025-03-20,117.68,PayPal,TC00042,True
TT07291,U02459,CR00029,2025-04-13,0.0,PayPal,TC00042,False
TT07292,U02485,CR00026,2025-12-26,0.0,Credit Card,TC00042,False
TT07293,U02490,CR00028,2025-08-25,0.78,PayPal,TC00042,True
TT07294,U02512,CR00044,2025-07-16,119.04,PayPal,TC00040,True
TT07295,U02537,CR00050,2025-07-05,490.9,PayPal,TC00040,True
TT07296,U02541,CR00010,2025-04-29,0.0,PayPal,TC00040,False
TT07297,U02542,CR00017,2025-05-04,0.0,Bank Transfer,TC00040,False
TT07298,U02564,CR00044,2025-06-03,119.04,Credit Card,TC00042,True
TT07299,U02566,CR00060,2025-09-29,0.0,PayPal,TC00042,False
TT07300,U02582,CR00022,2025-01-05,0.0,Credit Card,TC00040,False
TT07301,U02583,CR00029,2025-05-08,0.0,Credit Card,TC00042,False
TT07302,U02593,CR00050,2025-03-28,490.9,PayPal,TC00040,True
TT07303,U02602,CR00037,2025-10-24,0.0,Bank Transfer,TC00040,False
TT07304,U02605,CR00035,2025-12-15,0.0,Bank Transfer,TC00040,False
TT07305,U02612,CR00026,2025-11-17,0.0,Bank Transfer,TC00042,False
TT07306,U02614,CR00060,2025-12-03,0.0,PayPal,TC00040,False
TT07307,U02616,CR00016,2025-10-30,0.0,PayPal,TC00042,False
TT07308,U02633,CR00043,2025-07-19,0.0,PayPal,TC00040,False
TT07309,U02643,CR00022,2025-01-29,0.0,Bank Transfer,TC00040,False
TT07310,U02645,CR00039,2025-12-27,346.71,Bank Transfer,TC00042,True
TT07311,U02651,CR00019,2025-03-06,0.0,PayPal,TC00042,False
TT07312,U02663,CR00027,2025-06-01,0.0,PayPal,TC00042,False
TT07313,U02683,CR00006,2025-04-08,276.37,Credit Card,TC00040,True
TT07314,U02684,CR00017,2025-03-13,0.0,Bank Transfer,TC00042,False
TT07315,U02698,CR00045,2025-03-27,0.0,Credit Card,TC00042,False
TT07316,U02709,CR00046,2025-04-07,248.1,Credit Card,TC00042,True
TT07317,U02733,CR00049,2025-11-28,415.51,Bank Transfer,TC00042,True
TT07318,U02743,CR00025,2025-03-01,299.57,PayPal,TC00040,True
TT07319,U02754,CR00032,2025-08-30,0.0,PayPal,TC00040,False
TT07320,U02770,CR00025,2025-12-30,299.57,Credit Card,TC00040,True
TT07321,U02775,CR00021,2025-03-07,0.0,Bank Transfer,TC00042,False
TT07322,U02786,CR00025,2025-12-05,299.57,Bank Transfer,TC00040,True
TT07323,U02788,CR00044,2025-07-16,119.04,PayPal,TC00042,True
TT07324,U02791,CR00044,2025-04-19,119.04,Credit Card,TC00040,True
TT07325,U02792,CR00051,2025-05-27,37.89,Bank Transfer,TC00042,True
TT07326,U02793,CR00018,2025-08-19,0.0,Bank Transfer,TC00042,False
TT07327,U02825,CR00044,2025-09-04,119.04,PayPal,TC00042,True
TT07328,U02843,CR00019,2025-12-10,0.0,PayPal,TC00040,False
TT07329,U02844,CR00006,2025-11-13,276.37,Credit Card,TC00040,True
TT07330,U02850,CR00009,2025-10-13,0.0,Credit Card,TC00040,False
TT07331,U02857,CR00037,2025-08-25,0.0,Bank Transfer,TC00040,False
TT07332,U02874,CR00055,2025-08-15,57.32,Bank Transfer,TC00040,True
TT07333,U02899,CR00058,2025-09-21,0.0,PayPal,TC00040,False
TT07334,U02909,CR00049,2025-01-21,415.51,Credit Card,TC00042,True
TT07335,U02915,CR00004,2025-07-07,0.0,Bank Transfer,TC00042,False
TT07336,U02916,CR00049,2025-10-02,415.51,Credit Card,TC00042,True
TT07337,U02927,CR00011,2025-10-27,326.02,PayPal,TC00042,True
TT07338,U02931,CR00044,2025-03-27,119.04,Bank Transfer,TC00040,True
TT07339,U02941,CR00060,2025-10-15,0.0,Bank Transfer,TC00042,False
TT07340,U02947,CR00031,2025-08-08,0.0,PayPal,TC00040,False
TT07341,U02958,CR00022,2025-02-08,0.0,PayPal,TC00040,False
TT07342,U02969,CR00003,2025-10-23,0.0,Bank Transfer,TC00042,False
TT07343,U02971,CR00007,2025-04-11,0.0,Credit Card,TC00040,False
TT07344,U02974,CR00021,2025-08-15,0.0,Bank Transfer,TC00042,False
TT07345,U02976,CR00019,2025-01-10,0.0,Bank Transfer,TC00042,False
TT07346,U02980,CR00039,2025-07-15,346.71,Credit Card,TC00042,True
TT07347,U02981,CR00042,2025-02-01,0.0,PayPal,TC00042,False
TT07348,U02984,CR00027,2025-11-01,0.0,PayPal,TC00042,False
TT07349,U02989,CR00041,2025-12-30,53.86,PayPal,TC00040,True
TT07350,U02992,CR00001,2025-10-08,472.28,PayPal,TC00042,True
TT07351,U02994,CR00025,2025-05-01,299.57,PayPal,TC00042,True
TT07352,U00004,CR00038,2025-08-21,342.61,Bank Transfer,TC00040,True
TT07353,U00013,CR00039,2025-11-08,346.71,Bank Transfer,TC00042,True
TT07354,U00018,CR00026,2025-11-22,0.0,Credit Card,TC00042,False
TT07355,U00045,CR00004,2025-07-20,0.0,PayPal,TC00040,False
TT07356,U00055,CR00048,2025-07-06,0.0,Bank Transfer,TC00042,False
TT07357,U00071,CR00054,2025-02-26,0.0,PayPal,TC00040,False
TT07358,U00083,CR00047,2025-11-19,89.59,PayPal,TC00042,True
TT07359,U00085,CR00043,2025-01-09,0.0,Credit Card,TC00040,False
TT07360,U00109,CR00020,2025-12-06,0.0,Bank Transfer,TC00040,False
TT07361,U00112,CR00052,2025-12-22,0.0,PayPal,TC00042,False
TT07362,U00117,CR00055,2025-09-01,57.32,Credit Card,TC00040,True
TT07363,U00126,CR00058,2025-12-03,0.0,Bank Transfer,TC00042,False
TT07364,U00128,CR00060,2025-05-08,0.0,Bank Transfer,TC00040,False
TT07365,U00133,CR00025,2025-12-30,299.57,Bank Transfer,TC00042,True
TT07366,U00134,CR00022,2025-10-14,0.0,PayPal,TC00040,False
TT07367,U00144,CR00018,2025-04-15,0.0,Credit Card,TC00040,False
TT07368,U00147,CR00058,2025-05-21,0.0,PayPal,TC00042,False
TT07369,U00152,CR00052,2025-01-19,0.0,Credit Card,TC00040,False
TT07370,U00166,CR00053,2025-12-06,0.0,Credit Card,TC00042,False
TT07371,U00173,CR00043,2025-09-16,0.0,Bank Transfer,TC00040,False
TT07372,U00178,CR00060,2025-06-30,0.0,Credit Card,TC00042,False
TT07373,U00191,CR00001,2025-01-16,472.28,PayPal,TC00042,True
TT07374,U00192,CR00051,2025-11-07,37.89,PayPal,TC00042,True
TT07375,U00208,CR00024,2025-02-24,117.68,Credit Card,TC00042,True
TT07376,U00216,CR00002,2025-01-16,0.0,Bank Transfer,TC00042,False
TT07377,U00220,CR00022,2025-07-15,0.0,Bank Transfer,TC00042,False
TT07378,U00238,CR00050,2025-10-24,490.9,Bank Transfer,TC00040,True
TT07379,U00251,CR00038,2025-12-26,342.61,Bank Transfer,TC00040,True
TT07380,U00260,CR00010,2025-05-03,0.0,Credit Card,TC00040,False
TT07381,U00265,CR00056,2025-04-30,212.39,Bank Transfer,TC00040,True
TT07382,U00272,CR00055,2025-08-25,57.32,Bank Transfer,TC00042,True
TT07383,U00282,CR00045,2025-04-17,0.0,Credit Card,TC00042,False
TT07384,U00292,CR00002,2025-08-15,0.0,Credit Card,TC00042,False
TT07385,U00293,CR00045,2025-03-04,0.0,Bank Transfer,TC00040,False
TT07386,U00301,CR00057,2025-09-03,177.34,Credit Card,TC00040,True
TT07387,U00303,CR00027,2025-04-20,0.0,Credit Card,TC00042,False
TT07388,U00310,CR00024,2025-04-06,117.68,Bank Transfer,TC00042,True
TT07389,U00315,CR00012,2025-09-12,487.92,Bank Transfer,TC00040,True
TT07390,U00321,CR00046,2025-02-27,248.1,Credit Card,TC00042,True
TT07391,U00322,CR00021,2025-09-14,0.0,PayPal,TC00040,False
TT07392,U00323,CR00010,2025-09-17,0.0,Bank Transfer,TC00040,False
TT07393,U00329,CR00029,2025-07-02,0.0,Credit Card,TC00042,False
TT07394,U00330,CR00033,2025-03-23,0.0,PayPal,TC00040,False
TT07395,U00334,CR00022,2025-09-12,0.0,PayPal,TC00040,False
TT07396,U00338,CR00003,2025-07-16,0.0,PayPal,TC00042,False
TT07397,U00339,CR00023,2025-05-25,0.0,Credit Card,TC00042,False
TT07398,U00340,CR00002,2025-03-14,0.0,Credit Card,TC00042,False
TT07399,U00345,CR00050,2025-06-23,490.9,Credit Card,TC00042,True
TT07400,U00351,CR00018,2025-06-24,0.0,Bank Transfer,TC00042,False
TT07401,U00352,CR00016,2025-01-21,0.0,Bank Transfer,TC00042,False
TT07402,U00353,CR00057,2025-11-13,177.34,Credit Card,TC00040,True
TT07403,U00356,CR00030,2025-07-13,0.0,PayPal,TC00042,False
TT07404,U00357,CR00003,2025-05-28,0.0,Bank Transfer,TC00040,False
TT07405,U00365,CR00057,2025-12-26,177.34,PayPal,TC00040,True
TT07406,U00379,CR00005,2025-07-24,0.0,PayPal,TC00040,False
TT07407,U00383,CR00012,2025-03-03,487.92,Credit Card,TC00042,True
TT07408,U00394,CR00009,2025-02-23,0.0,Credit Card,TC00042,False
TT07409,U00404,CR00044,2025-02-03,119.04,Credit Card,TC00040,True
TT07410,U00406,CR00040,2025-05-06,327.99,Credit Card,TC00042,True
TT07411,U00407,CR00003,2025-02-17,0.0,Credit Card,TC00040,False
TT07412,U00411,CR00054,2025-05-26,0.0,Credit Card,TC00042,False
TT07413,U00415,CR00044,2025-06-29,119.04,Credit Card,TC00040,True
TT07414,U00423,CR00003,2025-11-27,0.0,PayPal,TC00040,False
TT07415,U00424,CR00028,2025-04-30,0.78,Bank Transfer,TC00042,True
TT07416,U00427,CR00008,2025-11-09,0.0,Bank Transfer,TC00042,False
TT07417,U00438,CR00025,2025-06-25,299.57,PayPal,TC00042,True
TT07418,U00444,CR00047,2025-12-29,89.59,Credit Card,TC00042,True
TT07419,U00449,CR00019,2025-12-19,0.0,PayPal,TC00040,False
TT07420,U00450,CR00020,2025-09-14,0.0,PayPal,TC00042,False
TT07421,U00464,CR00007,2025-09-16,0.0,Credit Card,TC00042,False
TT07422,U00494,CR00004,2025-10-30,0.0,Bank Transfer,TC00042,False
TT07423,U00543,CR00019,2025-02-12,0.0,Bank Transfer,TC00040,False
TT07424,U00556,CR00027,2025-02-01,0.0,Bank Transfer,TC00042,False
TT07425,U00559,CR00046,2025-05-25,248.1,Bank Transfer,TC00042,True
TT07426,U00562,CR00005,2025-06-13,0.0,PayPal,TC00042,False
TT07427,U00569,CR00054,2025-10-13,0.0,Credit Card,TC00042,False
TT07428,U00570,CR00059,2025-12-27,0.0,Bank Transfer,TC00042,False
TT07429,U00572,CR00057,2025-01-17,177.34,Bank Transfer,TC00040,True
TT07430,U00573,CR00025,2025-10-04,299.57,Bank Transfer,TC00042,True
TT07431,U00574,CR00051,2025-01-10,37.89,Bank Transfer,TC00042,True
TT07432,U00576,CR00043,2025-12-18,0.0,Credit Card,TC00040,False
TT07433,U00584,CR00044,2025-04-24,119.04,PayPal,TC00040,True
TT07434,U00592,CR00020,2025-08-07,0.0,Bank Transfer,TC00042,False
TT07435,U00595,CR00060,2025-08-02,0.0,Credit Card,TC00040,False
TT07436,U00604,CR00042,2025-07-07,0.0,Bank Transfer,TC00042,False
TT07437,U00619,CR00038,2025-04-21,342.61,PayPal,TC00042,True
TT07438,U00622,CR00007,2025-05-22,0.0,Credit Card,TC00040,False
TT07439,U00633,CR00012,2025-04-14,487.92,Credit Card,TC00042,True
TT07440,U00636,CR00019,2025-09-14,0.0,PayPal,TC00040,False
TT07441,U00639,CR00044,2025-07-09,119.04,Bank Transfer,TC00042,True
TT07442,U00666,CR00057,2025-03-30,177.34,Bank Transfer,TC00040,True
TT07443,U00687,CR00006,2025-11-21,276.37,PayPal,TC00042,True
TT07444,U00701,CR00031,2025-06-21,0.0,Bank Transfer,TC00040,False
TT07445,U00704,CR00047,2025-11-09,89.59,Credit Card,TC00040,True
TT07446,U00723,CR00004,2025-01-27,0.0,Credit Card,TC00042,False
TT07447,U00724,CR00008,2025-10-29,0.0,PayPal,TC00040,False
TT07448,U00752,CR00009,2025-09-14,0.0,Bank Transfer,TC00042,False
TT07449,U00765,CR00034,2025-03-19,394.26,PayPal,TC00040,True
TT07450,U00767,CR00002,2025-04-29,0.0,PayPal,TC00040,False
TT07451,U00772,CR00032,2025-06-18,0.0,PayPal,TC00040,False
TT07452,U00775,CR00057,2025-09-03,177.34,PayPal,TC00040,True
TT07453,U00819,CR00036,2025-09-09,0.0,Credit Card,TC00040,False
TT07454,U00821,CR00060,2025-12-08,0.0,Bank Transfer,TC00040,False
TT07455,U00829,CR00032,2025-08-09,0.0,Credit Card,TC00040,False
TT07456,U00836,CR00020,2025-10-19,0.0,Credit Card,TC00040,False
TT07457,U00838,CR00050,2025-03-13,490.9,PayPal,TC00042,True
TT07458,U00850,CR00038,2025-06-02,342.61,Bank Transfer,TC00042,True
TT07459,U00852,CR00037,2025-08-16,0.0,Bank Transfer,TC00042,False
TT07460,U00858,CR00053,2025-09-07,0.0,Bank Transfer,TC00042,False
TT07461,U00870,CR00021,2025-11-07,0.0,Bank Transfer,TC00042,False
TT07462,U00874,CR00055,2025-05-01,57.32,PayPal,TC00042,True
TT07463,U00876,CR00017,2025-02-26,0.0,Credit Card,TC00042,False
TT07464,U00881,CR00011,2025-01-27,326.02,Bank Transfer,TC00042,True
TT07465,U00893,CR00034,2025-08-27,394.26,Credit Card,TC00040,True
TT07466,U00898,CR00024,2025-11-25,117.68,Credit Card,TC00040,True
TT07467,U00907,CR00015,2025-05-26,285.05,Credit Card,TC00042,True
TT07468,U00915,CR00004,2025-09-05,0.0,PayPal,TC00040,False
TT07469,U00917,CR00018,2025-04-23,0.0,Bank Transfer,TC00042,False
TT07470,U00928,CR00022,2025-11-19,0.0,PayPal,TC00042,False
TT07471,U00959,CR00034,2025-02-16,394.26,PayPal,TC00040,True
TT07472,U00967,CR00007,2025-01-20,0.0,Credit Card,TC00042,False
TT07473,U00976,CR00039,2025-07-27,346.71,Bank Transfer,TC00042,True
TT07474,U00981,CR00008,2025-03-09,0.0,PayPal,TC00042,False
TT07475,U00989,CR00015,2025-06-11,285.05,Bank Transfer,TC00040,True
TT07476,U00997,CR00019,2025-04-17,0.0,Bank Transfer,TC00042,False
TT07477,U01000,CR00003,2025-01-13,0.0,Bank Transfer,TC00040,False
TT07478,U01015,CR00023,2025-08-05,0.0,Credit Card,TC00040,False
TT07479,U01020,CR00011,2025-03-19,326.02,Bank Transfer,TC00040,True
TT07480,U01022,CR00053,2025-04-23,0.0,Bank Transfer,TC00042,False
TT07481,U01032,CR00012,2025-06-09,487.92,PayPal,TC00042,True
TT07482,U01033,CR00025,2025-09-12,299.57,PayPal,TC00042,True
TT07483,U01034,CR00045,2025-05-05,0.0,Credit Card,TC00042,False
TT07484,U01066,CR00027,2025-07-24,0.0,PayPal,TC00042,False
TT07485,U01079,CR00030,2025-04-11,0.0,Credit Card,TC00042,False
TT07486,U01083,CR00001,2025-03-11,472.28,Credit Card,TC00042,True
TT07487,U01084,CR00045,2025-08-03,0.0,Credit Card,TC00042,False
TT07488,U01092,CR00039,2025-05-27,346.71,Credit Card,TC00042,True
TT07489,U01096,CR00023,2025-01-23,0.0,Bank Transfer,TC00042,False
TT07490,U01123,CR00052,2025-11-13,0.0,Credit Card,TC00042,False
TT07491,U01143,CR00047,2025-03-19,89.59,Bank Transfer,TC00040,True
TT07492,U01146,CR00043,2025-01-07,0.0,Credit Card,TC00042,False
TT07493,U01151,CR00018,2025-02-26,0.0,Credit Card,TC00040,False
TT07494,U01158,CR00036,2025-08-02,0.0,PayPal,TC00042,False
TT07495,U01163,CR00010,2025-12-02,0.0,Credit Card,TC00042,False
TT07496,U01167,CR00053,2025-05-09,0.0,Credit Card,TC00040,False
TT07497,U01170,CR00039,2025-08-07,346.71,Credit Card,TC00042,True
TT07498,U01177,CR00041,2025-12-16,53.86,PayPal,TC00040,True
TT07499,U01180,CR00027,2025-11-04,0.0,Credit Card,TC00042,False
TT07500,U01197,CR00031,2025-07-05,0.0,Credit Card,TC00040,False
TT07501,U01203,CR00056,2025-03-15,212.39,Bank Transfer,TC00040,True
TT07502,U01224,CR00032,2025-06-29,0.0,Credit Card,TC00040,False
TT07503,U01231,CR00036,2025-12-30,0.0,Bank Transfer,TC00042,False
TT07504,U01233,CR00026,2025-01-09,0.0,Credit Card,TC00042,False
TT07505,U01235,CR00045,2025-11-17,0.0,Bank Transfer,TC00040,False
TT07506,U01239,CR00018,2025-01-04,0.0,PayPal,TC00042,False
TT07507,U01244,CR00045,2025-09-23,0.0,Bank Transfer,TC00042,False
TT07508,U01249,CR00054,2025-08-03,0.0,Bank Transfer,TC00042,False
TT07509,U01261,CR00039,2025-05-26,346.71,Credit Card,TC00042,True
TT07510,U01266,CR00013,2025-02-11,0.0,PayPal,TC00042,False
TT07511,U01268,CR00023,2025-07-13,0.0,PayPal,TC00040,False
TT07512,U01277,CR00020,2025-08-07,0.0,Bank Transfer,TC00042,False
TT07513,U01280,CR00051,2025-03-01,37.89,Bank Transfer,TC00042,True
TT07514,U01284,CR00005,2025-01-07,0.0,PayPal,TC00040,False
TT07515,U01286,CR00025,2025-12-09,299.57,PayPal,TC00040,True
TT07516,U01287,CR00002,2025-03-24,0.0,Credit Card,TC00040,False
TT07517,U01290,CR00054,2025-11-25,0.0,Bank Transfer,TC00042,False
TT07518,U01315,CR00010,2025-07-06,0.0,Bank Transfer,TC00040,False
TT07519,U01318,CR00027,2025-05-27,0.0,Bank Transfer,TC00042,False
TT07520,U01321,CR00041,2025-07-26,53.86,Bank Transfer,TC00042,True
TT07521,U01322,CR00059,2025-05-22,0.0,Credit Card,TC00040,False
TT07522,U01331,CR00019,2025-06-11,0.0,Credit Card,TC00042,False
TT07523,U01332,CR00040,2025-09-05,327.99,Credit Card,TC00042,True
TT07524,U01334,CR00052,2025-10-05,0.0,Bank Transfer,TC00042,False
TT07525,U01336,CR00060,2025-12-12,0.0,PayPal,TC00040,False
TT07526,U01337,CR00058,2025-04-20,0.0,PayPal,TC00040,False
TT07527,U01343,CR00041,2025-02-04,53.86,Credit Card,TC00040,True
TT07528,U01344,CR00018,2025-08-26,0.0,Bank Transfer,TC00040,False
TT07529,U01346,CR00048,2025-08-29,0.0,PayPal,TC00042,False
TT07530,U01347,CR00049,2025-02-15,415.51,PayPal,TC00042,True
TT07531,U01355,CR00028,2025-05-22,0.78,PayPal,TC00042,True
TT07532,U01365,CR00046,2025-02-20,248.1,Bank Transfer,TC00040,True
TT07533,U01375,CR00059,2025-02-25,0.0,Bank Transfer,TC00040,False
TT07534,U01394,CR00025,2025-10-16,299.57,Bank Transfer,TC00040,True
TT07535,U01395,CR00021,2025-11-06,0.0,Credit Card,TC00040,False
TT07536,U01399,CR00048,2025-01-07,0.0,Credit Card,TC00040,False
TT07537,U01405,CR00044,2025-06-17,119.04,Credit Card,TC00040,True
TT07538,U01414,CR00057,2025-01-28,177.34,Bank Transfer,TC00040,True
TT07539,U01429,CR00009,2025-10-07,0.0,Bank Transfer,TC00042,False
TT07540,U01430,CR00028,2025-08-26,0.78,Credit Card,TC00042,True
TT07541,U01432,CR00057,2025-09-21,177.34,Bank Transfer,TC00040,True
TT07542,U01435,CR00056,2025-01-21,212.39,Credit Card,TC00040,True
TT07543,U01445,CR00051,2025-02-09,37.89,Bank Transfer,TC00040,True
TT07544,U01450,CR00047,2025-06-16,89.59,Bank Transfer,TC00040,True
TT07545,U01451,CR00016,2025-01-01,0.0,Credit Card,TC00040,False
TT07546,U01455,CR00026,2025-02-28,0.0,Bank Transfer,TC00042,False
TT07547,U01460,CR00030,2025-05-17,0.0,PayPal,TC00042,False
TT07548,U01463,CR00044,2025-02-13,119.04,Bank Transfer,TC00042,True
TT07549,U01472,CR00011,2025-04-24,326.02,PayPal,TC00040,True
TT07550,U01473,CR00001,2025-11-14,472.28,PayPal,TC00042,True
TT07551,U01475,CR00015,2025-10-11,285.05,Credit Card,TC00042,True
TT07552,U01488,CR00026,2025-12-20,0.0,PayPal,TC00042,False
TT07553,U01496,CR00017,2025-07-29,0.0,Bank Transfer,TC00040,False
TT07554,U01497,CR00010,2025-10-10,0.0,Bank Transfer,TC00040,False
TT07555,U01506,CR00021,2025-08-17,0.0,PayPal,TC00042,False
TT07556,U01511,CR00006,2025-05-05,276.37,Credit Card,TC00040,True
TT07557,U01517,CR00010,2025-04-01,0.0,Credit Card,TC00040,False
TT07558,U01522,CR00021,2025-10-19,0.0,PayPal,TC00040,False
TT07559,U01526,CR00048,2025-02-03,0.0,PayPal,TC00042,False
TT07560,U01528,CR00018,2025-01-23,0.0,Bank Transfer,TC00042,False
TT07561,U01530,CR00023,2025-07-29,0.0,Credit Card,TC00040,False
TT07562,U01531,CR00021,2025-10-19,0.0,PayPal,TC00042,False
TT07563,U01536,CR00034,2025-09-06,394.26,Bank Transfer,TC00040,True
TT07564,U01543,CR00048,2025-02-24,0.0,PayPal,TC00042,False
TT07565,U01553,CR00005,2025-07-04,0.0,Credit Card,TC00042,False
TT07566,U01575,CR00015,2025-03-19,285.05,Credit Card,TC00042,True
TT07567,U01578,CR00011,2025-07-28,326.02,PayPal,TC00040,True
TT07568,U01585,CR00035,2025-09-28,0.0,Bank Transfer,TC00040,False
TT07569,U01586,CR00029,2025-08-12,0.0,PayPal,TC00042,False
TT07570,U01602,CR00042,2025-09-13,0.0,Credit Card,TC00040,False
TT07571,U01627,CR00044,2025-12-12,119.04,Bank Transfer,TC00042,True
TT07572,U01628,CR00018,2025-09-01,0.0,Bank Transfer,TC00042,False
TT07573,U01635,CR00019,2025-08-08,0.0,Bank Transfer,TC00042,False
TT07574,U01637,CR00043,2025-05-30,0.0,Credit Card,TC00040,False
TT07575,U01647,CR00043,2025-01-25,0.0,Bank Transfer,TC00040,False
TT07576,U01649,CR00019,2025-01-01,0.0,Bank Transfer,TC00042,False
TT07577,U01654,CR00028,2025-08-21,0.78,Credit Card,TC00042,True
TT07578,U01656,CR00018,2025-02-08,0.0,PayPal,TC00042,False
TT07579,U01662,CR00006,2025-03-13,276.37,PayPal,TC00040,True
TT07580,U01666,CR00041,2025-08-15,53.86,PayPal,TC00042,True
TT07581,U01671,CR00033,2025-02-02,0.0,Credit Card,TC00040,False
TT07582,U01674,CR00029,2025-05-14,0.0,Bank Transfer,TC00042,False
TT07583,U01692,CR00058,2025-10-23,0.0,Credit Card,TC00042,False
TT07584,U01695,CR00044,2025-09-04,119.04,Bank Transfer,TC00040,True
TT07585,U01702,CR00009,2025-05-11,0.0,Bank Transfer,TC00040,False
TT07586,U01708,CR00024,2025-10-15,117.68,PayPal,TC00040,True
TT07587,U01720,CR00010,2025-01-28,0.0,Bank Transfer,TC00040,False
TT07588,U01721,CR00049,2025-09-05,415.51,Credit Card,TC00042,True
TT07589,U01724,CR00002,2025-06-14,0.0,PayPal,TC00040,False
TT07590,U01726,CR00014,2025-11-21,0.0,PayPal,TC00040,False
TT07591,U01729,CR00027,2025-08-30,0.0,Credit Card,TC00042,False
TT07592,U01746,CR00048,2025-12-06,0.0,PayPal,TC00042,False
TT07593,U01762,CR00020,2025-08-03,0.0,PayPal,TC00040,False
TT07594,U01773,CR00036,2025-12-03,0.0,PayPal,TC00040,False
TT07595,U01786,CR00044,2025-12-24,119.04,Bank Transfer,TC00042,True
TT07596,U01789,CR00025,2025-09-15,299.57,Credit Card,TC00042,True
TT07597,U01795,CR00029,2025-09-24,0.0,PayPal,TC00042,False
TT07598,U01805,CR00052,2025-01-15,0.0,Credit Card,TC00040,False
TT07599,U01809,CR00054,2025-11-23,0.0,Credit Card,TC00042,False
TT07600,U01810,CR00031,2025-07-20,0.0,Bank Transfer,TC00040,False
TT07601,U01812,CR00037,2025-01-29,0.0,PayPal,TC00042,False
TT07602,U01820,CR00034,2025-06-27,394.26,Bank Transfer,TC00040,True
TT07603,U01825,CR00026,2025-05-04,0.0,Bank Transfer,TC00042,False
TT07604,U01840,CR00029,2025-09-06,0.0,PayPal,TC00042,False
TT07605,U01842,CR00037,2025-06-18,0.0,PayPal,TC00040,False
TT07606,U01854,CR00004,2025-11-08,0.0,Bank Transfer,TC00040,False
TT07607,U01867,CR00037,2025-04-24,0.0,PayPal,TC00040,False
TT07608,U01871,CR00052,2025-11-25,0.0,PayPal,TC00040,False
TT07609,U01872,CR00003,2025-11-04,0.0,PayPal,TC00042,False
TT07610,U01876,CR00009,2025-08-02,0.0,Bank Transfer,TC00042,False
TT07611,U01877,CR00054,2025-12-12,0.0,PayPal,TC00040,False
TT07612,U01879,CR00034,2025-08-08,394.26,PayPal,TC00040,True
TT07613,U01893,CR00039,2025-10-16,346.71,Credit Card,TC00042,True
TT07614,U01900,CR00019,2025-10-10,0.0,Bank Transfer,TC00040,False
TT07615,U01903,CR00028,2025-11-24,0.78,Bank Transfer,TC00042,True
TT07616,U01906,CR00049,2025-01-16,415.51,Credit Card,TC00042,True
TT07617,U01908,CR00055,2025-06-10,57.32,Bank Transfer,TC00042,True
TT07618,U01918,CR00029,2025-09-01,0.0,Credit Card,TC00042,False
TT07619,U01920,CR00047,2025-02-23,89.59,Bank Transfer,TC00042,True
TT07620,U01926,CR00007,2025-07-12,0.0,PayPal,TC00042,False
TT07621,U01931,CR00048,2025-11-28,0.0,PayPal,TC00042,False
TT07622,U01934,CR00028,2025-07-25,0.78,Bank Transfer,TC00042,True
TT07623,U01943,CR00026,2025-12-10,0.0,Credit Card,TC00042,False
TT07624,U01953,CR00048,2025-11-23,0.0,PayPal,TC00040,False
TT07625,U01958,CR00025,2025-09-23,299.57,Credit Card,TC00042,True
TT07626,U01959,CR00008,2025-06-15,0.0,Bank Transfer,TC00042,False
TT07627,U01961,CR00022,2025-09-25,0.0,Bank Transfer,TC00040,False
TT07628,U01987,CR00043,2025-12-20,0.0,Credit Card,TC00040,False
TT07629,U01989,CR00014,2025-01-26,0.0,PayPal,TC00040,False
TT07630,U01993,CR00042,2025-08-24,0.0,PayPal,TC00040,False
TT07631,U01994,CR00025,2025-02-27,299.57,PayPal,TC00042,True
TT07632,U01998,CR00033,2025-04-04,0.0,Bank Transfer,TC00040,False
TT07633,U02010,CR00040,2025-03-23,327.99,PayPal,TC00040,True
TT07634,U02015,CR00018,2025-03-02,0.0,Bank Transfer,TC00042,False
TT07635,U02035,CR00015,2025-04-17,285.05,Bank Transfer,TC00042,True
TT07636,U02038,CR00053,2025-03-17,0.0,Bank Transfer,TC00042,False
TT07637,U02055,CR00006,2025-02-05,276.37,Bank Transfer,TC00042,True
TT07638,U02058,CR00060,2025-09-14,0.0,Bank Transfer,TC00042,False
TT07639,U02064,CR00037,2025-11-06,0.0,PayPal,TC00042,False
TT07640,U02068,CR00003,2025-08-08,0.0,PayPal,TC00042,False
TT07641,U02071,CR00045,2025-12-06,0.0,Credit Card,TC00040,False
TT07642,U02074,CR00012,2025-10-25,487.92,Bank Transfer,TC00042,True
TT07643,U02077,CR00008,2025-11-13,0.0,PayPal,TC00040,False
TT07644,U02098,CR00054,2025-10-04,0.0,Credit Card,TC00042,False
TT07645,U02144,CR00016,2025-04-15,0.0,Bank Transfer,TC00042,False
TT07646,U02147,CR00047,2025-11-13,89.59,Credit Card,TC00040,True
TT07647,U02149,CR00009,2025-02-13,0.0,Bank Transfer,TC00042,False
TT07648,U02151,CR00004,2025-11-09,0.0,PayPal,TC00042,False
TT07649,U02152,CR00022,2025-03-07,0.0,Bank Transfer,TC00042,False
TT07650,U02153,CR00031,2025-08-06,0.0,Bank Transfer,TC00040,False
TT07651,U02155,CR00022,2025-05-05,0.0,Credit Card,TC00042,False
TT07652,U02161,CR00018,2025-04-01,0.0,PayPal,TC00040,False
TT07653,U02174,CR00053,2025-11-29,0.0,Bank Transfer,TC00042,False
TT07654,U02199,CR00055,2025-09-26,57.32,Credit Card,TC00042,True
TT07655,U02212,CR00008,2025-09-14,0.0,Credit Card,TC00042,False
TT07656,U02215,CR00031,2025-10-12,0.0,PayPal,TC00040,False
TT07657,U02224,CR00010,2025-12-27,0.0,PayPal,TC00040,False
TT07658,U02231,CR00007,2025-05-14,0.0,PayPal,TC00042,False
TT07659,U02248,CR00005,2025-05-25,0.0,PayPal,TC00040,False
TT07660,U02250,CR00043,2025-07-30,0.0,PayPal,TC00042,False
TT07661,U02254,CR00013,2025-08-15,0.0,PayPal,TC00040,False
TT07662,U02258,CR00032,2025-01-26,0.0,Credit Card,TC00040,False
TT07663,U02284,CR00012,2025-03-18,487.92,Bank Transfer,TC00042,True
TT07664,U02288,CR00020,2025-12-15,0.0,PayPal,TC00040,False
TT07665,U02290,CR00015,2025-02-27,285.05,Bank Transfer,TC00042,True
TT07666,U02300,CR00040,2025-05-18,327.99,Credit Card,TC00040,True
TT07667,U02301,CR00046,2025-08-14,248.1,PayPal,TC00042,True
TT07668,U02315,CR00014,2025-05-02,0.0,Bank Transfer,TC00042,False
TT07669,U02336,CR00038,2025-08-14,342.61,Bank Transfer,TC00042,True
TT07670,U02337,CR00040,2025-11-28,327.99,Credit Card,TC00042,True
TT07671,U02341,CR00038,2025-01-30,342.61,PayPal,TC00042,True
TT07672,U02344,CR00021,2025-07-16,0.0,Credit Card,TC00040,False
TT07673,U02345,CR00004,2025-07-22,0.0,Bank Transfer,TC00040,False
TT07674,U02349,CR00043,2025-02-07,0.0,Credit Card,TC00042,False
TT07675,U02370,CR00059,2025-01-12,0.0,Bank Transfer,TC00040,False
TT07676,U02371,CR00007,2025-02-23,0.0,PayPal,TC00042,False
TT07677,U02410,CR00059,2025-05-25,0.0,Credit Card,TC00042,False
TT07678,U02415,CR00011,2025-06-03,326.02,Credit Card,TC00042,True
TT07679,U02427,CR00037,2025-08-09,0.0,PayPal,TC00042,False
TT07680,U02432,CR00013,2025-11-10,0.0,PayPal,TC00040,False
TT07681,U02445,CR00037,2025-08-16,0.0,Bank Transfer,TC00040,False
TT07682,U02459,CR00014,2025-12-24,0.0,PayPal,TC00042,False
TT07683,U02470,CR00029,2025-11-25,0.0,PayPal,TC00042,False
TT07684,U02485,CR00051,2025-03-20,37.89,PayPal,TC00042,True
TT07685,U02490,CR00017,2025-09-15,0.0,Bank Transfer,TC00042,False
TT07686,U02512,CR00030,2025-04-01,0.0,Credit Card,TC00042,False
TT07687,U02515,CR00029,2025-02-18,0.0,Credit Card,TC00042,False
TT07688,U02537,CR00056,2025-09-25,212.39,Bank Transfer,TC00040,True
TT07689,U02540,CR00045,2025-12-16,0.0,PayPal,TC00040,False
TT07690,U02541,CR00050,2025-10-30,490.9,Credit Card,TC00040,True
TT07691,U02542,CR00047,2025-01-16,89.59,Credit Card,TC00040,True
TT07692,U02564,CR00050,2025-02-25,490.9,Credit Card,TC00040,True
TT07693,U02566,CR00004,2025-09-29,0.0,Credit Card,TC00040,False
TT07694,U02582,CR00036,2025-10-28,0.0,Bank Transfer,TC00040,False
TT07695,U02583,CR00043,2025-09-22,0.0,Bank Transfer,TC00040,False
TT07696,U02593,CR00036,2025-05-07,0.0,PayPal,TC00042,False
TT07697,U02602,CR00035,2025-01-14,0.0,Credit Card,TC00040,False
TT07698,U02605,CR00040,2025-01-19,327.99,Credit Card,TC00042,True
TT07699,U02612,CR00049,2025-11-12,415.51,Bank Transfer,TC00040,True
TT07700,U02614,CR00054,2025-01-13,0.0,Credit Card,TC00042,False
TT07701,U02616,CR00040,2025-10-17,327.99,Credit Card,TC00040,True
TT07702,U02623,CR00029,2025-08-23,0.0,PayPal,TC00042,False
TT07703,U02630,CR00020,2025-08-21,0.0,Credit Card,TC00042,False
TT07704,U02633,CR00006,2025-04-24,276.37,Credit Card,TC00042,True
TT07705,U02643,CR00031,2025-01-09,0.0,Credit Card,TC00040,False
TT07706,U02651,CR00021,2025-03-27,0.0,PayPal,TC00040,False
TT07707,U02672,CR00058,2025-02-03,0.0,PayPal,TC00040,False
TT07708,U02679,CR00051,2025-05-20,37.89,Credit Card,TC00040,True
TT07709,U02683,CR00017,2025-04-09,0.0,PayPal,TC00042,False
TT07710,U02698,CR00037,2025-10-28,0.0,Credit Card,TC00042,False
TT07711,U02709,CR00040,2025-02-02,327.99,Bank Transfer,TC00040,True
TT07712,U02733,CR00016,2025-12-17,0.0,Credit Card,TC00040,False
TT07713,U02743,CR00022,2025-04-06,0.0,Bank Transfer,TC00040,False
TT07714,U02754,CR00025,2025-09-29,299.57,Credit Card,TC00042,True
TT07715,U02767,CR00036,2025-11-04,0.0,PayPal,TC00040,False
TT07716,U02770,CR00019,2025-04-09,0.0,Bank Transfer,TC00042,False
TT07717,U02786,CR00001,2025-06-07,472.28,PayPal,TC00042,True
TT07718,U02788,CR00012,2025-03-23,487.92,PayPal,TC00042,True
TT07719,U02791,CR00030,2025-09-12,0.0,Credit Card,TC00042,False
TT07720,U02792,CR00042,2025-08-02,0.0,Credit Card,TC00042,False
TT07721,U02793,CR00012,2025-05-29,487.92,PayPal,TC00042,True
TT07722,U02821,CR00036,2025-11-02,0.0,PayPal,TC00042,False
TT07723,U02825,CR00039,2025-12-19,346.71,Credit Card,TC00042,True
TT07724,U02843,CR00023,2025-05-10,0.0,PayPal,TC00042,False
TT07725,U02844,CR00023,2025-10-21,0.0,Bank Transfer,TC00042,False
TT07726,U02850,CR00055,2025-01-15,57.32,Credit Card,TC00042,True
TT07727,U02857,CR00040,2025-09-13,327.99,PayPal,TC00042,True
TT07728,U02874,CR00006,2025-10-06,276.37,PayPal,TC00040,True
TT07729,U02883,CR00041,2025-07-13,53.86,Credit Card,TC00042,True
TT07730,U02899,CR00005,2025-05-26,0.0,Bank Transfer,TC00042,False
TT07731,U02909,CR00041,2025-03-23,53.86,Bank Transfer,TC00040,True
TT07732,U02915,CR00021,2025-01-14,0.0,Bank Transfer,TC00040,False
TT07733,U02916,CR00050,2025-03-15,490.9,Bank Transfer,TC00040,True
TT07734,U02927,CR00052,2025-09-26,0.0,PayPal,TC00042,False
TT07735,U02937,CR00018,2025-09-07,0.0,PayPal,TC00042,False
TT07736,U02941,CR00013,2025-04-03,0.0,Bank Transfer,TC00040,False
TT07737,U02945,CR00039,2025-06-02,346.71,PayPal,TC00042,True
TT07738,U02958,CR00043,2025-05-17,0.0,Credit Card,TC00042,False
TT07739,U02969,CR00055,2025-02-26,57.32,Credit Card,TC00040,True
TT07740,U02974,CR00007,2025-10-30,0.0,Bank Transfer,TC00040,False
TT07741,U02976,CR00010,2025-12-23,0.0,Credit Card,TC00042,False
TT07742,U02981,CR00005,2025-06-30,0.0,Bank Transfer,TC00042,False
TT07743,U02984,CR00010,2025-01-28,0.0,PayPal,TC00042,False
TT07744,U02989,CR00017,2025-08-28,0.0,Bank Transfer,TC00040,False
TT07745,U02992,CR00030,2025-02-06,0.0,Credit Card,TC00042,False
TT07746,U02994,CR00044,2025-06-26,119.04,PayPal,TC00042,True
TT07747,U00003,CR00005,2025-04-14,0.0,Credit Card,TC00042,False
TT07748,U00004,CR00021,2025-08-06,0.0,Credit Card,TC00040,False
TT07749,U00013,CR00021,2025-12-22,0.0,PayPal,TC00040,False
TT07750,U00015,CR00038,2025-11-22,342.61,PayPal,TC00040,True
TT07751,U00018,CR00021,2025-12-10,0.0,PayPal,TC00040,False
TT07752,U00028,CR00042,2025-06-30,0.0,Bank Transfer,TC00042,False
TT07753,U00055,CR00007,2025-04-11,0.0,Credit Card,TC00040,False
TT07754,U00071,CR00027,2025-11-16,0.0,Credit Card,TC00042,False
TT07755,U00083,CR00038,2025-01-06,342.61,Credit Card,TC00042,True
TT07756,U00085,CR00050,2025-04-17,490.9,PayPal,TC00040,True
TT07757,U00109,CR00040,2025-08-08,327.99,PayPal,TC00042,True
TT07758,U00112,CR00048,2025-11-06,0.0,PayPal,TC00040,False
TT07759,U00117,CR00033,2025-05-14,0.0,Credit Card,TC00040,False
TT07760,U00126,CR00021,2025-03-22,0.0,Credit Card,TC00042,False
TT07761,U00128,CR00045,2025-06-02,0.0,Credit Card,TC00040,False
TT07762,U00133,CR00019,2025-05-28,0.0,Bank Transfer,TC00042,False
TT07763,U00134,CR00044,2025-08-10,119.04,PayPal,TC00040,True
TT07764,U00152,CR00048,2025-04-22,0.0,PayPal,TC00042,False
TT07765,U00161,CR00045,2025-12-28,0.0,Bank Transfer,TC00042,False
TT07766,U00166,CR00030,2025-12-02,0.0,Bank Transfer,TC00042,False
TT07767,U00169,CR00041,2025-12-16,53.86,Credit Card,TC00040,True
TT07768,U00173,CR00015,2025-09-01,285.05,PayPal,TC00040,True
TT07769,U00177,CR00029,2025-06-30,0.0,Credit Card,TC00042,False
TT07770,U00178,CR00033,2025-07-21,0.0,Credit Card,TC00040,False
TT07771,U00191,CR00038,2025-03-18,342.61,PayPal,TC00040,True
TT07772,U00192,CR00053,2025-04-05,0.0,Bank Transfer,TC00040,False
TT07773,U00198,CR00058,2025-12-05,0.0,PayPal,TC00040,False
TT07774,U00208,CR00060,2025-09-27,0.0,Credit Card,TC00042,False
TT07775,U00216,CR00001,2025-11-01,472.28,PayPal,TC00042,True
TT07776,U00220,CR00004,2025-04-23,0.0,Bank Transfer,TC00042,False
TT07777,U00238,CR00056,2025-06-13,212.39,PayPal,TC00040,True
TT07778,U00251,CR00041,2025-10-21,53.86,PayPal,TC00042,True
TT07779,U00260,CR00040,2025-07-09,327.99,Credit Card,TC00042,True
TT07780,U00265,CR00050,2025-03-21,490.9,Bank Transfer,TC00042,True
TT07781,U00272,CR00059,2025-03-26,0.0,Bank Transfer,TC00040,False
TT07782,U00282,CR00055,2025-03-02,57.32,Credit Card,TC00042,True
TT07783,U00292,CR00010,2025-04-14,0.0,PayPal,TC00040,False
TT07784,U00293,CR00030,2025-12-10,0.0,Bank Transfer,TC00042,False
TT07785,U00298,CR00012,2025-01-07,487.92,Credit Card,TC00040,True
TT07786,U00301,CR00018,2025-04-22,0.0,Credit Card,TC00042,False
TT07787,U00303,CR00048,2025-10-27,0.0,PayPal,TC00042,False
TT07788,U00310,CR00003,2025-09-06,0.0,Credit Card,TC00040,False
TT07789,U00315,CR00036,2025-02-11,0.0,Credit Card,TC00042,False
TT07790,U00321,CR00021,2025-04-08,0.0,PayPal,TC00040,False
TT07791,U00322,CR00002,2025-04-27,0.0,Bank Transfer,TC00040,False
TT07792,U00323,CR00028,2025-10-09,0.78,PayPal,TC00042,True
TT07793,U00328,CR00021,2025-07-22,0.0,Bank Transfer,TC00040,False
TT07794,U00329,CR00025,2025-03-08,299.57,Credit Card,TC00042,True
TT07795,U00330,CR00028,2025-01-21,0.78,PayPal,TC00042,True
TT07796,U00334,CR00004,2025-07-06,0.0,PayPal,TC00042,False
TT07797,U00339,CR00027,2025-12-04,0.0,Bank Transfer,TC00042,False
TT07798,U00345,CR00039,2025-02-08,346.71,PayPal,TC00042,True
TT07799,U00351,CR00056,2025-02-07,212.39,PayPal,TC00042,True
TT07800,U00352,CR00012,2025-07-01,487.92,Credit Card,TC00040,True
TT07801,U00353,CR00043,2025-07-05,0.0,PayPal,TC00042,False
TT07802,U00356,CR00022,2025-02-04,0.0,Credit Card,TC00042,False
TT07803,U00357,CR00047,2025-06-15,89.59,Credit Card,TC00040,True
TT07804,U00362,CR00021,2025-08-21,0.0,PayPal,TC00040,False
TT07805,U00365,CR00005,2025-03-13,0.0,Bank Transfer,TC00042,False
TT07806,U00379,CR00043,2025-05-05,0.0,PayPal,TC00040,False
TT07807,U00383,CR00031,2025-08-26,0.0,Bank Transfer,TC00040,False
TT07808,U00394,CR00002,2025-06-23,0.0,PayPal,TC00040,False
TT07809,U00404,CR00021,2025-10-13,0.0,PayPal,TC00042,False
TT07810,U00407,CR00042,2025-08-06,0.0,PayPal,TC00042,False
TT07811,U00411,CR00014,2025-10-17,0.0,Credit Card,TC00040,False
TT07812,U00415,CR00029,2025-11-09,0.0,PayPal,TC00042,False
TT07813,U00423,CR00044,2025-10-26,119.04,PayPal,TC00040,True
TT07814,U00424,CR00007,2025-07-26,0.0,PayPal,TC00040,False
TT07815,U00427,CR00047,2025-07-02,89.59,PayPal,TC00040,True
TT07816,U00444,CR00014,2025-10-20,0.0,Bank Transfer,TC00040,False
TT07817,U00449,CR00056,2025-05-03,212.39,Credit Card,TC00042,True
TT07818,U00450,CR00058,2025-04-13,0.0,Credit Card,TC00040,False
TT07819,U00464,CR00025,2025-08-15,299.57,PayPal,TC00042,True
TT07820,U00494,CR00046,2025-09-01,248.1,PayPal,TC00040,True
TT07821,U00543,CR00059,2025-08-15,0.0,Bank Transfer,TC00042,False
TT07822,U00548,CR00039,2025-08-17,346.71,Bank Transfer,TC00042,True
TT07823,U00556,CR00006,2025-11-15,276.37,Credit Card,TC00040,True
TT07824,U00559,CR00032,2025-04-09,0.0,PayPal,TC00040,False
TT07825,U00562,CR00013,2025-12-29,0.0,Credit Card,TC00040,False
TT07826,U00569,CR00040,2025-12-19,327.99,Bank Transfer,TC00042,True
TT07827,U00570,CR00022,2025-11-11,0.0,PayPal,TC00040,False
TT07828,U00572,CR00028,2025-05-09,0.78,Credit Card,TC00042,True
TT07829,U00574,CR00032,2025-06-03,0.0,Bank Transfer,TC00040,False
TT07830,U00576,CR00011,2025-11-22,326.02,PayPal,TC00042,True
TT07831,U00604,CR00032,2025-10-02,0.0,PayPal,TC00040,False
TT07832,U00622,CR00037,2025-01-01,0.0,PayPal,TC00040,False
TT07833,U00633,CR00055,2025-12-11,57.32,Credit Card,TC00040,True
TT07834,U00636,CR00023,2025-04-21,0.0,PayPal,TC00040,False
TT07835,U00639,CR00011,2025-02-20,326.02,PayPal,TC00042,True
TT07836,U00666,CR00040,2025-07-10,327.99,Credit Card,TC00042,True
TT07837,U00687,CR00014,2025-10-15,0.0,Credit Card,TC00042,False
TT07838,U00704,CR00010,2025-11-04,0.0,PayPal,TC00042,False
TT07839,U00709,CR00035,2025-09-13,0.0,Bank Transfer,TC00040,False
TT07840,U00723,CR00013,2025-10-11,0.0,Credit Card,TC00040,False
TT07841,U00724,CR00031,2025-08-10,0.0,Bank Transfer,TC00040,False
TT07842,U00752,CR00019,2025-01-27,0.0,PayPal,TC00042,False
TT07843,U00760,CR00047,2025-09-02,89.59,Bank Transfer,TC00042,True
TT07844,U00767,CR00004,2025-01-26,0.0,Bank Transfer,TC00042,False
TT07845,U00786,CR00003,2025-03-10,0.0,PayPal,TC00042,False
TT07846,U00819,CR00044,2025-09-06,119.04,Credit Card,TC00042,True
TT07847,U00829,CR00035,2025-06-03,0.0,Credit Card,TC00040,False
TT07848,U00836,CR00060,2025-08-10,0.0,Credit Card,TC00040,False
TT07849,U00838,CR00022,2025-12-13,0.0,PayPal,TC00042,False
TT07850,U00850,CR00021,2025-12-03,0.0,Credit Card,TC00040,False
TT07851,U00852,CR00014,2025-03-15,0.0,PayPal,TC00042,False
TT07852,U00858,CR00058,2025-01-09,0.0,PayPal,TC00042,False
TT07853,U00870,CR00042,2025-01-10,0.0,Credit Card,TC00040,False
TT07854,U00874,CR00015,2025-04-29,285.05,Credit Card,TC00042,True
TT07855,U00876,CR00006,2025-01-02,276.37,Credit Card,TC00042,True
TT07856,U00881,CR00024,2025-06-12,117.68,PayPal,TC00040,True
TT07857,U00893,CR00013,2025-07-22,0.0,Credit Card,TC00042,False
TT07858,U00898,CR00029,2025-10-23,0.0,PayPal,TC00042,False
TT07859,U00903,CR00054,2025-06-19,0.0,Credit Card,TC00040,False
TT07860,U00907,CR00025,2025-07-21,299.57,Credit Card,TC00042,True
TT07861,U00915,CR00055,2025-05-10,57.32,Bank Transfer,TC00040,True
TT07862,U00917,CR00011,2025-11-14,326.02,Credit Card,TC00042,True
TT07863,U00919,CR00016,2025-01-21,0.0,PayPal,TC00040,False
TT07864,U00928,CR00021,2025-06-17,0.0,Credit Card,TC00040,False
TT07865,U00959,CR00025,2025-04-15,299.57,Credit Card,TC00040,True
TT07866,U00961,CR00026,2025-08-24,0.0,Bank Transfer,TC00042,False
TT07867,U00967,CR00005,2025-09-25,0.0,PayPal,TC00042,False
TT07868,U00976,CR00012,2025-07-05,487.92,PayPal,TC00040,True
TT07869,U00981,CR00039,2025-09-19,346.71,PayPal,TC00042,True
TT07870,U00997,CR00027,2025-06-18,0.0,Bank Transfer,TC00042,False
TT07871,U01000,CR00026,2025-02-25,0.0,PayPal,TC00042,False
TT07872,U01015,CR00028,2025-10-08,0.78,PayPal,TC00042,True
TT07873,U01020,CR00021,2025-11-30,0.0,PayPal,TC00042,False
TT07874,U01022,CR00031,2025-04-26,0.0,Credit Card,TC00040,False
TT07875,U01031,CR00027,2025-01-19,0.0,Credit Card,TC00042,False
TT07876,U01032,CR00016,2025-09-16,0.0,PayPal,TC00040,False
TT07877,U01033,CR00006,2025-05-26,276.37,Credit Card,TC00040,True
TT07878,U01083,CR00023,2025-04-04,0.0,Credit Card,TC00042,False
TT07879,U01084,CR00022,2025-03-12,0.0,PayPal,TC00040,False
TT07880,U01092,CR00050,2025-03-26,490.9,Bank Transfer,TC00042,True
TT07881,U01096,CR00053,2025-12-13,0.0,PayPal,TC00040,False
TT07882,U01123,CR00040,2025-02-05,327.99,Credit Card,TC00042,True
TT07883,U01143,CR00059,2025-03-17,0.0,PayPal,TC00040,False
TT07884,U01146,CR00037,2025-07-13,0.0,Credit Card,TC00042,False
TT07885,U01158,CR00028,2025-09-28,0.78,Bank Transfer,TC00042,True
TT07886,U01163,CR00009,2025-07-09,0.0,Credit Card,TC00042,False
TT07887,U01167,CR00021,2025-06-24,0.0,Bank Transfer,TC00042,False
TT07888,U01170,CR00056,2025-06-02,212.39,PayPal,TC00040,True
TT07889,U01177,CR00044,2025-01-02,119.04,Bank Transfer,TC00042,True
TT07890,U01180,CR00050,2025-10-28,490.9,Credit Card,TC00040,True
TT07891,U01197,CR00041,2025-10-09,53.86,Bank Transfer,TC00040,True
TT07892,U01203,CR00008,2025-10-20,0.0,Bank Transfer,TC00042,False
TT07893,U01221,CR00014,2025-01-20,0.0,PayPal,TC00040,False
TT07894,U01224,CR00012,2025-07-12,487.92,Bank Transfer,TC00040,True
TT07895,U01231,CR00028,2025-07-01,0.78,Bank Transfer,TC00042,True
TT07896,U01233,CR00021,2025-06-22,0.0,Credit Card,TC00040,False
TT07897,U01235,CR00030,2025-12-01,0.0,Credit Card,TC00042,False
TT07898,U01237,CR00023,2025-11-16,0.0,Credit Card,TC00042,False
TT07899,U01239,CR00001,2025-12-09,472.28,PayPal,TC00040,True
TT07900,U01244,CR00057,2025-05-02,177.34,Bank Transfer,TC00042,True
TT07901,U01249,CR00005,2025-10-06,0.0,Credit Card,TC00042,False
TT07902,U01250,CR00004,2025-12-06,0.0,Credit Card,TC00042,False
TT07903,U01266,CR00056,2025-04-12,212.39,Credit Card,TC00042,True
TT07904,U01267,CR00009,2025-07-22,0.0,Bank Transfer,TC00040,False
TT07905,U01268,CR00003,2025-08-08,0.0,Credit Card,TC00040,False
TT07906,U01280,CR00015,2025-03-16,285.05,PayPal,TC00040,True
TT07907,U01281,CR00019,2025-06-07,0.0,Bank Transfer,TC00042,False
TT07908,U01284,CR00027,2025-05-29,0.0,Bank Transfer,TC00042,False
TT07909,U01286,CR00012,2025-02-07,487.92,Credit Card,TC00042,True
TT07910,U01290,CR00010,2025-03-12,0.0,Credit Card,TC00042,False
TT07911,U01315,CR00001,2025-02-01,472.28,PayPal,TC00042,True
TT07912,U01318,CR00042,2025-04-21,0.0,Credit Card,TC00042,False
TT07913,U01321,CR00029,2025-10-23,0.0,Bank Transfer,TC00042,False
TT07914,U01331,CR00018,2025-02-23,0.0,Bank Transfer,TC00042,False
TT07915,U01332,CR00021,2025-05-10,0.0,Credit Card,TC00042,False
TT07916,U01334,CR00035,2025-08-08,0.0,Credit Card,TC00040,False
TT07917,U01336,CR00024,2025-12-24,117.68,Bank Transfer,TC00042,True
TT07918,U01337,CR00002,2025-07-21,0.0,Credit Card,TC00042,False
TT07919,U01343,CR00030,2025-12-26,0.0,PayPal,TC00042,False
TT07920,U01344,CR00046,2025-07-25,248.1,Bank Transfer,TC00040,True
TT07921,U01346,CR00019,2025-03-19,0.0,PayPal,TC00042,False
TT07922,U01347,CR00053,2025-09-26,0.0,PayPal,TC00042,False
TT07923,U01350,CR00042,2025-04-17,0.0,PayPal,TC00040,False
TT07924,U01352,CR00038,2025-05-01,342.61,Credit Card,TC00042,True
TT07925,U01355,CR00006,2025-02-20,276.37,Credit Card,TC00042,True
TT07926,U01364,CR00038,2025-11-21,342.61,Credit Card,TC00042,True
TT07927,U01365,CR00041,2025-08-23,53.86,PayPal,TC00040,True
TT07928,U01375,CR00017,2025-01-15,0.0,Bank Transfer,TC00042,False
TT07929,U01394,CR00035,2025-10-24,0.0,Credit Card,TC00040,False
TT07930,U01395,CR00038,2025-09-17,342.61,PayPal,TC00042,True
TT07931,U01397,CR00037,2025-06-06,0.0,Bank Transfer,TC00040,False
TT07932,U01399,CR00030,2025-10-26,0.0,PayPal,TC00042,False
TT07933,U01405,CR00041,2025-06-28,53.86,Bank Transfer,TC00040,True
TT07934,U01411,CR00025,2025-03-25,299.57,Credit Card,TC00040,True
TT07935,U01414,CR00003,2025-02-22,0.0,PayPal,TC00040,False
TT07936,U01429,CR00025,2025-08-24,299.57,Credit Card,TC00040,True
TT07937,U01432,CR00056,2025-03-24,212.39,Credit Card,TC00040,True
TT07938,U01445,CR00033,2025-09-29,0.0,Bank Transfer,TC00040,False
TT07939,U01451,CR00029,2025-04-19,0.0,Credit Card,TC00042,False
TT07940,U01455,CR00019,2025-04-24,0.0,Bank Transfer,TC00040,False
TT07941,U01460,CR00056,2025-06-17,212.39,PayPal,TC00042,True
TT07942,U01463,CR00056,2025-09-14,212.39,Bank Transfer,TC00042,True
TT07943,U01472,CR00014,2025-09-23,0.0,Bank Transfer,TC00042,False
TT07944,U01473,CR00004,2025-01-05,0.0,Bank Transfer,TC00042,False
TT07945,U01475,CR00024,2025-12-22,117.68,Bank Transfer,TC00040,True
TT07946,U01488,CR00022,2025-06-21,0.0,PayPal,TC00042,False
TT07947,U01497,CR00039,2025-08-11,346.71,Bank Transfer,TC00042,True
TT07948,U01500,CR00058,2025-07-20,0.0,Credit Card,TC00040,False
TT07949,U01506,CR00047,2025-06-25,89.59,PayPal,TC00042,True
TT07950,U01511,CR00036,2025-04-12,0.0,PayPal,TC00040,False
TT07951,U01517,CR00045,2025-09-03,0.0,Credit Card,TC00040,False
TT07952,U01522,CR00031,2025-06-01,0.0,Credit Card,TC00040,False
TT07953,U01528,CR00049,2025-05-20,415.51,Bank Transfer,TC00042,True
TT07954,U01530,CR00035,2025-10-03,0.0,Bank Transfer,TC00040,False
TT07955,U01531,CR00006,2025-02-22,276.37,PayPal,TC00040,True
TT07956,U01543,CR00011,2025-07-19,326.02,Credit Card,TC00040,True
TT07957,U01553,CR00021,2025-07-29,0.0,Bank Transfer,TC00040,False
TT07958,U01575,CR00025,2025-06-28,299.57,Credit Card,TC00040,True
TT07959,U01578,CR00024,2025-06-15,117.68,PayPal,TC00040,True
TT07960,U01585,CR00044,2025-02-17,119.04,PayPal,TC00040,True
TT07961,U01586,CR00047,2025-04-15,89.59,Bank Transfer,TC00040,True
TT07962,U01602,CR00007,2025-04-28,0.0,Bank Transfer,TC00042,False
TT07963,U01618,CR00036,2025-02-13,0.0,Bank Transfer,TC00042,False
TT07964,U01627,CR00042,2025-11-20,0.0,Credit Card,TC00042,False
TT07965,U01628,CR00044,2025-08-25,119.04,Credit Card,TC00042,True
TT07966,U01635,CR00013,2025-03-19,0.0,PayPal,TC00040,False
TT07967,U01649,CR00049,2025-05-26,415.51,PayPal,TC00042,True
TT07968,U01654,CR00032,2025-07-17,0.0,Bank Transfer,TC00040,False
TT07969,U01656,CR00014,2025-05-25,0.0,PayPal,TC00042,False
TT07970,U01662,CR00044,2025-06-07,119.04,Bank Transfer,TC00042,True
TT07971,U01666,CR00007,2025-12-13,0.0,PayPal,TC00042,False
TT07972,U01674,CR00015,2025-09-21,285.05,PayPal,TC00042,True
TT07973,U01692,CR00050,2025-07-05,490.9,PayPal,TC00040,True
TT07974,U01695,CR00031,2025-03-15,0.0,PayPal,TC00040,False
TT07975,U01702,CR00017,2025-03-21,0.0,Credit Card,TC00040,False
TT07976,U01708,CR00016,2025-06-22,0.0,PayPal,TC00040,False
TT07977,U01720,CR00023,2025-05-03,0.0,Credit Card,TC00042,False
TT07978,U01721,CR00002,2025-02-25,0.0,PayPal,TC00042,False
TT07979,U01724,CR00034,2025-08-21,394.26,Credit Card,TC00040,True
TT07980,U01726,CR00037,2025-08-27,0.0,Credit Card,TC00040,False
TT07981,U01729,CR00040,2025-06-21,327.99,Bank Transfer,TC00040,True
TT07982,U01746,CR00025,2025-08-09,299.57,Bank Transfer,TC00040,True
TT07983,U01762,CR00021,2025-09-09,0.0,Bank Transfer,TC00040,False
TT07984,U01773,CR00057,2025-02-22,177.34,PayPal,TC00042,True
TT07985,U01789,CR00008,2025-07-14,0.0,PayPal,TC00042,False
TT07986,U01805,CR00030,2025-08-02,0.0,Credit Card,TC00042,False
TT07987,U01809,CR00036,2025-08-22,0.0,Bank Transfer,TC00042,False
TT07988,U01810,CR00013,2025-03-25,0.0,PayPal,TC00040,False
TT07989,U01812,CR00008,2025-04-15,0.0,Credit Card,TC00042,False
TT07990,U01820,CR00057,2025-10-22,177.34,PayPal,TC00040,True
TT07991,U01822,CR00010,2025-06-09,0.0,Bank Transfer,TC00040,False
TT07992,U01825,CR00049,2025-08-29,415.51,PayPal,TC00042,True
TT07993,U01840,CR00027,2025-09-05,0.0,Bank Transfer,TC00042,False
TT07994,U01842,CR00045,2025-06-06,0.0,PayPal,TC00042,False
TT07995,U01854,CR00028,2025-11-24,0.78,PayPal,TC00042,True
TT07996,U01867,CR00032,2025-07-09,0.0,Bank Transfer,TC00040,False
TT07997,U01871,CR00026,2025-11-03,0.0,Credit Card,TC00042,False
TT07998,U01872,CR00009,2025-03-02,0.0,Credit Card,TC00040,False
TT07999,U01876,CR00002,2025-12-23,0.0,Credit Card,TC00042,False
TT08000,U01877,CR00040,2025-08-23,327.99,PayPal,TC00040,True
TT08001,U01879,CR00030,2025-06-03,0.0,PayPal,TC00042,False
TT08002,U01893,CR00041,2025-02-25,53.86,PayPal,TC00042,True
TT08003,U01896,CR00005,2025-02-28,0.0,PayPal,TC00040,False
TT08004,U01900,CR00012,2025-01-13,487.92,Bank Transfer,TC00040,True
TT08005,U01906,CR00052,2025-04-27,0.0,PayPal,TC00042,False
TT08006,U01908,CR00053,2025-10-19,0.0,Bank Transfer,TC00040,False
TT08007,U01917,CR00021,2025-05-11,0.0,PayPal,TC00040,False
TT08008,U01918,CR00030,2025-06-28,0.0,PayPal,TC00042,False
TT08009,U01926,CR00043,2025-07-25,0.0,Credit Card,TC00042,False
TT08010,U01929,CR00003,2025-08-16,0.0,PayPal,TC00042,False
TT08011,U01931,CR00019,2025-10-11,0.0,PayPal,TC00042,False
TT08012,U01934,CR00024,2025-05-02,117.68,Credit Card,TC00042,True
TT08013,U01953,CR00006,2025-08-08,276.37,Bank Transfer,TC00040,True
TT08014,U01958,CR00038,2025-05-17,342.61,PayPal,TC00040,True
TT08015,U01959,CR00058,2025-08-12,0.0,Credit Card,TC00042,False
TT08016,U01961,CR00028,2025-11-18,0.78,PayPal,TC00042,True
TT08017,U01962,CR00049,2025-09-01,415.51,PayPal,TC00040,True
TT08018,U01987,CR00016,2025-09-11,0.0,Bank Transfer,TC00040,False
TT08019,U01993,CR00034,2025-09-17,394.26,Bank Transfer,TC00040,True
TT08020,U01994,CR00052,2025-07-25,0.0,Bank Transfer,TC00042,False
TT08021,U01998,CR00004,2025-01-14,0.0,PayPal,TC00042,False
TT08022,U02015,CR00002,2025-03-05,0.0,Bank Transfer,TC00040,False
TT08023,U02022,CR00051,2025-07-01,37.89,Credit Card,TC00042,True
TT08024,U02035,CR00005,2025-08-24,0.0,Credit Card,TC00040,False
TT08025,U02039,CR00046,2025-03-29,248.1,Credit Card,TC00042,True
TT08026,U02058,CR00045,2025-09-05,0.0,Credit Card,TC00042,False
TT08027,U02064,CR00046,2025-01-22,248.1,Bank Transfer,TC00040,True
TT08028,U02068,CR00015,2025-06-28,285.05,Bank Transfer,TC00040,True
TT08029,U02071,CR00059,2025-06-21,0.0,PayPal,TC00040,False
TT08030,U02074,CR00020,2025-02-03,0.0,Bank Transfer,TC00040,False
TT08031,U02077,CR00050,2025-07-30,490.9,PayPal,TC00040,True
TT08032,U02096,CR00020,2025-07-10,0.0,PayPal,TC00042,False
TT08033,U02098,CR00036,2025-02-23,0.0,Bank Transfer,TC00042,False
TT08034,U02125,CR00042,2025-12-26,0.0,Bank Transfer,TC00042,False
TT08035,U02144,CR00038,2025-10-21,342.61,Credit Card,TC00040,True
TT08036,U02147,CR00006,2025-02-22,276.37,PayPal,TC00040,True
TT08037,U02149,CR00056,2025-09-25,212.39,Bank Transfer,TC00042,True
TT08038,U02151,CR00041,2025-01-25,53.86,PayPal,TC00040,True
TT08039,U02152,CR00052,2025-01-24,0.0,PayPal,TC00042,False
TT08040,U02153,CR00043,2025-07-10,0.0,Bank Transfer,TC00040,False
TT08041,U02155,CR00004,2025-02-03,0.0,PayPal,TC00040,False
TT08042,U02174,CR00059,2025-09-14,0.0,PayPal,TC00042,False
TT08043,U02212,CR00054,2025-10-26,0.0,Bank Transfer,TC00040,False
TT08044,U02215,CR00017,2025-03-19,0.0,PayPal,TC00042,False
TT08045,U02217,CR00055,2025-07-15,57.32,PayPal,TC00042,True
TT08046,U02224,CR00013,2025-12-29,0.0,Credit Card,TC00042,False
TT08047,U02248,CR00034,2025-08-17,394.26,PayPal,TC00040,True
TT08048,U02250,CR00051,2025-10-02,37.89,Credit Card,TC00042,True
TT08049,U02254,CR00052,2025-05-02,0.0,Credit Card,TC00040,False
TT08050,U02258,CR00009,2025-09-01,0.0,Bank Transfer,TC00042,False
TT08051,U02284,CR00014,2025-08-06,0.0,PayPal,TC00042,False
TT08052,U02288,CR00001,2025-12-02,472.28,Bank Transfer,TC00040,True
TT08053,U02290,CR00008,2025-08-27,0.0,Bank Transfer,TC00042,False
TT08054,U02300,CR00001,2025-04-13,472.28,PayPal,TC00042,True
TT08055,U02301,CR00009,2025-06-20,0.0,Bank Transfer,TC00042,False
TT08056,U02306,CR00056,2025-05-18,212.39,PayPal,TC00042,True
TT08057,U02315,CR00047,2025-01-28,89.59,PayPal,TC00040,True
TT08058,U02336,CR00040,2025-12-08,327.99,Credit Card,TC00040,True
TT08059,U02337,CR00053,2025-03-16,0.0,PayPal,TC00042,False
TT08060,U02341,CR00052,2025-02-15,0.0,PayPal,TC00042,False
TT08061,U02344,CR00043,2025-09-20,0.0,Credit Card,TC00040,False
TT08062,U02349,CR00056,2025-06-29,212.39,Credit Card,TC00042,True
TT08063,U02370,CR00047,2025-07-15,89.59,PayPal,TC00042,True
TT08064,U02371,CR00011,2025-10-14,326.02,Bank Transfer,TC00040,True
TT08065,U02427,CR00030,2025-03-17,0.0,PayPal,TC00042,False
TT08066,U02432,CR00025,2025-04-02,299.57,Bank Transfer,TC00042,True
TT08067,U02445,CR00058,2025-12-04,0.0,Bank Transfer,TC00042,False
TT08068,U02459,CR00034,2025-12-04,394.26,Bank Transfer,TC00040,True
TT08069,U02470,CR00007,2025-06-13,0.0,Bank Transfer,TC00042,False
TT08070,U02485,CR00019,2025-09-09,0.0,Credit Card,TC00040,False
TT08071,U02490,CR00009,2025-02-14,0.0,Credit Card,TC00040,False
TT08072,U02512,CR00042,2025-08-29,0.0,PayPal,TC00042,False
TT08073,U02515,CR00028,2025-10-17,0.78,PayPal,TC00042,True
TT08074,U02540,CR00013,2025-03-18,0.0,Credit Card,TC00042,False
TT08075,U02541,CR00025,2025-07-26,299.57,Credit Card,TC00040,True
TT08076,U02542,CR00030,2025-08-04,0.0,Credit Card,TC00042,False
TT08077,U02566,CR00041,2025-09-24,53.86,Credit Card,TC00040,True
TT08078,U02583,CR00021,2025-11-22,0.0,Credit Card,TC00040,False
TT08079,U02593,CR00032,2025-08-29,0.0,Credit Card,TC00040,False
TT08080,U02605,CR00006,2025-02-02,276.37,Bank Transfer,TC00040,True
TT08081,U02612,CR00036,2025-04-28,0.0,Credit Card,TC00042,False
TT08082,U02614,CR00012,2025-08-30,487.92,PayPal,TC00042,True
TT08083,U02630,CR00018,2025-11-30,0.0,Bank Transfer,TC00040,False
TT08084,U02643,CR00058,2025-09-04,0.0,Credit Card,TC00042,False
TT08085,U02651,CR00059,2025-08-03,0.0,Credit Card,TC00040,False
TT08086,U02663,CR00041,2025-12-23,53.86,Bank Transfer,TC00042,True
TT08087,U02672,CR00038,2025-03-02,342.61,Bank Transfer,TC00040,True
TT08088,U02683,CR00030,2025-12-30,0.0,Bank Transfer,TC00042,False
TT08089,U02684,CR00030,2025-01-08,0.0,Credit Card,TC00042,False
TT08090,U02698,CR00027,2025-05-02,0.0,Credit Card,TC00042,False
TT08091,U02709,CR00016,2025-08-30,0.0,Credit Card,TC00040,False
TT08092,U02733,CR00010,2025-02-10,0.0,Credit Card,TC00042,False
TT08093,U02743,CR00026,2025-09-24,0.0,Bank Transfer,TC00042,False
TT08094,U02754,CR00031,2025-11-09,0.0,PayPal,TC00040,False
TT08095,U02767,CR00031,2025-04-01,0.0,Bank Transfer,TC00040,False
TT08096,U02770,CR00020,2025-06-12,0.0,PayPal,TC00040,False
TT08097,U02775,CR00056,2025-03-01,212.39,PayPal,TC00042,True
TT08098,U02786,CR00017,2025-06-13,0.0,PayPal,TC00042,False
TT08099,U02788,CR00050,2025-12-12,490.9,Credit Card,TC00040,True
TT08100,U02791,CR00022,2025-07-03,0.0,PayPal,TC00040,False
TT08101,U02792,CR00059,2025-04-28,0.0,PayPal,TC00042,False
TT08102,U02793,CR00043,2025-03-08,0.0,PayPal,TC00040,False
TT08103,U02821,CR00038,2025-02-23,342.61,Bank Transfer,TC00040,True
TT08104,U02825,CR00007,2025-10-09,0.0,PayPal,TC00042,False
TT08105,U02832,CR00008,2025-09-24,0.0,Credit Card,TC00042,False
TT08106,U02843,CR00035,2025-04-25,0.0,Bank Transfer,TC00040,False
TT08107,U02844,CR00012,2025-11-17,487.92,PayPal,TC00042,True
TT08108,U02850,CR00023,2025-11-09,0.0,Credit Card,TC00040,False
TT08109,U02874,CR00011,2025-09-25,326.02,Credit Card,TC00040,True
TT08110,U02883,CR00040,2025-02-26,327.99,PayPal,TC00042,True
TT08111,U02909,CR00012,2025-08-26,487.92,Bank Transfer,TC00040,True
TT08112,U02915,CR00020,2025-01-26,0.0,PayPal,TC00040,False
TT08113,U02916,CR00036,2025-08-09,0.0,Credit Card,TC00040,False
TT08114,U02927,CR00024,2025-06-25,117.68,PayPal,TC00042,True
TT08115,U02931,CR00022,2025-11-02,0.0,PayPal,TC00040,False
TT08116,U02937,CR00059,2025-05-06,0.0,Credit Card,TC00042,False
TT08117,U02941,CR00055,2025-08-17,57.32,Credit Card,TC00042,True
TT08118,U02947,CR00055,2025-04-24,57.32,Bank Transfer,TC00042,True
TT08119,U02958,CR00012,2025-12-17,487.92,Bank Transfer,TC00040,True
TT08120,U02969,CR00015,2025-01-03,285.05,PayPal,TC00042,True
TT08121,U02971,CR00014,2025-01-11,0.0,PayPal,TC00042,False
TT08122,U02974,CR00036,2025-06-06,0.0,PayPal,TC00040,False
TT08123,U02976,CR00014,2025-01-06,0.0,PayPal,TC00040,False
TT08124,U02980,CR00015,2025-12-07,285.05,PayPal,TC00040,True
TT08125,U02981,CR00004,2025-05-03,0.0,Bank Transfer,TC00040,False
TT08126,U02984,CR00054,2025-05-22,0.0,PayPal,TC00042,False
TT08127,U02994,CR00008,2025-06-16,0.0,PayPal,TC00042,False
TT08128,U00003,CR00051,2025-03-20,37.89,Bank Transfer,TC00040,True
TT08129,U00004,CR00056,2025-11-23,212.39,Credit Card,TC00040,True
TT08130,U00013,CR00026,2025-06-13,0.0,Credit Card,TC00042,False
TT08131,U00015,CR00034,2025-11-20,394.26,Bank Transfer,TC00040,True
TT08132,U00018,CR00043,2025-10-29,0.0,PayPal,TC00040,False
TT08133,U00028,CR00001,2025-06-11,472.28,Credit Card,TC00042,True
TT08134,U00045,CR00056,2025-12-06,212.39,Credit Card,TC00040,True
TT08135,U00048,CR00003,2025-08-25,0.0,Bank Transfer,TC00040,False
TT08136,U00055,CR00037,2025-02-18,0.0,Bank Transfer,TC00040,False
TT08137,U00071,CR00002,2025-06-09,0.0,PayPal,TC00042,False
TT08138,U00083,CR00033,2025-06-08,0.0,Bank Transfer,TC00040,False
TT08139,U00085,CR00041,2025-04-11,53.86,Credit Card,TC00040,True
TT08140,U00109,CR00003,2025-11-19,0.0,Credit Card,TC00040,False
TT08141,U00112,CR00021,2025-07-15,0.0,Credit Card,TC00040,False
TT08142,U00117,CR00025,2025-05-16,299.57,PayPal,TC00042,True
TT08143,U00128,CR00012,2025-06-09,487.92,PayPal,TC00040,True
TT08144,U00133,CR00018,2025-08-20,0.0,Credit Card,TC00042,False
TT08145,U00134,CR00041,2025-06-13,53.86,Bank Transfer,TC00040,True
TT08146,U00144,CR00058,2025-10-06,0.0,Bank Transfer,TC00042,False
TT08147,U00147,CR00006,2025-09-14,276.37,Credit Card,TC00040,True
TT08148,U00149,CR00027,2025-07-27,0.0,PayPal,TC00042,False
TT08149,U00152,CR00058,2025-04-24,0.0,Credit Card,TC00040,False
TT08150,U00166,CR00042,2025-11-01,0.0,Credit Card,TC00042,False
TT08151,U00169,CR00023,2025-07-20,0.0,Bank Transfer,TC00042,False
TT08152,U00173,CR00034,2025-07-08,394.26,Credit Card,TC00040,True
TT08153,U00177,CR00046,2025-11-11,248.1,Bank Transfer,TC00042,True
TT08154,U00178,CR00044,2025-05-01,119.04,PayPal,TC00040,True
TT08155,U00191,CR00035,2025-08-30,0.0,Credit Card,TC00040,False
TT08156,U00198,CR00004,2025-03-07,0.0,Bank Transfer,TC00042,False
TT08157,U00208,CR00058,2025-10-14,0.0,PayPal,TC00042,False
TT08158,U00216,CR00014,2025-03-19,0.0,PayPal,TC00040,False
TT08159,U00220,CR00002,2025-02-02,0.0,Bank Transfer,TC00042,False
TT08160,U00238,CR00027,2025-04-26,0.0,Credit Card,TC00042,False
TT08161,U00251,CR00050,2025-05-15,490.9,PayPal,TC00042,True
TT08162,U00260,CR00007,2025-07-04,0.0,Credit Card,TC00040,False
TT08163,U00265,CR00052,2025-06-11,0.0,PayPal,TC00040,False
TT08164,U00272,CR00057,2025-09-28,177.34,Bank Transfer,TC00040,True
TT08165,U00292,CR00035,2025-10-29,0.0,PayPal,TC00040,False
TT08166,U00293,CR00051,2025-01-23,37.89,PayPal,TC00040,True
TT08167,U00298,CR00036,2025-09-22,0.0,PayPal,TC00040,False
TT08168,U00301,CR00050,2025-12-16,490.9,Bank Transfer,TC00042,True
TT08169,U00303,CR00003,2025-09-07,0.0,Bank Transfer,TC00040,False
TT08170,U00315,CR00025,2025-10-03,299.57,PayPal,TC00040,True
TT08171,U00321,CR00039,2025-12-23,346.71,PayPal,TC00040,True
TT08172,U00322,CR00049,2025-12-08,415.51,Credit Card,TC00040,True
TT08173,U00323,CR00032,2025-04-16,0.0,Bank Transfer,TC00040,False
TT08174,U00328,CR00005,2025-03-21,0.0,PayPal,TC00040,False
TT08175,U00329,CR00002,2025-08-02,0.0,PayPal,TC00042,False
TT08176,U00330,CR00030,2025-04-21,0.0,PayPal,TC00042,False
TT08177,U00334,CR00029,2025-06-18,0.0,Credit Card,TC00042,False
TT08178,U00338,CR00007,2025-12-22,0.0,Credit Card,TC00040,False
TT08179,U00339,CR00007,2025-11-14,0.0,Credit Card,TC00042,False
TT08180,U00340,CR00023,2025-04-28,0.0,Credit Card,TC00040,False
TT08181,U00345,CR00016,2025-03-21,0.0,PayPal,TC00040,False
TT08182,U00351,CR00044,2025-07-02,119.04,Credit Card,TC00042,True
TT08183,U00352,CR00043,2025-12-13,0.0,Credit Card,TC00042,False
TT08184,U00353,CR00023,2025-08-22,0.0,Bank Transfer,TC00040,False
TT08185,U00356,CR00010,2025-09-29,0.0,Credit Card,TC00040,False
TT08186,U00357,CR00025,2025-02-10,299.57,Credit Card,TC00042,True
TT08187,U00362,CR00055,2025-06-27,57.32,Bank Transfer,TC00042,True
TT08188,U00365,CR00017,2025-10-28,0.0,Credit Card,TC00040,False
TT08189,U00379,CR00060,2025-02-06,0.0,Bank Transfer,TC00042,False
TT08190,U00383,CR00025,2025-04-07,299.57,Credit Card,TC00040,True
TT08191,U00394,CR00022,2025-03-07,0.0,Credit Card,TC00042,False
TT08192,U00406,CR00058,2025-06-26,0.0,PayPal,TC00040,False
TT08193,U00407,CR00031,2025-10-10,0.0,Bank Transfer,TC00040,False
TT08194,U00411,CR00020,2025-04-08,0.0,Bank Transfer,TC00042,False
TT08195,U00415,CR00028,2025-07-10,0.78,Bank Transfer,TC00042,True
TT08196,U00423,CR00037,2025-09-08,0.0,PayPal,TC00040,False
TT08197,U00424,CR00050,2025-09-22,490.9,Bank Transfer,TC00042,True
TT08198,U00427,CR00050,2025-11-30,490.9,PayPal,TC00042,True
TT08199,U00438,CR00045,2025-06-20,0.0,Bank Transfer,TC00040,False
TT08200,U00444,CR00038,2025-10-29,342.61,Bank Transfer,TC00040,True
TT08201,U00449,CR00013,2025-09-20,0.0,Credit Card,TC00040,False
TT08202,U00450,CR00036,2025-08-15,0.0,PayPal,TC00042,False
TT08203,U00464,CR00029,2025-08-03,0.0,Bank Transfer,TC00042,False
TT08204,U00543,CR00037,2025-09-23,0.0,Bank Transfer,TC00040,False
TT08205,U00548,CR00035,2025-07-30,0.0,Credit Card,TC00040,False
TT08206,U00569,CR00056,2025-10-29,212.39,Bank Transfer,TC00040,True
TT08207,U00572,CR00054,2025-08-16,0.0,PayPal,TC00040,False
TT08208,U00574,CR00010,2025-03-02,0.0,Bank Transfer,TC00040,False
TT08209,U00576,CR00023,2025-07-17,0.0,PayPal,TC00042,False
TT08210,U00584,CR00049,2025-12-12,415.51,Bank Transfer,TC00040,True
TT08211,U00592,CR00005,2025-08-20,0.0,Bank Transfer,TC00040,False
TT08212,U00595,CR00008,2025-09-11,0.0,Bank Transfer,TC00040,False
TT08213,U00604,CR00041,2025-09-19,53.86,Credit Card,TC00040,True
TT08214,U00619,CR00055,2025-08-16,57.32,PayPal,TC00040,True
TT08215,U00622,CR00017,2025-02-17,0.0,Credit Card,TC00042,False
TT08216,U00633,CR00007,2025-01-11,0.0,Bank Transfer,TC00042,False
TT08217,U00666,CR00030,2025-10-22,0.0,Credit Card,TC00042,False
TT08218,U00687,CR00058,2025-12-01,0.0,Credit Card,TC00040,False
TT08219,U00701,CR00032,2025-01-14,0.0,PayPal,TC00040,False
TT08220,U00704,CR00059,2025-05-09,0.0,Credit Card,TC00042,False
TT08221,U00709,CR00002,2025-02-16,0.0,Bank Transfer,TC00042,False
TT08222,U00723,CR00003,2025-05-18,0.0,PayPal,TC00042,False
TT08223,U00724,CR00059,2025-01-29,0.0,Credit Card,TC00042,False
TT08224,U00760,CR00031,2025-06-11,0.0,Credit Card,TC00040,False
TT08225,U00765,CR00020,2025-02-22,0.0,Credit Card,TC00042,False
TT08226,U00767,CR00001,2025-06-14,472.28,PayPal,TC00040,True
TT08227,U00775,CR00043,2025-06-08,0.0,PayPal,TC00040,False
TT08228,U00786,CR00017,2025-02-12,0.0,PayPal,TC00040,False
TT08229,U00787,CR00003,2025-02-20,0.0,Credit Card,TC00042,False
TT08230,U00819,CR00049,2025-08-30,415.51,PayPal,TC00042,True
TT08231,U00821,CR00039,2025-09-27,346.71,Credit Card,TC00042,True
TT08232,U00829,CR00002,2025-06-24,0.0,Credit Card,TC00042,False
TT08233,U00836,CR00017,2025-11-24,0.0,Bank Transfer,TC00042,False
TT08234,U00838,CR00044,2025-01-20,119.04,Bank Transfer,TC00042,True
TT08235,U00850,CR00010,2025-01-04,0.0,Bank Transfer,TC00042,False
TT08236,U00852,CR00020,2025-10-06,0.0,Credit Card,TC00042,False
TT08237,U00858,CR00030,2025-09-01,0.0,Bank Transfer,TC00042,False
TT08238,U00870,CR00018,2025-12-06,0.0,PayPal,TC00042,False
TT08239,U00874,CR00036,2025-04-15,0.0,Credit Card,TC00040,False
TT08240,U00876,CR00023,2025-02-04,0.0,PayPal,TC00042,False
TT08241,U00881,CR00003,2025-06-26,0.0,Credit Card,TC00042,False
TT08242,U00893,CR00040,2025-05-22,327.99,Bank Transfer,TC00042,True
TT08243,U00898,CR00005,2025-08-26,0.0,PayPal,TC00042,False
TT08244,U00903,CR00032,2025-03-09,0.0,Credit Card,TC00040,False
TT08245,U00907,CR00001,2025-09-02,472.28,Bank Transfer,TC00040,True
TT08246,U00911,CR00031,2025-11-18,0.0,PayPal,TC00040,False
TT08247,U00917,CR00013,2025-05-18,0.0,PayPal,TC00040,False
TT08248,U00928,CR00008,2025-09-09,0.0,PayPal,TC00042,False
TT08249,U00959,CR00039,2025-09-29,346.71,PayPal,TC00042,True
TT08250,U00961,CR00048,2025-06-27,0.0,Credit Card,TC00042,False
TT08251,U00967,CR00042,2025-06-03,0.0,PayPal,TC00040,False
TT08252,U00976,CR00003,2025-09-13,0.0,Credit Card,TC00040,False
TT08253,U00981,CR00020,2025-05-14,0.0,Credit Card,TC00040,False
TT08254,U00997,CR00048,2025-04-06,0.0,Bank Transfer,TC00040,False
TT08255,U01000,CR00053,2025-03-13,0.0,Bank Transfer,TC00042,False
TT08256,U01015,CR00031,2025-12-17,0.0,Bank Transfer,TC00040,False
TT08257,U01022,CR00026,2025-10-07,0.0,Bank Transfer,TC00042,False
TT08258,U01031,CR00017,2025-11-09,0.0,Credit Card,TC00042,False
TT08259,U01032,CR00048,2025-08-20,0.0,Credit Card,TC00040,False
TT08260,U01033,CR00051,2025-09-16,37.89,PayPal,TC00042,True
TT08261,U01034,CR00043,2025-08-01,0.0,PayPal,TC00042,False
TT08262,U01079,CR00029,2025-09-24,0.0,Credit Card,TC00042,False
TT08263,U01083,CR00059,2025-02-25,0.0,PayPal,TC00042,False
TT08264,U01084,CR00034,2025-10-05,394.26,Credit Card,TC00040,True
TT08265,U01092,CR00004,2025-12-08,0.0,Bank Transfer,TC00040,False
TT08266,U01096,CR00002,2025-04-17,0.0,Bank Transfer,TC00040,False
TT08267,U01123,CR00055,2025-06-23,57.32,Bank Transfer,TC00040,True
TT08268,U01146,CR00021,2025-08-16,0.0,PayPal,TC00040,False
TT08269,U01151,CR00015,2025-09-07,285.05,Bank Transfer,TC00042,True
TT08270,U01158,CR00021,2025-05-04,0.0,PayPal,TC00042,False
TT08271,U01163,CR00012,2025-10-15,487.92,Bank Transfer,TC00040,True
TT08272,U01167,CR00006,2025-03-28,276.37,Bank Transfer,TC00042,True
TT08273,U01170,CR00001,2025-08-24,472.28,Credit Card,TC00040,True
TT08274,U01177,CR00022,2025-02-10,0.0,Bank Transfer,TC00040,False
TT08275,U01180,CR00058,2025-07-22,0.0,PayPal,TC00040,False
TT08276,U01197,CR00007,2025-09-23,0.0,Bank Transfer,TC00040,False
TT08277,U01203,CR00012,2025-01-02,487.92,PayPal,TC00040,True
TT08278,U01221,CR00017,2025-01-26,0.0,PayPal,TC00042,False
TT08279,U01231,CR00052,2025-12-11,0.0,Credit Card,TC00042,False
TT08280,U01235,CR00046,2025-05-22,248.1,Credit Card,TC00042,True
TT08281,U01237,CR00003,2025-01-23,0.0,PayPal,TC00040,False
TT08282,U01244,CR00019,2025-12-08,0.0,Bank Transfer,TC00040,False
TT08283,U01249,CR00047,2025-06-25,89.59,Bank Transfer,TC00042,True
TT08284,U01250,CR00017,2025-06-03,0.0,PayPal,TC00040,False
TT08285,U01261,CR00059,2025-04-02,0.0,PayPal,TC00040,False
TT08286,U01266,CR00045,2025-04-04,0.0,PayPal,TC00042,False
TT08287,U01267,CR00043,2025-03-14,0.0,Credit Card,TC00042,False
TT08288,U01268,CR00014,2025-09-28,0.0,Bank Transfer,TC00042,False
TT08289,U01284,CR00020,2025-06-06,0.0,Bank Transfer,TC00040,False
TT08290,U01286,CR00019,2025-05-20,0.0,Bank Transfer,TC00042,False
TT08291,U01287,CR00029,2025-08-24,0.0,Bank Transfer,TC00042,False
TT08292,U01290,CR00025,2025-08-26,299.57,Bank Transfer,TC00040,True
TT08293,U01315,CR00039,2025-05-24,346.71,PayPal,TC00042,True
TT08294,U01318,CR00014,2025-01-05,0.0,Bank Transfer,TC00040,False
TT08295,U01322,CR00028,2025-02-03,0.78,PayPal,TC00042,True
TT08296,U01331,CR00024,2025-09-18,117.68,PayPal,TC00042,True
TT08297,U01332,CR00051,2025-05-29,37.89,Bank Transfer,TC00040,True
TT08298,U01336,CR00053,2025-10-22,0.0,PayPal,TC00040,False
TT08299,U01337,CR00034,2025-12-16,394.26,Bank Transfer,TC00040,True
TT08300,U01343,CR00027,2025-02-13,0.0,Bank Transfer,TC00042,False
TT08301,U01344,CR00009,2025-07-21,0.0,PayPal,TC00040,False
TT08302,U01346,CR00001,2025-02-09,472.28,Bank Transfer,TC00042,True
TT08303,U01347,CR00048,2025-06-03,0.0,Bank Transfer,TC00042,False
TT08304,U01352,CR00011,2025-06-24,326.02,PayPal,TC00040,True
TT08305,U01355,CR00021,2025-02-06,0.0,Credit Card,TC00040,False
TT08306,U01364,CR00023,2025-06-20,0.0,Bank Transfer,TC00040,False
TT08307,U01365,CR00057,2025-08-21,177.34,Bank Transfer,TC00042,True
TT08308,U01375,CR00034,2025-03-26,394.26,PayPal,TC00040,True
TT08309,U01394,CR00038,2025-08-09,342.61,Credit Card,TC00042,True
TT08310,U01395,CR00042,2025-08-16,0.0,Bank Transfer,TC00042,False
TT08311,U01397,CR00022,2025-10-01,0.0,Bank Transfer,TC00040,False
TT08312,U01399,CR00012,2025-06-28,487.92,PayPal,TC00042,True
TT08313,U01405,CR00057,2025-09-17,177.34,Bank Transfer,TC00040,True
TT08314,U01411,CR00050,2025-10-11,490.9,Bank Transfer,TC00040,True
TT08315,U01414,CR00020,2025-11-06,0.0,PayPal,TC00040,False
TT08316,U01429,CR00021,2025-01-05,0.0,PayPal,TC00040,False
TT08317,U01430,CR00035,2025-02-14,0.0,Credit Card,TC00040,False
TT08318,U01432,CR00003,2025-02-27,0.0,PayPal,TC00040,False
TT08319,U01435,CR00002,2025-01-11,0.0,Credit Card,TC00042,False
TT08320,U01445,CR00011,2025-12-05,326.02,Credit Card,TC00042,True
TT08321,U01455,CR00034,2025-06-19,394.26,PayPal,TC00040,True
TT08322,U01460,CR00032,2025-02-13,0.0,Bank Transfer,TC00040,False
TT08323,U01473,CR00022,2025-10-10,0.0,Bank Transfer,TC00042,False
TT08324,U01475,CR00056,2025-05-23,212.39,Credit Card,TC00042,True
TT08325,U01488,CR00023,2025-07-29,0.0,Bank Transfer,TC00040,False
TT08326,U01496,CR00042,2025-07-29,0.0,Bank Transfer,TC00042,False
TT08327,U01500,CR00019,2025-07-23,0.0,PayPal,TC00040,False
TT08328,U01506,CR00010,2025-09-11,0.0,Credit Card,TC00040,False
TT08329,U01511,CR00060,2025-12-03,0.0,Credit Card,TC00042,False
TT08330,U01512,CR00015,2025-07-21,285.05,PayPal,TC00042,True
TT08331,U01517,CR00007,2025-03-27,0.0,PayPal,TC00042,False
TT08332,U01522,CR00013,2025-02-11,0.0,PayPal,TC00042,False
TT08333,U01526,CR00036,2025-08-17,0.0,Bank Transfer,TC00042,False
TT08334,U01528,CR00015,2025-09-15,285.05,Credit Card,TC00040,True
TT08335,U01530,CR00027,2025-07-02,0.0,PayPal,TC00042,False
TT08336,U01531,CR00010,2025-11-17,0.0,Credit Card,TC00042,False
TT08337,U01536,CR00045,2025-02-14,0.0,Credit Card,TC00040,False
TT08338,U01543,CR00032,2025-07-21,0.0,Bank Transfer,TC00040,False
TT08339,U01553,CR00025,2025-05-12,299.57,PayPal,TC00042,True
TT08340,U01575,CR00031,2025-08-30,0.0,PayPal,TC00040,False
TT08341,U01578,CR00041,2025-10-28,53.86,Credit Card,TC00042,True
TT08342,U01586,CR00015,2025-07-27,285.05,Bank Transfer,TC00042,True
TT08343,U01602,CR00027,2025-07-21,0.0,Credit Card,TC00042,False
TT08344,U01618,CR00045,2025-09-25,0.0,Bank Transfer,TC00040,False
TT08345,U01627,CR00005,2025-12-18,0.0,Credit Card,TC00042,False
TT08346,U01628,CR00045,2025-08-19,0.0,Credit Card,TC00042,False
TT08347,U01635,CR00014,2025-09-08,0.0,PayPal,TC00042,False
TT08348,U01637,CR00044,2025-10-06,119.04,Bank Transfer,TC00040,True
TT08349,U01647,CR00058,2025-12-15,0.0,Bank Transfer,TC00040,False
TT08350,U01649,CR00011,2025-12-15,326.02,Bank Transfer,TC00040,True
TT08351,U01654,CR00001,2025-09-07,472.28,PayPal,TC00042,True
TT08352,U01656,CR00052,2025-05-23,0.0,Bank Transfer,TC00040,False
TT08353,U01662,CR00034,2025-06-28,394.26,PayPal,TC00040,True
TT08354,U01666,CR00060,2025-04-04,0.0,Bank Transfer,TC00042,False
TT08355,U01671,CR00045,2025-04-06,0.0,Credit Card,TC00040,False
TT08356,U01674,CR00041,2025-03-01,53.86,Bank Transfer,TC00042,True
TT08357,U01692,CR00027,2025-10-22,0.0,PayPal,TC00042,False
TT08358,U01695,CR00007,2025-07-03,0.0,PayPal,TC00042,False
TT08359,U01702,CR00021,2025-07-05,0.0,Bank Transfer,TC00040,False
TT08360,U01720,CR00022,2025-11-04,0.0,Bank Transfer,TC00040,False
TT08361,U01724,CR00045,2025-10-19,0.0,Bank Transfer,TC00040,False
TT08362,U01726,CR00008,2025-05-08,0.0,Bank Transfer,TC00040,False
TT08363,U01729,CR00041,2025-09-14,53.86,PayPal,TC00042,True
TT08364,U01745,CR00056,2025-05-29,212.39,Credit Card,TC00040,True
TT08365,U01746,CR00057,2025-08-05,177.34,Bank Transfer,TC00040,True
TT08366,U01762,CR00017,2025-09-01,0.0,PayPal,TC00042,False
TT08367,U01773,CR00004,2025-02-09,0.0,Bank Transfer,TC00040,False
TT08368,U01786,CR00032,2025-06-04,0.0,Credit Card,TC00040,False
TT08369,U01789,CR00023,2025-12-15,0.0,PayPal,TC00042,False
TT08370,U01795,CR00011,2025-02-07,326.02,PayPal,TC00042,True
TT08371,U01805,CR00005,2025-11-23,0.0,PayPal,TC00042,False
TT08372,U01810,CR00030,2025-01-12,0.0,PayPal,TC00042,False
TT08373,U01812,CR00004,2025-10-22,0.0,Bank Transfer,TC00040,False
TT08374,U01820,CR00019,2025-03-21,0.0,Bank Transfer,TC00042,False
TT08375,U01822,CR00014,2025-09-19,0.0,PayPal,TC00040,False
TT08376,U01825,CR00008,2025-11-07,0.0,PayPal,TC00042,False
TT08377,U01840,CR00002,2025-09-11,0.0,Credit Card,TC00040,False
TT08378,U01842,CR00046,2025-11-18,248.1,Credit Card,TC00042,True
TT08379,U01854,CR00036,2025-04-20,0.0,Bank Transfer,TC00040,False
TT08380,U01867,CR00001,2025-09-20,472.28,Credit Card,TC00040,True
TT08381,U01871,CR00011,2025-11-23,326.02,Credit Card,TC00042,True
TT08382,U01872,CR00033,2025-04-16,0.0,PayPal,TC00040,False
TT08383,U01876,CR00043,2025-02-26,0.0,Bank Transfer,TC00040,False
TT08384,U01879,CR00046,2025-02-12,248.1,Bank Transfer,TC00040,True
TT08385,U01893,CR00034,2025-06-14,394.26,Credit Card,TC00040,True
TT08386,U01896,CR00048,2025-09-03,0.0,PayPal,TC00042,False
TT08387,U01903,CR00005,2025-12-24,0.0,Bank Transfer,TC00042,False
TT08388,U01906,CR00017,2025-04-11,0.0,PayPal,TC00042,False
TT08389,U01908,CR00005,2025-06-09,0.0,Credit Card,TC00042,False
TT08390,U01917,CR00056,2025-11-09,212.39,Credit Card,TC00042,True
TT08391,U01918,CR00053,2025-09-25,0.0,Bank Transfer,TC00040,False
TT08392,U01926,CR00015,2025-06-19,285.05,PayPal,TC00040,True
TT08393,U01929,CR00043,2025-10-22,0.0,PayPal,TC00042,False
TT08394,U01931,CR00028,2025-08-29,0.78,PayPal,TC00042,True
TT08395,U01934,CR00014,2025-04-18,0.0,Credit Card,TC00040,False
TT08396,U01943,CR00001,2025-09-11,472.28,PayPal,TC00042,True
TT08397,U01953,CR00014,2025-06-09,0.0,PayPal,TC00042,False
TT08398,U01958,CR00039,2025-05-11,346.71,PayPal,TC00040,True
TT08399,U01959,CR00017,2025-03-18,0.0,PayPal,TC00042,False
TT08400,U01962,CR00030,2025-07-15,0.0,Credit Card,TC00042,False
TT08401,U01979,CR00040,2025-06-10,327.99,Bank Transfer,TC00040,True
TT08402,U01987,CR00021,2025-02-13,0.0,Bank Transfer,TC00040,False
TT08403,U01989,CR00044,2025-06-29,119.04,PayPal,TC00042,True
TT08404,U01993,CR00013,2025-07-01,0.0,Credit Card,TC00040,False
TT08405,U01994,CR00017,2025-06-16,0.0,Credit Card,TC00042,False
TT08406,U01998,CR00056,2025-03-02,212.39,PayPal,TC00042,True
TT08407,U02010,CR00054,2025-12-17,0.0,Bank Transfer,TC00042,False
TT08408,U02015,CR00007,2025-12-05,0.0,Credit Card,TC00040,False
TT08409,U02035,CR00043,2025-12-17,0.0,PayPal,TC00040,False
TT08410,U02038,CR00010,2025-10-04,0.0,Credit Card,TC00042,False
TT08411,U02055,CR00036,2025-01-25,0.0,Bank Transfer,TC00040,False
TT08412,U02058,CR00024,2025-06-18,117.68,PayPal,TC00042,True
TT08413,U02064,CR00058,2025-06-04,0.0,PayPal,TC00040,False
TT08414,U02068,CR00001,2025-11-09,472.28,PayPal,TC00042,True
TT08415,U02071,CR00050,2025-02-25,490.9,Credit Card,TC00042,True
TT08416,U02074,CR00041,2025-07-15,53.86,Bank Transfer,TC00040,True
TT08417,U02077,CR00053,2025-07-11,0.0,PayPal,TC00042,False
TT08418,U02094,CR00042,2025-06-18,0.0,Credit Card,TC00040,False
TT08419,U02096,CR00049,2025-08-19,415.51,PayPal,TC00040,True
TT08420,U02098,CR00006,2025-12-29,276.37,PayPal,TC00042,True
TT08421,U02125,CR00018,2025-08-24,0.0,Bank Transfer,TC00040,False
TT08422,U02144,CR00041,2025-05-09,53.86,PayPal,TC00040,True
TT08423,U02147,CR00060,2025-07-29,0.0,Credit Card,TC00040,False
TT08424,U02149,CR00021,2025-07-02,0.0,Bank Transfer,TC00040,False
TT08425,U02152,CR00039,2025-08-05,346.71,PayPal,TC00040,True
TT08426,U02153,CR00025,2025-12-01,299.57,Bank Transfer,TC00040,True
TT08427,U02155,CR00055,2025-06-14,57.32,Credit Card,TC00042,True
TT08428,U02161,CR00028,2025-12-03,0.78,PayPal,TC00042,True
TT08429,U02174,CR00047,2025-07-26,89.59,PayPal,TC00042,True
TT08430,U02199,CR00053,2025-11-20,0.0,Bank Transfer,TC00040,False
TT08431,U02212,CR00023,2025-02-09,0.0,Bank Transfer,TC00042,False
TT08432,U02217,CR00017,2025-03-13,0.0,PayPal,TC00040,False
TT08433,U02224,CR00046,2025-10-13,248.1,Bank Transfer,TC00040,True
TT08434,U02231,CR00005,2025-05-26,0.0,Credit Card,TC00040,False
TT08435,U02248,CR00023,2025-12-18,0.0,Bank Transfer,TC00042,False
TT08436,U02250,CR00039,2025-04-19,346.71,Bank Transfer,TC00042,True
TT08437,U02254,CR00018,2025-09-18,0.0,Credit Card,TC00042,False
TT08438,U02258,CR00012,2025-08-02,487.92,PayPal,TC00042,True
TT08439,U02284,CR00029,2025-09-28,0.0,Bank Transfer,TC00042,False
TT08440,U02288,CR00033,2025-06-10,0.0,Credit Card,TC00040,False
TT08441,U02290,CR00021,2025-03-27,0.0,PayPal,TC00040,False
TT08442,U02300,CR00007,2025-01-07,0.0,Bank Transfer,TC00042,False
TT08443,U02301,CR00022,2025-10-23,0.0,Bank Transfer,TC00040,False
TT08444,U02315,CR00052,2025-07-13,0.0,Bank Transfer,TC00042,False
TT08445,U02336,CR00044,2025-07-22,119.04,Credit Card,TC00042,True
TT08446,U02337,CR00036,2025-08-13,0.0,Bank Transfer,TC00040,False
TT08447,U02341,CR00035,2025-06-18,0.0,PayPal,TC00040,False
TT08448,U02345,CR00032,2025-07-29,0.0,PayPal,TC00040,False
TT08449,U02370,CR00016,2025-04-15,0.0,Credit Card,TC00040,False
TT08450,U02371,CR00015,2025-07-29,285.05,Bank Transfer,TC00042,True
TT08451,U02410,CR00051,2025-05-10,37.89,Bank Transfer,TC00040,True
TT08452,U02415,CR00006,2025-11-05,276.37,PayPal,TC00042,True
TT08453,U02427,CR00023,2025-03-01,0.0,Bank Transfer,TC00042,False
TT08454,U02432,CR00060,2025-05-07,0.0,Bank Transfer,TC00042,False
TT08455,U02445,CR00041,2025-10-26,53.86,Bank Transfer,TC00042,True
TT08456,U02485,CR00055,2025-11-17,57.32,Bank Transfer,TC00042,True
TT08457,U02512,CR00037,2025-12-12,0.0,Credit Card,TC00042,False
TT08458,U02537,CR00058,2025-05-03,0.0,PayPal,TC00042,False
TT08459,U02540,CR00044,2025-06-30,119.04,PayPal,TC00040,True
TT08460,U02541,CR00024,2025-03-13,117.68,Bank Transfer,TC00040,True
TT08461,U02542,CR00027,2025-08-01,0.0,Bank Transfer,TC00042,False
TT08462,U02564,CR00026,2025-12-15,0.0,Bank Transfer,TC00042,False
TT08463,U02566,CR00025,2025-05-26,299.57,PayPal,TC00042,True
TT08464,U02582,CR00021,2025-12-17,0.0,Credit Card,TC00042,False
TT08465,U02583,CR00013,2025-12-23,0.0,Bank Transfer,TC00040,False
TT08466,U02593,CR00035,2025-03-25,0.0,Credit Card,TC00040,False
TT08467,U02602,CR00002,2025-03-05,0.0,Bank Transfer,TC00042,False
TT08468,U02605,CR00016,2025-05-26,0.0,Bank Transfer,TC00040,False
TT08469,U02612,CR00003,2025-09-03,0.0,PayPal,TC00042,False
TT08470,U02614,CR00026,2025-08-08,0.0,Bank Transfer,TC00042,False
TT08471,U02616,CR00002,2025-06-05,0.0,Credit Card,TC00042,False
TT08472,U02623,CR00043,2025-11-30,0.0,PayPal,TC00042,False
TT08473,U02630,CR00054,2025-01-30,0.0,PayPal,TC00040,False
TT08474,U02633,CR00002,2025-08-12,0.0,Credit Card,TC00040,False
TT08475,U02645,CR00018,2025-06-18,0.0,Bank Transfer,TC00040,False
TT08476,U02651,CR00015,2025-11-06,285.05,Bank Transfer,TC00042,True
TT08477,U02663,CR00005,2025-07-30,0.0,Credit Card,TC00042,False
TT08478,U02672,CR00016,2025-09-25,0.0,PayPal,TC00040,False
TT08479,U02679,CR00060,2025-02-11,0.0,Credit Card,TC00042,False
TT08480,U02684,CR00050,2025-04-30,490.9,Bank Transfer,TC00040,True
TT08481,U02698,CR00055,2025-07-25,57.32,PayPal,TC00040,True
TT08482,U02733,CR00003,2025-06-14,0.0,PayPal,TC00040,False
TT08483,U02743,CR00041,2025-07-03,53.86,Credit Card,TC00040,True
TT08484,U02754,CR00056,2025-03-30,212.39,PayPal,TC00040,True
TT08485,U02767,CR00005,2025-01-07,0.0,PayPal,TC00042,False
TT08486,U02775,CR00041,2025-03-07,53.86,PayPal,TC00042,True
TT08487,U02786,CR00038,2025-03-05,342.61,PayPal,TC00042,True
TT08488,U02788,CR00033,2025-07-20,0.0,Credit Card,TC00040,False
TT08489,U02792,CR00057,2025-09-22,177.34,Credit Card,TC00040,True
TT08490,U02793,CR00058,2025-09-28,0.0,PayPal,TC00042,False
TT08491,U02825,CR00002,2025-11-22,0.0,PayPal,TC00040,False
TT08492,U02832,CR00043,2025-05-09,0.0,Bank Transfer,TC00040,False
TT08493,U02843,CR00058,2025-01-07,0.0,PayPal,TC00040,False
TT08494,U02844,CR00018,2025-07-01,0.0,Credit Card,TC00042,False
TT08495,U02850,CR00039,2025-01-27,346.71,PayPal,TC00040,True
TT08496,U02857,CR00021,2025-07-07,0.0,PayPal,TC00040,False
TT08497,U02899,CR00052,2025-05-11,0.0,Credit Card,TC00042,False
TT08498,U02909,CR00054,2025-04-27,0.0,Bank Transfer,TC00042,False
TT08499,U02915,CR00058,2025-11-26,0.0,PayPal,TC00042,False
TT08500,U02916,CR00003,2025-03-15,0.0,Bank Transfer,TC00042,False
TT08501,U02927,CR00003,2025-04-06,0.0,Credit Card,TC00040,False
TT08502,U02931,CR00002,2025-02-24,0.0,Credit Card,TC00042,False
TT08503,U02937,CR00047,2025-02-01,89.59,PayPal,TC00042,True
TT08504,U02941,CR00057,2025-01-03,177.34,PayPal,TC00042,True
TT08505,U02945,CR00052,2025-12-28,0.0,Credit Card,TC00042,False
TT08506,U02947,CR00011,2025-05-13,326.02,PayPal,TC00040,True
TT08507,U02971,CR00046,2025-04-03,248.1,Bank Transfer,TC00042,True
TT08508,U02974,CR00060,2025-12-18,0.0,Bank Transfer,TC00042,False
TT08509,U02976,CR00041,2025-04-27,53.86,PayPal,TC00040,True
TT08510,U02981,CR00002,2025-04-18,0.0,Bank Transfer,TC00040,False
TT08511,U02984,CR00026,2025-06-23,0.0,Credit Card,TC00042,False
TT08512,U02989,CR00022,2025-02-08,0.0,PayPal,TC00042,False
TT08513,U02992,CR00011,2025-01-16,326.02,PayPal,TC00042,True
TT08514,U02994,CR00048,2025-02-26,0.0,PayPal,TC00040,False
TT08515,U00013,CR00023,2025-06-28,0.0,Bank Transfer,TC00042,False
TT08516,U00015,CR00052,2025-01-30,0.0,PayPal,TC00042,False
TT08517,U00018,CR00033,2025-08-15,0.0,Credit Card,TC00040,False
TT08518,U00028,CR00045,2025-06-15,0.0,Bank Transfer,TC00040,False
TT08519,U00045,CR00040,2025-03-07,327.99,Bank Transfer,TC00040,True
TT08520,U00048,CR00010,2025-11-01,0.0,Credit Card,TC00042,False
TT08521,U00055,CR00019,2025-01-09,0.0,Bank Transfer,TC00040,False
TT08522,U00071,CR00023,2025-03-23,0.0,PayPal,TC00042,False
TT08523,U00083,CR00029,2025-09-30,0.0,PayPal,TC00042,False
TT08524,U00085,CR00040,2025-06-17,327.99,Bank Transfer,TC00040,True
TT08525,U00109,CR00041,2025-04-15,53.86,Credit Card,TC00040,True
TT08526,U00112,CR00045,2025-03-01,0.0,Credit Card,TC00042,False
TT08527,U00117,CR00024,2025-04-14,117.68,Bank Transfer,TC00040,True
TT08528,U00126,CR00029,2025-06-14,0.0,Credit Card,TC00042,False
TT08529,U00128,CR00059,2025-09-09,0.0,PayPal,TC00042,False
TT08530,U00133,CR00053,2025-02-28,0.0,Credit Card,TC00042,False
TT08531,U00134,CR00010,2025-05-21,0.0,PayPal,TC00042,False
TT08532,U00144,CR00033,2025-05-12,0.0,Bank Transfer,TC00040,False
TT08533,U00152,CR00055,2025-12-14,57.32,Credit Card,TC00042,True
TT08534,U00166,CR00054,2025-06-01,0.0,Credit Card,TC00040,False
TT08535,U00169,CR00053,2025-03-21,0.0,Credit Card,TC00040,False
TT08536,U00173,CR00036,2025-05-10,0.0,Bank Transfer,TC00040,False
TT08537,U00177,CR00041,2025-03-06,53.86,Credit Card,TC00042,True
TT08538,U00178,CR00024,2025-11-14,117.68,Credit Card,TC00042,True
TT08539,U00191,CR00049,2025-04-06,415.51,Credit Card,TC00042,True
TT08540,U00192,CR00018,2025-07-17,0.0,Bank Transfer,TC00040,False
TT08541,U00198,CR00012,2025-10-01,487.92,Bank Transfer,TC00042,True
TT08542,U00216,CR00043,2025-05-06,0.0,Credit Card,TC00042,False
TT08543,U00220,CR00028,2025-12-27,0.78,Credit Card,TC00042,True
TT08544,U00238,CR00051,2025-04-04,37.89,PayPal,TC00040,True
TT08545,U00251,CR00051,2025-08-27,37.89,PayPal,TC00042,True
TT08546,U00265,CR00012,2025-01-08,487.92,Bank Transfer,TC00042,True
TT08547,U00282,CR00011,2025-04-16,326.02,Credit Card,TC00042,True
TT08548,U00292,CR00040,2025-06-30,327.99,Bank Transfer,TC00040,True
TT08549,U00293,CR00060,2025-08-24,0.0,Bank Transfer,TC00042,False
TT08550,U00298,CR00006,2025-11-15,276.37,Credit Card,TC00042,True
TT08551,U00303,CR00036,2025-06-28,0.0,Credit Card,TC00042,False
TT08552,U00321,CR00040,2025-09-15,327.99,Bank Transfer,TC00040,True
TT08553,U00322,CR00051,2025-10-07,37.89,PayPal,TC00040,True
TT08554,U00323,CR00014,2025-12-12,0.0,Bank Transfer,TC00040,False
TT08555,U00328,CR00050,2025-06-06,490.9,Credit Card,TC00040,True
TT08556,U00329,CR00058,2025-08-09,0.0,Bank Transfer,TC00042,False
TT08557,U00330,CR00031,2025-09-06,0.0,Credit Card,TC00040,False
TT08558,U00339,CR00003,2025-04-10,0.0,Bank Transfer,TC00042,False
TT08559,U00340,CR00014,2025-08-28,0.0,PayPal,TC00040,False
TT08560,U00345,CR00005,2025-10-13,0.0,Credit Card,TC00040,False
TT08561,U00351,CR00043,2025-03-29,0.0,PayPal,TC00040,False
TT08562,U00352,CR00004,2025-10-30,0.0,Bank Transfer,TC00040,False
TT08563,U00353,CR00017,2025-11-10,0.0,PayPal,TC00040,False
TT08564,U00356,CR00058,2025-11-12,0.0,Bank Transfer,TC00042,False
TT08565,U00357,CR00028,2025-04-01,0.78,PayPal,TC00042,True
TT08566,U00362,CR00019,2025-04-16,0.0,Bank Transfer,TC00042,False
TT08567,U00365,CR00015,2025-05-28,285.05,Credit Card,TC00042,True
TT08568,U00379,CR00034,2025-07-02,394.26,Bank Transfer,TC00040,True
TT08569,U00383,CR00016,2025-09-03,0.0,Credit Card,TC00040,False
TT08570,U00394,CR00013,2025-10-11,0.0,Bank Transfer,TC00042,False
TT08571,U00399,CR00020,2025-04-17,0.0,Bank Transfer,TC00040,False
TT08572,U00404,CR00028,2025-03-15,0.78,PayPal,TC00042,True
TT08573,U00406,CR00012,2025-08-23,487.92,PayPal,TC00040,True
TT08574,U00407,CR00050,2025-03-09,490.9,PayPal,TC00042,True
TT08575,U00411,CR00019,2025-01-08,0.0,Credit Card,TC00042,False
TT08576,U00415,CR00055,2025-04-12,57.32,PayPal,TC00040,True
TT08577,U00423,CR00039,2025-08-06,346.71,Credit Card,TC00042,True
TT08578,U00424,CR00006,2025-06-19,276.37,PayPal,TC00040,True
TT08579,U00427,CR00022,2025-05-30,0.0,Bank Transfer,TC00042,False
TT08580,U00438,CR00029,2025-11-25,0.0,PayPal,TC00042,False
TT08581,U00444,CR00055,2025-12-03,57.32,Bank Transfer,TC00040,True
TT08582,U00449,CR00027,2025-03-06,0.0,Credit Card,TC00042,False
TT08583,U00450,CR00012,2025-01-30,487.92,PayPal,TC00042,True
TT08584,U00464,CR00006,2025-06-27,276.37,Bank Transfer,TC00040,True
TT08585,U00494,CR00003,2025-06-22,0.0,Credit Card,TC00042,False
TT08586,U00543,CR00038,2025-03-04,342.61,PayPal,TC00042,True
TT08587,U00548,CR00027,2025-12-04,0.0,Credit Card,TC00042,False
TT08588,U00556,CR00025,2025-01-11,299.57,Credit Card,TC00042,True
TT08589,U00559,CR00048,2025-12-17,0.0,PayPal,TC00042,False
TT08590,U00562,CR00046,2025-02-21,248.1,Credit Card,TC00040,True
TT08591,U00569,CR00027,2025-12-16,0.0,Credit Card,TC00042,False
TT08592,U00570,CR00048,2025-01-11,0.0,Bank Transfer,TC00042,False
TT08593,U00572,CR00023,2025-12-26,0.0,Credit Card,TC00040,False
TT08594,U00573,CR00049,2025-01-30,415.51,PayPal,TC00040,True
TT08595,U00574,CR00039,2025-07-26,346.71,PayPal,TC00040,True
TT08596,U00576,CR00010,2025-02-10,0.0,PayPal,TC00040,False
TT08597,U00584,CR00032,2025-03-08,0.0,Credit Card,TC00040,False
TT08598,U00592,CR00050,2025-04-09,490.9,PayPal,TC00042,True
TT08599,U00595,CR00009,2025-12-15,0.0,Credit Card,TC00042,False
TT08600,U00604,CR00048,2025-05-30,0.0,Credit Card,TC00042,False
TT08601,U00622,CR00053,2025-10-07,0.0,Bank Transfer,TC00040,False
TT08602,U00633,CR00014,2025-03-18,0.0,PayPal,TC00042,False
TT08603,U00636,CR00012,2025-01-13,487.92,Credit Card,TC00040,True
TT08604,U00639,CR00035,2025-06-16,0.0,PayPal,TC00040,False
TT08605,U00666,CR00039,2025-07-17,346.71,Credit Card,TC00042,True
TT08606,U00687,CR00054,2025-11-10,0.0,Bank Transfer,TC00040,False
TT08607,U00701,CR00030,2025-12-21,0.0,Bank Transfer,TC00042,False
TT08608,U00709,CR00038,2025-04-08,342.61,PayPal,TC00040,True
TT08609,U00723,CR00018,2025-10-24,0.0,Bank Transfer,TC00040,False
TT08610,U00724,CR00047,2025-06-07,89.59,Credit Card,TC00040,True
TT08611,U00760,CR00034,2025-12-03,394.26,Credit Card,TC00040,True
TT08612,U00767,CR00026,2025-09-28,0.0,PayPal,TC00042,False
TT08613,U00772,CR00059,2025-07-07,0.0,PayPal,TC00042,False
TT08614,U00775,CR00026,2025-04-10,0.0,Credit Card,TC00042,False
TT08615,U00786,CR00043,2025-10-30,0.0,PayPal,TC00042,False
TT08616,U00787,CR00058,2025-07-13,0.0,PayPal,TC00040,False
TT08617,U00819,CR00052,2025-06-27,0.0,PayPal,TC00042,False
TT08618,U00821,CR00030,2025-12-27,0.0,PayPal,TC00042,False
TT08619,U00829,CR00043,2025-07-22,0.0,Bank Transfer,TC00042,False
TT08620,U00836,CR00059,2025-09-28,0.0,Credit Card,TC00040,False
TT08621,U00838,CR00024,2025-09-14,117.68,Credit Card,TC00040,True
TT08622,U00850,CR00044,2025-07-18,119.04,Credit Card,TC00042,True
TT08623,U00858,CR00026,2025-08-09,0.0,PayPal,TC00042,False
TT08624,U00870,CR00056,2025-07-29,212.39,Bank Transfer,TC00040,True
TT08625,U00874,CR00050,2025-01-26,490.9,Bank Transfer,TC00040,True
TT08626,U00876,CR00059,2025-03-27,0.0,Bank Transfer,TC00042,False
TT08627,U00881,CR00044,2025-06-20,119.04,PayPal,TC00042,True
TT08628,U00893,CR00043,2025-03-02,0.0,Credit Card,TC00040,False
TT08629,U00898,CR00050,2025-09-11,490.9,Bank Transfer,TC00042,True
TT08630,U00903,CR00015,2025-08-29,285.05,Bank Transfer,TC00042,True
TT08631,U00907,CR00048,2025-02-21,0.0,Credit Card,TC00040,False
TT08632,U00911,CR00034,2025-06-23,394.26,Credit Card,TC00040,True
TT08633,U00915,CR00043,2025-04-26,0.0,Credit Card,TC00042,False
TT08634,U00917,CR00024,2025-09-15,117.68,Bank Transfer,TC00042,True
TT08635,U00919,CR00034,2025-04-12,394.26,Credit Card,TC00040,True
TT08636,U00928,CR00019,2025-05-11,0.0,PayPal,TC00040,False
TT08637,U00959,CR00024,2025-06-25,117.68,Credit Card,TC00042,True
TT08638,U00961,CR00053,2025-08-27,0.0,Bank Transfer,TC00040,False
TT08639,U00967,CR00037,2025-07-12,0.0,PayPal,TC00040,False
TT08640,U00997,CR00010,2025-11-10,0.0,PayPal,TC00040,False
TT08641,U01015,CR00016,2025-02-17,0.0,PayPal,TC00040,False
TT08642,U01020,CR00059,2025-04-13,0.0,PayPal,TC00042,False
TT08643,U01031,CR00060,2025-05-03,0.0,PayPal,TC00040,False
TT08644,U01032,CR00025,2025-03-28,299.57,PayPal,TC00042,True
TT08645,U01033,CR00022,2025-05-23,0.0,Credit Card,TC00042,False
TT08646,U01034,CR00002,2025-06-25,0.0,Bank Transfer,TC00040,False
TT08647,U01079,CR00045,2025-04-15,0.0,Bank Transfer,TC00042,False
TT08648,U01083,CR00025,2025-12-21,299.57,PayPal,TC00042,True
TT08649,U01084,CR00050,2025-02-20,490.9,Credit Card,TC00042,True
TT08650,U01092,CR00009,2025-06-28,0.0,Bank Transfer,TC00040,False
TT08651,U01096,CR00042,2025-03-16,0.0,Bank Transfer,TC00040,False
TT08652,U01123,CR00023,2025-11-28,0.0,PayPal,TC00040,False
TT08653,U01143,CR00049,2025-03-07,415.51,PayPal,TC00040,True
TT08654,U01146,CR00005,2025-11-08,0.0,Credit Card,TC00042,False
TT08655,U01151,CR00014,2025-02-17,0.0,Bank Transfer,TC00040,False
TT08656,U01158,CR00004,2025-01-13,0.0,PayPal,TC00040,False
TT08657,U01163,CR00038,2025-12-16,342.61,Bank Transfer,TC00042,True
TT08658,U01167,CR00056,2025-04-07,212.39,Credit Card,TC00040,True
TT08659,U01177,CR00027,2025-01-10,0.0,Bank Transfer,TC00042,False
TT08660,U01180,CR00044,2025-04-27,119.04,Credit Card,TC00040,True
TT08661,U01197,CR00033,2025-08-11,0.0,PayPal,TC00040,False
TT08662,U01203,CR00004,2025-01-06,0.0,Credit Card,TC00042,False
TT08663,U01221,CR00039,2025-03-17,346.71,PayPal,TC00042,True
TT08664,U01224,CR00049,2025-01-15,415.51,PayPal,TC00042,True
TT08665,U01231,CR00053,2025-11-25,0.0,Bank Transfer,TC00040,False
TT08666,U01233,CR00005,2025-01-21,0.0,PayPal,TC00042,False
TT08667,U01235,CR00028,2025-08-05,0.78,Credit Card,TC00042,True
TT08668,U01239,CR00038,2025-03-26,342.61,PayPal,TC00042,True
TT08669,U01244,CR00032,2025-10-08,0.0,Credit Card,TC00040,False
TT08670,U01249,CR00050,2025-05-06,490.9,Credit Card,TC00040,True
TT08671,U01250,CR00027,2025-04-03,0.0,Bank Transfer,TC00042,False
TT08672,U01261,CR00029,2025-02-01,0.0,PayPal,TC00042,False
TT08673,U01266,CR00051,2025-01-20,37.89,Credit Card,TC00040,True
TT08674,U01268,CR00043,2025-04-18,0.0,Credit Card,TC00040,False
TT08675,U01277,CR00004,2025-11-23,0.0,Bank Transfer,TC00040,False
TT08676,U01280,CR00009,2025-04-14,0.0,Credit Card,TC00040,False
TT08677,U01281,CR00038,2025-12-08,342.61,PayPal,TC00042,True
TT08678,U01286,CR00022,2025-04-17,0.0,Bank Transfer,TC00040,False
TT08679,U01287,CR00050,2025-10-25,490.9,Bank Transfer,TC00040,True
TT08680,U01290,CR00033,2025-01-13,0.0,Bank Transfer,TC00040,False
TT08681,U01315,CR00014,2025-02-05,0.0,PayPal,TC00042,False
TT08682,U01318,CR00044,2025-05-16,119.04,Bank Transfer,TC00040,True
TT08683,U01321,CR00027,2025-11-13,0.0,PayPal,TC00042,False
TT08684,U01322,CR00038,2025-01-16,342.61,PayPal,TC00040,True
TT08685,U01332,CR00008,2025-05-20,0.0,Credit Card,TC00042,False
TT08686,U01334,CR00034,2025-05-06,394.26,Bank Transfer,TC00040,True
TT08687,U01336,CR00025,2025-10-29,299.57,Credit Card,TC00042,True
TT08688,U01337,CR00045,2025-02-21,0.0,Credit Card,TC00040,False
TT08689,U01344,CR00004,2025-02-17,0.0,Credit Card,TC00040,False
TT08690,U01347,CR00028,2025-06-09,0.78,PayPal,TC00042,True
TT08691,U01350,CR00035,2025-05-23,0.0,PayPal,TC00040,False
TT08692,U01352,CR00054,2025-10-18,0.0,PayPal,TC00042,False
TT08693,U01355,CR00012,2025-04-14,487.92,PayPal,TC00042,True
TT08694,U01365,CR00040,2025-08-27,327.99,PayPal,TC00042,True
TT08695,U01375,CR00029,2025-12-02,0.0,PayPal,TC00042,False
TT08696,U01394,CR00037,2025-01-11,0.0,PayPal,TC00042,False
TT08697,U01395,CR00031,2025-02-16,0.0,Credit Card,TC00040,False
TT08698,U01397,CR00015,2025-05-16,285.05,PayPal,TC00042,True
TT08699,U01399,CR00043,2025-06-26,0.0,Credit Card,TC00042,False
TT08700,U01411,CR00001,2025-02-09,472.28,Bank Transfer,TC00042,True
TT08701,U01414,CR00051,2025-05-22,37.89,Bank Transfer,TC00040,True
TT08702,U01429,CR00042,2025-06-10,0.0,PayPal,TC00040,False
TT08703,U01430,CR00033,2025-05-04,0.0,Credit Card,TC00040,False
TT08704,U01435,CR00016,2025-06-22,0.0,Bank Transfer,TC00040,False
TT08705,U01445,CR00025,2025-12-02,299.57,Credit Card,TC00040,True
TT08706,U01450,CR00028,2025-04-16,0.78,Credit Card,TC00042,True
TT08707,U01451,CR00052,2025-04-08,0.0,PayPal,TC00040,False
TT08708,U01455,CR00036,2025-02-12,0.0,Bank Transfer,TC00040,False
TT08709,U01463,CR00005,2025-03-24,0.0,Credit Card,TC00042,False
TT08710,U01472,CR00017,2025-10-13,0.0,PayPal,TC00040,False
TT08711,U01473,CR00044,2025-08-23,119.04,Bank Transfer,TC00042,True
TT08712,U01475,CR00052,2025-02-07,0.0,Credit Card,TC00040,False
TT08713,U01496,CR00028,2025-06-23,0.78,PayPal,TC00042,True
TT08714,U01497,CR00060,2025-03-06,0.0,PayPal,TC00040,False
TT08715,U01500,CR00046,2025-01-02,248.1,Credit Card,TC00040,True
TT08716,U01506,CR00043,2025-10-16,0.0,Credit Card,TC00040,False
TT08717,U01511,CR00037,2025-11-20,0.0,PayPal,TC00042,False
TT08718,U01512,CR00018,2025-01-02,0.0,Credit Card,TC00042,False
TT08719,U01517,CR00031,2025-02-17,0.0,PayPal,TC00040,False
TT08720,U01522,CR00014,2025-10-29,0.0,Credit Card,TC00040,False
TT08721,U01530,CR00014,2025-02-13,0.0,Credit Card,TC00040,False
TT08722,U01543,CR00053,2025-10-02,0.0,PayPal,TC00042,False
TT08723,U01575,CR00050,2025-12-01,490.9,Credit Card,TC00040,True
TT08724,U01578,CR00006,2025-03-09,276.37,PayPal,TC00040,True
TT08725,U01585,CR00045,2025-01-30,0.0,PayPal,TC00042,False
TT08726,U01586,CR00027,2025-12-10,0.0,Credit Card,TC00042,False
TT08727,U01602,CR00048,2025-03-13,0.0,PayPal,TC00042,False
TT08728,U01618,CR00020,2025-03-29,0.0,Credit Card,TC00040,False
TT08729,U01627,CR00007,2025-07-20,0.0,PayPal,TC00040,False
TT08730,U01628,CR00012,2025-11-18,487.92,Bank Transfer,TC00040,True
TT08731,U01635,CR00053,2025-10-13,0.0,Credit Card,TC00040,False
TT08732,U01637,CR00038,2025-02-09,342.61,Credit Card,TC00042,True
TT08733,U01647,CR00034,2025-09-30,394.26,PayPal,TC00040,True
TT08734,U01649,CR00002,2025-08-21,0.0,Bank Transfer,TC00042,False
TT08735,U01654,CR00015,2025-01-16,285.05,PayPal,TC00040,True
TT08736,U01656,CR00033,2025-01-15,0.0,Bank Transfer,TC00040,False
TT08737,U01662,CR00036,2025-05-03,0.0,PayPal,TC00042,False
TT08738,U01666,CR00058,2025-06-17,0.0,Bank Transfer,TC00040,False
TT08739,U01671,CR00011,2025-04-30,326.02,Credit Card,TC00040,True
TT08740,U01674,CR00032,2025-04-24,0.0,Credit Card,TC00040,False
TT08741,U01695,CR00033,2025-04-24,0.0,Bank Transfer,TC00040,False
TT08742,U01702,CR00044,2025-09-01,119.04,Credit Card,TC00040,True
TT08743,U01720,CR00045,2025-01-14,0.0,Credit Card,TC00042,False
TT08744,U01724,CR00010,2025-06-28,0.0,Credit Card,TC00040,False
TT08745,U01726,CR00032,2025-07-20,0.0,Bank Transfer,TC00040,False
TT08746,U01729,CR00056,2025-01-07,212.39,Bank Transfer,TC00042,True
TT08747,U01745,CR00036,2025-02-14,0.0,Credit Card,TC00042,False
TT08748,U01746,CR00036,2025-02-20,0.0,PayPal,TC00042,False
TT08749,U01762,CR00028,2025-06-08,0.78,PayPal,TC00042,True
TT08750,U01773,CR00046,2025-08-03,248.1,Credit Card,TC00042,True
TT08751,U01786,CR00051,2025-02-07,37.89,Bank Transfer,TC00042,True
TT08752,U01789,CR00033,2025-08-20,0.0,Bank Transfer,TC00040,False
TT08753,U01795,CR00039,2025-09-07,346.71,Credit Card,TC00040,True
TT08754,U01805,CR00003,2025-09-06,0.0,Credit Card,TC00042,False
TT08755,U01809,CR00045,2025-02-24,0.0,Credit Card,TC00040,False
TT08756,U01810,CR00055,2025-03-14,57.32,Credit Card,TC00042,True
TT08757,U01812,CR00019,2025-05-28,0.0,Bank Transfer,TC00042,False
TT08758,U01822,CR00040,2025-06-29,327.99,Credit Card,TC00040,True
TT08759,U01825,CR00032,2025-03-11,0.0,PayPal,TC00040,False
TT08760,U01840,CR00043,2025-11-09,0.0,PayPal,TC00042,False
TT08761,U01842,CR00027,2025-05-30,0.0,PayPal,TC00042,False
TT08762,U01867,CR00009,2025-02-07,0.0,PayPal,TC00040,False
TT08763,U01871,CR00013,2025-12-29,0.0,Bank Transfer,TC00042,False
TT08764,U01872,CR00050,2025-04-21,490.9,PayPal,TC00040,True
TT08765,U01876,CR00051,2025-07-28,37.89,Bank Transfer,TC00040,True
TT08766,U01879,CR00043,2025-08-01,0.0,Credit Card,TC00042,False
TT08767,U01893,CR00043,2025-06-20,0.0,Credit Card,TC00040,False
TT08768,U01896,CR00015,2025-04-03,285.05,Bank Transfer,TC00042,True
TT08769,U01900,CR00048,2025-12-18,0.0,Credit Card,TC00040,False
TT08770,U01903,CR00013,2025-03-20,0.0,PayPal,TC00042,False
TT08771,U01906,CR00015,2025-02-18,285.05,Bank Transfer,TC00042,True
TT08772,U01908,CR00054,2025-03-19,0.0,Bank Transfer,TC00042,False
TT08773,U01917,CR00059,2025-10-24,0.0,PayPal,TC00040,False
TT08774,U01918,CR00001,2025-08-27,472.28,Credit Card,TC00042,True
TT08775,U01920,CR00011,2025-07-03,326.02,Credit Card,TC00040,True
TT08776,U01926,CR00054,2025-07-23,0.0,Credit Card,TC00042,False
TT08777,U01929,CR00031,2025-06-10,0.0,Bank Transfer,TC00040,False
TT08778,U01943,CR00041,2025-01-03,53.86,PayPal,TC00040,True
TT08779,U01953,CR00023,2025-10-10,0.0,Credit Card,TC00042,False
TT08780,U01958,CR00011,2025-04-03,326.02,Credit Card,TC00042,True
TT08781,U01979,CR00054,2025-11-20,0.0,PayPal,TC00040,False
TT08782,U01987,CR00057,2025-07-08,177.34,PayPal,TC00040,True
TT08783,U01989,CR00057,2025-05-16,177.34,PayPal,TC00040,True
TT08784,U01993,CR00030,2025-07-11,0.0,PayPal,TC00042,False
TT08785,U01994,CR00028,2025-03-13,0.78,Credit Card,TC00042,True
TT08786,U02010,CR00052,2025-01-16,0.0,PayPal,TC00042,False
TT08787,U02022,CR00034,2025-09-08,394.26,PayPal,TC00040,True
TT08788,U02035,CR00053,2025-01-16,0.0,PayPal,TC00040,False
TT08789,U02038,CR00019,2025-10-16,0.0,Credit Card,TC00042,False
TT08790,U02039,CR00048,2025-08-28,0.0,Bank Transfer,TC00042,False
TT08791,U02055,CR00027,2025-07-26,0.0,PayPal,TC00042,False
TT08792,U02058,CR00052,2025-04-20,0.0,Bank Transfer,TC00040,False
TT08793,U02064,CR00002,2025-12-18,0.0,PayPal,TC00042,False
TT08794,U02068,CR00005,2025-03-17,0.0,Bank Transfer,TC00042,False
TT08795,U02071,CR00054,2025-04-19,0.0,PayPal,TC00042,False
TT08796,U02074,CR00024,2025-06-04,117.68,PayPal,TC00042,True
TT08797,U02077,CR00003,2025-08-24,0.0,Credit Card,TC00040,False
TT08798,U02094,CR00029,2025-02-01,0.0,Credit Card,TC00042,False
TT08799,U02096,CR00048,2025-07-11,0.0,Credit Card,TC00040,False
TT08800,U02098,CR00027,2025-04-18,0.0,PayPal,TC00042,False
TT08801,U02125,CR00048,2025-12-18,0.0,Bank Transfer,TC00040,False
TT08802,U02144,CR00048,2025-03-11,0.0,Credit Card,TC00040,False
TT08803,U02147,CR00033,2025-01-25,0.0,Credit Card,TC00040,False
TT08804,U02149,CR00028,2025-03-25,0.78,PayPal,TC00042,True
TT08805,U02151,CR00025,2025-08-14,299.57,Credit Card,TC00040,True
TT08806,U02152,CR00050,2025-11-08,490.9,Bank Transfer,TC00042,True
TT08807,U02153,CR00027,2025-06-04,0.0,Bank Transfer,TC00042,False
TT08808,U02155,CR00025,2025-07-22,299.57,PayPal,TC00042,True
TT08809,U02174,CR00044,2025-07-02,119.04,Bank Transfer,TC00042,True
TT08810,U02212,CR00022,2025-07-29,0.0,Credit Card,TC00040,False
TT08811,U02215,CR00046,2025-03-12,248.1,PayPal,TC00042,True
TT08812,U02217,CR00060,2025-09-25,0.0,Credit Card,TC00040,False
TT08813,U02224,CR00030,2025-07-05,0.0,Credit Card,TC00042,False
TT08814,U02231,CR00043,2025-03-26,0.0,PayPal,TC00040,False
TT08815,U02248,CR00029,2025-04-28,0.0,Credit Card,TC00042,False
TT08816,U02254,CR00044,2025-03-02,119.04,Bank Transfer,TC00040,True
TT08817,U02258,CR00010,2025-05-03,0.0,Credit Card,TC00042,False
TT08818,U02284,CR00008,2025-02-12,0.0,Bank Transfer,TC00042,False
TT08819,U02288,CR00053,2025-07-11,0.0,PayPal,TC00040,False
TT08820,U02290,CR00006,2025-03-28,276.37,Credit Card,TC00042,True
TT08821,U02300,CR00016,2025-05-04,0.0,Bank Transfer,TC00040,False
TT08822,U02301,CR00026,2025-03-10,0.0,Bank Transfer,TC00042,False
TT08823,U02306,CR00015,2025-06-09,285.05,Credit Card,TC00042,True
TT08824,U02315,CR00024,2025-10-29,117.68,PayPal,TC00042,True
TT08825,U02336,CR00007,2025-09-25,0.0,PayPal,TC00042,False
TT08826,U02337,CR00038,2025-01-07,342.61,Bank Transfer,TC00040,True
TT08827,U02341,CR00042,2025-04-02,0.0,PayPal,TC00040,False
TT08828,U02344,CR00046,2025-01-20,248.1,Bank Transfer,TC00040,True
TT08829,U02345,CR00043,2025-01-26,0.0,Credit Card,TC00040,False
TT08830,U02349,CR00035,2025-11-21,0.0,Credit Card,TC00040,False
TT08831,U02370,CR00036,2025-12-12,0.0,PayPal,TC00042,False
TT08832,U02371,CR00049,2025-09-25,415.51,Credit Card,TC00042,True
TT08833,U02415,CR00044,2025-08-04,119.04,PayPal,TC00042,True
TT08834,U02427,CR00007,2025-07-11,0.0,PayPal,TC00042,False
TT08835,U02432,CR00047,2025-01-11,89.59,PayPal,TC00040,True
TT08836,U02445,CR00026,2025-05-27,0.0,PayPal,TC00042,False
TT08837,U02459,CR00041,2025-11-18,53.86,PayPal,TC00040,True
TT08838,U02470,CR00044,2025-01-26,119.04,PayPal,TC00042,True
TT08839,U02485,CR00003,2025-06-08,0.0,Credit Card,TC00040,False
TT08840,U02490,CR00021,2025-09-28,0.0,PayPal,TC00042,False
TT08841,U02512,CR00012,2025-01-29,487.92,PayPal,TC00042,True
TT08842,U02515,CR00032,2025-06-11,0.0,Bank Transfer,TC00040,False
TT08843,U02537,CR00038,2025-02-12,342.61,PayPal,TC00042,True
TT08844,U02540,CR00007,2025-10-03,0.0,Credit Card,TC00040,False
TT08845,U02541,CR00004,2025-07-27,0.0,PayPal,TC00040,False
TT08846,U02542,CR00036,2025-10-23,0.0,PayPal,TC00040,False
TT08847,U02564,CR00054,2025-10-04,0.0,Bank Transfer,TC00040,False
TT08848,U02566,CR00016,2025-12-28,0.0,PayPal,TC00040,False
TT08849,U02582,CR00001,2025-05-28,472.28,Bank Transfer,TC00042,True
TT08850,U02583,CR00009,2025-09-10,0.0,PayPal,TC00042,False
TT08851,U02605,CR00020,2025-08-05,0.0,Credit Card,TC00040,False
TT08852,U02612,CR00024,2025-12-27,117.68,Credit Card,TC00042,True
TT08853,U02614,CR00047,2025-07-20,89.59,Bank Transfer,TC00042,True
TT08854,U02616,CR00041,2025-09-21,53.86,PayPal,TC00040,True
TT08855,U02630,CR00042,2025-03-13,0.0,PayPal,TC00040,False
TT08856,U02633,CR00044,2025-09-02,119.04,Credit Card,TC00042,True
TT08857,U02643,CR00032,2025-07-24,0.0,Bank Transfer,TC00040,False
TT08858,U02645,CR00028,2025-09-26,0.78,PayPal,TC00042,True
TT08859,U02651,CR00027,2025-10-21,0.0,Bank Transfer,TC00042,False
TT08860,U02663,CR00050,2025-06-19,490.9,PayPal,TC00042,True
TT08861,U02672,CR00039,2025-07-30,346.71,PayPal,TC00042,True
TT08862,U02679,CR00047,2025-02-22,89.59,PayPal,TC00040,True
TT08863,U02683,CR00036,2025-12-16,0.0,Credit Card,TC00040,False
TT08864,U02684,CR00056,2025-04-25,212.39,Bank Transfer,TC00042,True
TT08865,U02698,CR00049,2025-12-15,415.51,Bank Transfer,TC00040,True
TT08866,U02709,CR00036,2025-01-08,0.0,Credit Card,TC00040,False
TT08867,U02733,CR00014,2025-01-28,0.0,Credit Card,TC00042,False
TT08868,U02743,CR00044,2025-02-16,119.04,Credit Card,TC00040,True
TT08869,U02767,CR00051,2025-08-12,37.89,PayPal,TC00042,True
TT08870,U02770,CR00024,2025-06-20,117.68,Bank Transfer,TC00042,True
TT08871,U02775,CR00015,2025-06-22,285.05,PayPal,TC00042,True
TT08872,U02788,CR00037,2025-12-09,0.0,Bank Transfer,TC00042,False
TT08873,U02791,CR00054,2025-07-18,0.0,Credit Card,TC00042,False
TT08874,U02793,CR00035,2025-03-07,0.0,PayPal,TC00040,False
TT08875,U02825,CR00018,2025-11-05,0.0,Credit Card,TC00042,False
TT08876,U02843,CR00040,2025-01-13,327.99,Credit Card,TC00040,True
TT08877,U02850,CR00059,2025-04-25,0.0,Credit Card,TC00042,False
TT08878,U02857,CR00031,2025-08-26,0.0,Credit Card,TC00040,False
TT08879,U02874,CR00026,2025-10-09,0.0,Credit Card,TC00042,False
TT08880,U02883,CR00038,2025-11-14,342.61,PayPal,TC00042,True
TT08881,U02899,CR00043,2025-01-27,0.0,PayPal,TC00042,False
TT08882,U02909,CR00013,2025-06-21,0.0,Credit Card,TC00040,False
TT08883,U02915,CR00049,2025-10-23,415.51,PayPal,TC00042,True
TT08884,U02916,CR00025,2025-11-09,299.57,Bank Transfer,TC00042,True
TT08885,U02927,CR00042,2025-05-17,0.0,Credit Card,TC00040,False
TT08886,U02931,CR00023,2025-01-25,0.0,Bank Transfer,TC00040,False
TT08887,U02937,CR00044,2025-08-29,119.04,Credit Card,TC00040,True
TT08888,U02947,CR00060,2025-12-24,0.0,PayPal,TC00042,False
TT08889,U02958,CR00046,2025-04-23,248.1,Bank Transfer,TC00040,True
TT08890,U02971,CR00033,2025-04-13,0.0,Credit Card,TC00040,False
TT08891,U02974,CR00011,2025-04-10,326.02,Credit Card,TC00042,True
TT08892,U02976,CR00009,2025-08-13,0.0,Credit Card,TC00042,False
TT08893,U02980,CR00020,2025-03-04,0.0,Bank Transfer,TC00040,False
TT08894,U02981,CR00012,2025-07-15,487.92,PayPal,TC00040,True
TT08895,U02984,CR00020,2025-01-01,0.0,Bank Transfer,TC00042,False
TT08896,U02989,CR00044,2025-06-10,119.04,Bank Transfer,TC00042,True
TT08897,U02992,CR00025,2025-06-30,299.57,Bank Transfer,TC00042,True
TT08898,U00003,CR00046,2025-11-04,248.1,Credit Card,TC00040,True
TT08899,U00004,CR00051,2025-02-17,37.89,Bank Transfer,TC00042,True
TT08900,U00015,CR00023,2025-02-20,0.0,Credit Card,TC00040,False
TT08901,U00018,CR00035,2025-09-26,0.0,Bank Transfer,TC00040,False
TT08902,U00045,CR00011,2025-01-05,326.02,Bank Transfer,TC00042,True
TT08903,U00048,CR00032,2025-10-11,0.0,PayPal,TC00040,False
TT08904,U00055,CR00033,2025-04-13,0.0,PayPal,TC00040,False
TT08905,U00071,CR00018,2025-11-04,0.0,PayPal,TC00042,False
TT08906,U00083,CR00053,2025-09-22,0.0,Credit Card,TC00040,False
TT08907,U00109,CR00018,2025-08-17,0.0,Credit Card,TC00040,False
TT08908,U00112,CR00034,2025-12-25,394.26,PayPal,TC00040,True
TT08909,U00117,CR00041,2025-10-23,53.86,Credit Card,TC00040,True
TT08910,U00126,CR00038,2025-05-23,342.61,PayPal,TC00040,True
TT08911,U00128,CR00040,2025-05-15,327.99,PayPal,TC00042,True
TT08912,U00133,CR00005,2025-12-30,0.0,PayPal,TC00040,False
TT08913,U00144,CR00045,2025-10-29,0.0,PayPal,TC00040,False
TT08914,U00152,CR00004,2025-09-02,0.0,Credit Card,TC00042,False
TT08915,U00161,CR00048,2025-04-17,0.0,PayPal,TC00040,False
TT08916,U00166,CR00026,2025-03-28,0.0,Bank Transfer,TC00042,False
TT08917,U00169,CR00007,2025-09-23,0.0,Bank Transfer,TC00042,False
TT08918,U00173,CR00023,2025-12-12,0.0,Credit Card,TC00042,False
TT08919,U00177,CR00027,2025-09-17,0.0,PayPal,TC00042,False
TT08920,U00178,CR00004,2025-07-11,0.0,Credit Card,TC00042,False
TT08921,U00191,CR00037,2025-11-22,0.0,PayPal,TC00042,False
TT08922,U00192,CR00026,2025-01-29,0.0,Credit Card,TC00042,False
TT08923,U00198,CR00003,2025-04-15,0.0,Bank Transfer,TC00040,False
TT08924,U00208,CR00028,2025-02-21,0.78,Bank Transfer,TC00042,True
TT08925,U00216,CR00008,2025-09-10,0.0,Bank Transfer,TC00040,False
TT08926,U00220,CR00037,2025-07-11,0.0,Bank Transfer,TC00042,False
TT08927,U00238,CR00036,2025-12-14,0.0,Bank Transfer,TC00042,False
TT08928,U00260,CR00046,2025-03-14,248.1,PayPal,TC00040,True
TT08929,U00272,CR00039,2025-02-26,346.71,Bank Transfer,TC00042,True
TT08930,U00292,CR00057,2025-06-22,177.34,Credit Card,TC00040,True
TT08931,U00298,CR00016,2025-07-27,0.0,Bank Transfer,TC00040,False
TT08932,U00301,CR00022,2025-10-07,0.0,Bank Transfer,TC00042,False
TT08933,U00303,CR00026,2025-05-16,0.0,Bank Transfer,TC00042,False
TT08934,U00310,CR00045,2025-10-05,0.0,PayPal,TC00042,False
TT08935,U00315,CR00020,2025-10-26,0.0,Credit Card,TC00042,False
TT08936,U00321,CR00005,2025-02-23,0.0,Credit Card,TC00040,False
TT08937,U00322,CR00004,2025-10-09,0.0,Bank Transfer,TC00040,False
TT08938,U00323,CR00012,2025-07-13,487.92,Bank Transfer,TC00040,True
TT08939,U00328,CR00024,2025-03-13,117.68,Bank Transfer,TC00040,True
TT08940,U00329,CR00011,2025-12-05,326.02,Credit Card,TC00042,True
TT08941,U00330,CR00011,2025-08-04,326.02,PayPal,TC00040,True
TT08942,U00334,CR00035,2025-02-06,0.0,Bank Transfer,TC00040,False
TT08943,U00338,CR00041,2025-05-05,53.86,Bank Transfer,TC00040,True
TT08944,U00339,CR00036,2025-12-15,0.0,Credit Card,TC00042,False
TT08945,U00340,CR00036,2025-03-16,0.0,Bank Transfer,TC00042,False
TT08946,U00351,CR00007,2025-04-03,0.0,PayPal,TC00040,False
TT08947,U00352,CR00014,2025-11-08,0.0,Bank Transfer,TC00040,False
TT08948,U00353,CR00035,2025-06-03,0.0,Credit Card,TC00040,False
TT08949,U00356,CR00045,2025-04-16,0.0,PayPal,TC00040,False
TT08950,U00357,CR00005,2025-05-26,0.0,Credit Card,TC00040,False
TT08951,U00362,CR00045,2025-03-10,0.0,PayPal,TC00042,False
TT08952,U00379,CR00011,2025-04-23,326.02,Credit Card,TC00040,True
TT08953,U00383,CR00005,2025-03-13,0.0,Credit Card,TC00042,False
TT08954,U00394,CR00029,2025-01-29,0.0,Credit Card,TC00042,False
TT08955,U00399,CR00040,2025-11-26,327.99,PayPal,TC00040,True
TT08956,U00404,CR00006,2025-08-22,276.37,Credit Card,TC00040,True
TT08957,U00406,CR00010,2025-06-21,0.0,Credit Card,TC00040,False
TT08958,U00407,CR00041,2025-10-29,53.86,Credit Card,TC00042,True
TT08959,U00415,CR00035,2025-10-29,0.0,Bank Transfer,TC00040,False
TT08960,U00423,CR00042,2025-09-24,0.0,PayPal,TC00040,False
TT08961,U00424,CR00059,2025-03-28,0.0,PayPal,TC00042,False
TT08962,U00427,CR00039,2025-10-11,346.71,PayPal,TC00040,True
TT08963,U00438,CR00007,2025-09-30,0.0,Credit Card,TC00042,False
TT08964,U00444,CR00028,2025-03-08,0.78,Credit Card,TC00042,True
TT08965,U00450,CR00034,2025-06-10,394.26,PayPal,TC00040,True
TT08966,U00464,CR00048,2025-11-28,0.0,Credit Card,TC00040,False
TT08967,U00543,CR00060,2025-05-30,0.0,Bank Transfer,TC00042,False
TT08968,U00548,CR00044,2025-09-21,119.04,Bank Transfer,TC00040,True
TT08969,U00556,CR00009,2025-04-20,0.0,PayPal,TC00042,False
TT08970,U00559,CR00054,2025-03-18,0.0,Bank Transfer,TC00042,False
TT08971,U00562,CR00025,2025-06-13,299.57,Credit Card,TC00040,True
TT08972,U00569,CR00037,2025-10-30,0.0,PayPal,TC00042,False
TT08973,U00570,CR00017,2025-01-11,0.0,PayPal,TC00040,False
TT08974,U00572,CR00025,2025-04-13,299.57,Credit Card,TC00042,True
TT08975,U00573,CR00020,2025-03-10,0.0,PayPal,TC00040,False
TT08976,U00584,CR00006,2025-11-08,276.37,PayPal,TC00040,True
TT08977,U00592,CR00021,2025-11-02,0.0,Credit Card,TC00040,False
TT08978,U00604,CR00024,2025-06-17,117.68,Bank Transfer,TC00042,True
TT08979,U00619,CR00058,2025-02-02,0.0,PayPal,TC00042,False
TT08980,U00622,CR00021,2025-03-02,0.0,PayPal,TC00040,False
TT08981,U00636,CR00001,2025-05-24,472.28,Bank Transfer,TC00042,True
TT08982,U00666,CR00033,2025-01-04,0.0,Credit Card,TC00040,False
TT08983,U00687,CR00056,2025-11-24,212.39,Credit Card,TC00042,True
TT08984,U00701,CR00021,2025-05-12,0.0,Bank Transfer,TC00040,False
TT08985,U00704,CR00038,2025-08-25,342.61,Credit Card,TC00042,True
TT08986,U00709,CR00012,2025-04-30,487.92,Bank Transfer,TC00042,True
TT08987,U00723,CR00055,2025-06-24,57.32,Credit Card,TC00040,True
TT08988,U00752,CR00043,2025-08-18,0.0,PayPal,TC00040,False
TT08989,U00760,CR00025,2025-03-29,299.57,Credit Card,TC00040,True
TT08990,U00767,CR00016,2025-10-02,0.0,PayPal,TC00042,False
TT08991,U00775,CR00015,2025-04-12,285.05,PayPal,TC00042,True
TT08992,U00786,CR00039,2025-04-20,346.71,PayPal,TC00042,True
TT08993,U00787,CR00051,2025-03-23,37.89,PayPal,TC00042,True
TT08994,U00819,CR00035,2025-12-04,0.0,Bank Transfer,TC00040,False
TT08995,U00821,CR00042,2025-01-11,0.0,PayPal,TC00042,False
TT08996,U00829,CR00046,2025-02-06,248.1,Bank Transfer,TC00040,True
TT08997,U00836,CR00033,2025-04-27,0.0,Credit Card,TC00040,False
TT08998,U00850,CR00019,2025-06-26,0.0,Bank Transfer,TC00042,False
TT08999,U00852,CR00017,2025-01-14,0.0,Credit Card,TC00042,False
TT09000,U00858,CR00038,2025-08-28,342.61,Credit Card,TC00040,True
TT09001,U00870,CR00036,2025-12-14,0.0,Credit Card,TC00042,False
TT09002,U00876,CR00055,2025-03-04,57.32,PayPal,TC00042,True
TT09003,U00881,CR00056,2025-05-08,212.39,Bank Transfer,TC00040,True
TT09004,U00898,CR00027,2025-02-10,0.0,Credit Card,TC00042,False
TT09005,U00903,CR00045,2025-12-02,0.0,PayPal,TC00042,False
TT09006,U00907,CR00019,2025-01-23,0.0,Credit Card,TC00040,False
TT09007,U00911,CR00014,2025-10-05,0.0,Credit Card,TC00042,False
TT09008,U00915,CR00011,2025-09-07,326.02,PayPal,TC00040,True
TT09009,U00917,CR00050,2025-01-06,490.9,Credit Card,TC00040,True
TT09010,U00919,CR00035,2025-11-03,0.0,Credit Card,TC00040,False
TT09011,U00928,CR00045,2025-06-30,0.0,Credit Card,TC00040,False
TT09012,U00959,CR00035,2025-01-10,0.0,PayPal,TC00040,False
TT09013,U00967,CR00031,2025-07-09,0.0,PayPal,TC00040,False
TT09014,U00981,CR00015,2025-01-10,285.05,PayPal,TC00042,True
TT09015,U00989,CR00017,2025-01-22,0.0,Bank Transfer,TC00042,False
TT09016,U00997,CR00033,2025-10-08,0.0,Credit Card,TC00040,False
TT09017,U01000,CR00037,2025-10-08,0.0,Bank Transfer,TC00040,False
TT09018,U01015,CR00047,2025-10-01,89.59,Bank Transfer,TC00042,True
TT09019,U01020,CR00047,2025-02-07,89.59,Credit Card,TC00042,True
TT09020,U01022,CR00038,2025-11-10,342.61,Bank Transfer,TC00040,True
TT09021,U01031,CR00034,2025-04-15,394.26,Bank Transfer,TC00040,True
TT09022,U01032,CR00010,2025-07-10,0.0,Credit Card,TC00040,False
TT09023,U01033,CR00024,2025-10-15,117.68,Credit Card,TC00040,True
TT09024,U01066,CR00018,2025-03-02,0.0,PayPal,TC00040,False
TT09025,U01079,CR00053,2025-11-05,0.0,PayPal,TC00040,False
TT09026,U01083,CR00052,2025-11-24,0.0,PayPal,TC00042,False
TT09027,U01084,CR00001,2025-01-25,472.28,PayPal,TC00040,True
TT09028,U01092,CR00034,2025-08-21,394.26,Bank Transfer,TC00040,True
TT09029,U01096,CR00007,2025-10-27,0.0,Credit Card,TC00042,False
TT09030,U01123,CR00008,2025-04-13,0.0,Bank Transfer,TC00042,False
TT09031,U01143,CR00027,2025-11-14,0.0,PayPal,TC00042,False
TT09032,U01146,CR00032,2025-01-12,0.0,Credit Card,TC00040,False
TT09033,U01151,CR00035,2025-10-15,0.0,Bank Transfer,TC00040,False
TT09034,U01158,CR00050,2025-03-29,490.9,PayPal,TC00040,True
TT09035,U01163,CR00008,2025-02-26,0.0,PayPal,TC00042,False
TT09036,U01180,CR00055,2025-11-05,57.32,Bank Transfer,TC00042,True
TT09037,U01197,CR00059,2025-11-28,0.0,PayPal,TC00040,False
TT09038,U01203,CR00041,2025-08-23,53.86,Bank Transfer,TC00040,True
TT09039,U01221,CR00040,2025-10-02,327.99,Bank Transfer,TC00040,True
TT09040,U01231,CR00005,2025-08-05,0.0,PayPal,TC00042,False
TT09041,U01233,CR00024,2025-02-16,117.68,Credit Card,TC00040,True
TT09042,U01235,CR00050,2025-10-29,490.9,Bank Transfer,TC00040,True
TT09043,U01237,CR00059,2025-07-20,0.0,PayPal,TC00040,False
TT09044,U01244,CR00049,2025-04-07,415.51,Credit Card,TC00042,True
TT09045,U01249,CR00056,2025-01-30,212.39,PayPal,TC00040,True
TT09046,U01250,CR00033,2025-08-12,0.0,Credit Card,TC00040,False
TT09047,U01261,CR00046,2025-04-02,248.1,Credit Card,TC00042,True
TT09048,U01266,CR00015,2025-07-11,285.05,Credit Card,TC00040,True
TT09049,U01267,CR00024,2025-06-14,117.68,Bank Transfer,TC00042,True
TT09050,U01268,CR00057,2025-01-28,177.34,Bank Transfer,TC00042,True
TT09051,U01280,CR00029,2025-09-04,0.0,PayPal,TC00042,False
TT09052,U01281,CR00002,2025-05-09,0.0,Credit Card,TC00042,False
TT09053,U01284,CR00021,2025-10-20,0.0,Credit Card,TC00040,False
TT09054,U01286,CR00042,2025-02-09,0.0,PayPal,TC00042,False
TT09055,U01290,CR00037,2025-06-12,0.0,PayPal,TC00040,False
TT09056,U01315,CR00005,2025-02-17,0.0,Bank Transfer,TC00042,False
TT09057,U01318,CR00038,2025-02-26,342.61,Credit Card,TC00040,True
TT09058,U01321,CR00011,2025-10-28,326.02,Credit Card,TC00040,True
TT09059,U01322,CR00025,2025-01-26,299.57,PayPal,TC00042,True
TT09060,U01331,CR00041,2025-03-21,53.86,Credit Card,TC00040,True
TT09061,U01332,CR00007,2025-09-07,0.0,Credit Card,TC00040,False
TT09062,U01334,CR00036,2025-07-24,0.0,PayPal,TC00042,False
TT09063,U01336,CR00049,2025-01-21,415.51,Bank Transfer,TC00040,True
TT09064,U01337,CR00046,2025-02-08,248.1,Bank Transfer,TC00042,True
TT09065,U01343,CR00025,2025-10-07,299.57,PayPal,TC00042,True
TT09066,U01344,CR00002,2025-01-06,0.0,PayPal,TC00040,False
TT09067,U01346,CR00002,2025-08-15,0.0,Credit Card,TC00040,False
TT09068,U01347,CR00022,2025-09-05,0.0,Bank Transfer,TC00042,False
TT09069,U01350,CR00014,2025-02-07,0.0,Credit Card,TC00040,False
TT09070,U01355,CR00056,2025-01-08,212.39,Credit Card,TC00042,True
TT09071,U01364,CR00058,2025-09-14,0.0,Credit Card,TC00040,False
TT09072,U01365,CR00003,2025-09-04,0.0,Credit Card,TC00040,False
TT09073,U01375,CR00016,2025-10-04,0.0,PayPal,TC00040,False
TT09074,U01394,CR00013,2025-04-14,0.0,Credit Card,TC00042,False
TT09075,U01395,CR00051,2025-12-05,37.89,Bank Transfer,TC00042,True
TT09076,U01399,CR00054,2025-01-03,0.0,Credit Card,TC00040,False
TT09077,U01411,CR00009,2025-02-26,0.0,PayPal,TC00040,False
TT09078,U01414,CR00043,2025-08-16,0.0,Bank Transfer,TC00040,False
TT09079,U01429,CR00029,2025-03-07,0.0,Bank Transfer,TC00042,False
TT09080,U01430,CR00001,2025-10-03,472.28,Credit Card,TC00042,True
TT09081,U01432,CR00033,2025-12-19,0.0,Bank Transfer,TC00040,False
TT09082,U01435,CR00025,2025-10-11,299.57,PayPal,TC00042,True
TT09083,U01445,CR00049,2025-08-08,415.51,Bank Transfer,TC00042,True
TT09084,U01450,CR00048,2025-06-17,0.0,Bank Transfer,TC00040,False
TT09085,U01455,CR00048,2025-05-27,0.0,Credit Card,TC00042,False
TT09086,U01460,CR00035,2025-02-28,0.0,Bank Transfer,TC00040,False
TT09087,U01463,CR00054,2025-04-08,0.0,PayPal,TC00040,False
TT09088,U01472,CR00003,2025-01-06,0.0,Credit Card,TC00040,False
TT09089,U01473,CR00048,2025-03-24,0.0,Credit Card,TC00042,False
TT09090,U01475,CR00010,2025-01-23,0.0,Bank Transfer,TC00040,False
TT09091,U01496,CR00014,2025-11-01,0.0,Credit Card,TC00040,False
TT09092,U01497,CR00058,2025-03-24,0.0,PayPal,TC00040,False
TT09093,U01500,CR00012,2025-07-01,487.92,Bank Transfer,TC00040,True
TT09094,U01506,CR00045,2025-12-16,0.0,PayPal,TC00040,False
TT09095,U01511,CR00038,2025-08-16,342.61,Bank Transfer,TC00040,True
TT09096,U01512,CR00031,2025-10-28,0.0,Bank Transfer,TC00040,False
TT09097,U01517,CR00013,2025-05-29,0.0,Bank Transfer,TC00042,False
TT09098,U01522,CR00046,2025-11-23,248.1,Bank Transfer,TC00040,True
TT09099,U01528,CR00030,2025-09-12,0.0,Bank Transfer,TC00042,False
TT09100,U01531,CR00048,2025-03-23,0.0,Credit Card,TC00040,False
TT09101,U01536,CR00056,2025-12-11,212.39,Credit Card,TC00042,True
TT09102,U01543,CR00030,2025-06-22,0.0,Credit Card,TC00042,False
TT09103,U01553,CR00014,2025-06-16,0.0,Bank Transfer,TC00042,False
TT09104,U01575,CR00055,2025-05-04,57.32,PayPal,TC00042,True
TT09105,U01578,CR00032,2025-09-06,0.0,Credit Card,TC00040,False
TT09106,U01586,CR00035,2025-08-04,0.0,Credit Card,TC00040,False
TT09107,U01618,CR00017,2025-09-19,0.0,PayPal,TC00040,False
TT09108,U01627,CR00030,2025-09-27,0.0,PayPal,TC00042,False
TT09109,U01628,CR00037,2025-10-15,0.0,Credit Card,TC00040,False
TT09110,U01635,CR00024,2025-07-25,117.68,Bank Transfer,TC00042,True
TT09111,U01637,CR00055,2025-08-25,57.32,Bank Transfer,TC00040,True
TT09112,U01647,CR00021,2025-08-11,0.0,Bank Transfer,TC00042,False
TT09113,U01654,CR00056,2025-02-16,212.39,PayPal,TC00042,True
TT09114,U01662,CR00057,2025-03-15,177.34,PayPal,TC00042,True
TT09115,U01666,CR00056,2025-10-04,212.39,Credit Card,TC00040,True
TT09116,U01671,CR00022,2025-01-10,0.0,Bank Transfer,TC00040,False
TT09117,U01674,CR00023,2025-05-25,0.0,Bank Transfer,TC00040,False
TT09118,U01692,CR00014,2025-06-30,0.0,Credit Card,TC00040,False
TT09119,U01695,CR00055,2025-06-30,57.32,Credit Card,TC00042,True
TT09120,U01702,CR00054,2025-01-19,0.0,PayPal,TC00040,False
TT09121,U01708,CR00005,2025-04-21,0.0,Bank Transfer,TC00040,False
TT09122,U01720,CR00035,2025-12-06,0.0,Credit Card,TC00040,False
TT09123,U01721,CR00020,2025-04-28,0.0,Bank Transfer,TC00042,False
TT09124,U01724,CR00009,2025-06-08,0.0,Credit Card,TC00040,False
TT09125,U01726,CR00047,2025-09-23,89.59,Credit Card,TC00042,True
TT09126,U01729,CR00038,2025-03-06,342.61,PayPal,TC00040,True
TT09127,U01745,CR00018,2025-11-13,0.0,PayPal,TC00040,False
TT09128,U01746,CR00054,2025-09-12,0.0,PayPal,TC00042,False
TT09129,U01762,CR00012,2025-12-16,487.92,Bank Transfer,TC00040,True
TT09130,U01773,CR00011,2025-01-30,326.02,Credit Card,TC00042,True
TT09131,U01786,CR00012,2025-09-14,487.92,PayPal,TC00042,True
TT09132,U01789,CR00039,2025-10-02,346.71,Credit Card,TC00042,True
TT09133,U01795,CR00045,2025-07-21,0.0,Bank Transfer,TC00042,False
TT09134,U01805,CR00008,2025-07-29,0.0,Credit Card,TC00040,False
TT09135,U01809,CR00006,2025-07-24,276.37,Bank Transfer,TC00042,True
TT09136,U01810,CR00014,2025-01-26,0.0,Bank Transfer,TC00040,False
TT09137,U01812,CR00030,2025-01-23,0.0,PayPal,TC00042,False
TT09138,U01820,CR00015,2025-01-28,285.05,Bank Transfer,TC00042,True
TT09139,U01822,CR00048,2025-01-07,0.0,Credit Card,TC00042,False
TT09140,U01825,CR00058,2025-08-28,0.0,Credit Card,TC00040,False
TT09141,U01840,CR00003,2025-10-03,0.0,Credit Card,TC00042,False
TT09142,U01842,CR00023,2025-03-20,0.0,Bank Transfer,TC00042,False
TT09143,U01867,CR00048,2025-03-04,0.0,PayPal,TC00040,False
TT09144,U01871,CR00055,2025-11-30,57.32,Credit Card,TC00040,True
TT09145,U01872,CR00034,2025-11-16,394.26,Credit Card,TC00040,True
TT09146,U01876,CR00038,2025-07-29,342.61,PayPal,TC00040,True
TT09147,U01877,CR00041,2025-06-27,53.86,Bank Transfer,TC00040,True
TT09148,U01879,CR00024,2025-11-13,117.68,Bank Transfer,TC00042,True
TT09149,U01893,CR00016,2025-04-19,0.0,Credit Card,TC00040,False
TT09150,U01903,CR00042,2025-01-20,0.0,Bank Transfer,TC00042,False
TT09151,U01906,CR00029,2025-05-19,0.0,PayPal,TC00042,False
TT09152,U01908,CR00048,2025-05-02,0.0,Bank Transfer,TC00042,False
TT09153,U01917,CR00017,2025-11-16,0.0,PayPal,TC00040,False
TT09154,U01918,CR00047,2025-09-06,89.59,Bank Transfer,TC00042,True
TT09155,U01920,CR00009,2025-07-25,0.0,Bank Transfer,TC00042,False
TT09156,U01926,CR00038,2025-09-18,342.61,Bank Transfer,TC00040,True
TT09157,U01929,CR00015,2025-12-23,285.05,PayPal,TC00042,True
TT09158,U01931,CR00031,2025-03-23,0.0,PayPal,TC00040,False
TT09159,U01934,CR00017,2025-12-11,0.0,PayPal,TC00042,False
TT09160,U01943,CR00056,2025-01-09,212.39,Bank Transfer,TC00040,True
TT09161,U01953,CR00037,2025-07-22,0.0,Credit Card,TC00042,False
TT09162,U01959,CR00018,2025-11-27,0.0,Bank Transfer,TC00042,False
TT09163,U01961,CR00041,2025-09-02,53.86,Credit Card,TC00042,True
TT09164,U01987,CR00054,2025-04-21,0.0,Credit Card,TC00042,False
TT09165,U01989,CR00001,2025-02-02,472.28,Credit Card,TC00040,True
TT09166,U01993,CR00052,2025-11-04,0.0,Bank Transfer,TC00042,False
TT09167,U01998,CR00042,2025-03-02,0.0,PayPal,TC00040,False
TT09168,U02010,CR00058,2025-04-25,0.0,Bank Transfer,TC00042,False
TT09169,U02022,CR00027,2025-04-10,0.0,Credit Card,TC00042,False
TT09170,U02035,CR00027,2025-07-12,0.0,Credit Card,TC00042,False
TT09171,U02038,CR00037,2025-03-29,0.0,PayPal,TC00042,False
TT09172,U02039,CR00044,2025-09-06,119.04,Bank Transfer,TC00040,True
TT09173,U02055,CR00035,2025-09-06,0.0,PayPal,TC00040,False
TT09174,U02058,CR00004,2025-10-14,0.0,PayPal,TC00042,False
TT09175,U02064,CR00012,2025-07-05,487.92,Bank Transfer,TC00040,True
TT09176,U02068,CR00014,2025-07-02,0.0,PayPal,TC00040,False
TT09177,U02071,CR00042,2025-12-01,0.0,Credit Card,TC00042,False
TT09178,U02074,CR00018,2025-04-25,0.0,PayPal,TC00040,False
TT09179,U02094,CR00054,2025-07-30,0.0,Bank Transfer,TC00040,False
TT09180,U02096,CR00055,2025-03-26,57.32,Credit Card,TC00042,True
TT09181,U02098,CR00023,2025-02-05,0.0,Bank Transfer,TC00042,False
TT09182,U02125,CR00024,2025-12-05,117.68,PayPal,TC00042,True
TT09183,U02144,CR00008,2025-11-02,0.0,PayPal,TC00040,False
TT09184,U02147,CR00042,2025-07-24,0.0,Bank Transfer,TC00040,False
TT09185,U02149,CR00012,2025-09-15,487.92,Bank Transfer,TC00042,True
TT09186,U02151,CR00009,2025-06-18,0.0,PayPal,TC00040,False
TT09187,U02152,CR00001,2025-07-16,472.28,PayPal,TC00042,True
TT09188,U02153,CR00044,2025-10-08,119.04,PayPal,TC00040,True
TT09189,U02155,CR00031,2025-08-29,0.0,Credit Card,TC00040,False
TT09190,U02161,CR00006,2025-11-11,276.37,Credit Card,TC00042,True
TT09191,U02199,CR00052,2025-08-04,0.0,Credit Card,TC00040,False
TT09192,U02212,CR00013,2025-08-04,0.0,PayPal,TC00040,False
TT09193,U02215,CR00013,2025-11-12,0.0,PayPal,TC00042,False
TT09194,U02217,CR00015,2025-08-06,285.05,PayPal,TC00040,True
TT09195,U02224,CR00057,2025-05-19,177.34,PayPal,TC00042,True
TT09196,U02231,CR00056,2025-07-28,212.39,Bank Transfer,TC00042,True
TT09197,U02248,CR00040,2025-08-10,327.99,Credit Card,TC00042,True
TT09198,U02250,CR00052,2025-08-22,0.0,Bank Transfer,TC00042,False
TT09199,U02254,CR00004,2025-09-21,0.0,Bank Transfer,TC00042,False
TT09200,U02258,CR00044,2025-12-07,119.04,PayPal,TC00040,True
TT09201,U02284,CR00058,2025-06-04,0.0,PayPal,TC00042,False
TT09202,U02288,CR00055,2025-04-27,57.32,PayPal,TC00042,True
TT09203,U02290,CR00019,2025-03-10,0.0,PayPal,TC00042,False
TT09204,U02300,CR00009,2025-03-11,0.0,PayPal,TC00040,False
TT09205,U02301,CR00059,2025-02-22,0.0,PayPal,TC00042,False
TT09206,U02306,CR00055,2025-11-28,57.32,Credit Card,TC00040,True
TT09207,U02315,CR00016,2025-09-28,0.0,PayPal,TC00040,False
TT09208,U02336,CR00045,2025-03-06,0.0,Bank Transfer,TC00040,False
TT09209,U02337,CR00013,2025-01-04,0.0,Credit Card,TC00042,False
TT09210,U02341,CR00046,2025-08-01,248.1,Bank Transfer,TC00042,True
TT09211,U02344,CR00037,2025-01-21,0.0,Bank Transfer,TC00040,False
TT09212,U02349,CR00058,2025-01-23,0.0,Bank Transfer,TC00042,False
TT09213,U02370,CR00051,2025-12-20,37.89,Credit Card,TC00040,True
TT09214,U02410,CR00026,2025-02-25,0.0,PayPal,TC00042,False
TT09215,U02427,CR00033,2025-06-29,0.0,Bank Transfer,TC00040,False
TT09216,U02432,CR00021,2025-04-29,0.0,PayPal,TC00042,False
TT09217,U02445,CR00012,2025-11-03,487.92,Credit Card,TC00042,True
TT09218,U02459,CR00023,2025-10-06,0.0,Credit Card,TC00042,False
TT09219,U02470,CR00010,2025-11-05,0.0,Credit Card,TC00040,False
TT09220,U02485,CR00008,2025-12-10,0.0,Credit Card,TC00040,False
TT09221,U02490,CR00010,2025-04-22,0.0,Bank Transfer,TC00042,False
TT09222,U02512,CR00040,2025-06-04,327.99,Bank Transfer,TC00042,True
TT09223,U02515,CR00006,2025-04-17,276.37,Credit Card,TC00040,True
TT09224,U02537,CR00010,2025-06-09,0.0,Bank Transfer,TC00042,False
TT09225,U02540,CR00028,2025-06-27,0.78,Bank Transfer,TC00042,True
TT09226,U02564,CR00034,2025-11-27,394.26,PayPal,TC00040,True
TT09227,U02566,CR00054,2025-04-30,0.0,Credit Card,TC00042,False
TT09228,U02582,CR00032,2025-06-05,0.0,Bank Transfer,TC00040,False
TT09229,U02583,CR00025,2025-04-18,299.57,PayPal,TC00042,True
TT09230,U02602,CR00020,2025-10-27,0.0,Bank Transfer,TC00042,False
TT09231,U02612,CR00033,2025-02-18,0.0,Credit Card,TC00040,False
TT09232,U02614,CR00033,2025-03-03,0.0,Credit Card,TC00040,False
TT09233,U02616,CR00020,2025-11-21,0.0,Credit Card,TC00040,False
TT09234,U02623,CR00044,2025-11-22,119.04,Credit Card,TC00042,True
TT09235,U02630,CR00034,2025-11-09,394.26,PayPal,TC00040,True
TT09236,U02633,CR00014,2025-05-29,0.0,Credit Card,TC00042,False
TT09237,U02643,CR00049,2025-01-08,415.51,Credit Card,TC00042,True
TT09238,U02645,CR00019,2025-07-20,0.0,PayPal,TC00042,False
TT09239,U02651,CR00033,2025-11-10,0.0,Bank Transfer,TC00040,False
TT09240,U02663,CR00029,2025-05-23,0.0,Credit Card,TC00042,False
TT09241,U02679,CR00013,2025-12-25,0.0,Bank Transfer,TC00040,False
TT09242,U02683,CR00046,2025-07-28,248.1,Bank Transfer,TC00040,True
TT09243,U02684,CR00025,2025-12-01,299.57,PayPal,TC00040,True
TT09244,U02698,CR00012,2025-03-10,487.92,Bank Transfer,TC00040,True
TT09245,U02733,CR00035,2025-10-27,0.0,Bank Transfer,TC00040,False
TT09246,U02743,CR00058,2025-03-06,0.0,Bank Transfer,TC00042,False
TT09247,U02754,CR00029,2025-10-19,0.0,PayPal,TC00042,False
TT09248,U02767,CR00058,2025-09-08,0.0,Bank Transfer,TC00040,False
TT09249,U02770,CR00032,2025-10-30,0.0,Bank Transfer,TC00040,False
TT09250,U02775,CR00054,2025-02-25,0.0,Credit Card,TC00042,False
TT09251,U02786,CR00006,2025-01-24,276.37,Credit Card,TC00040,True
TT09252,U02788,CR00028,2025-12-03,0.78,Credit Card,TC00042,True
TT09253,U02791,CR00060,2025-06-21,0.0,Credit Card,TC00042,False
TT09254,U02792,CR00047,2025-11-08,89.59,Bank Transfer,TC00042,True
TT09255,U02793,CR00053,2025-10-14,0.0,PayPal,TC00040,False
TT09256,U02821,CR00043,2025-12-14,0.0,Credit Card,TC00040,False
TT09257,U02825,CR00014,2025-11-12,0.0,PayPal,TC00042,False
TT09258,U02832,CR00007,2025-10-22,0.0,Credit Card,TC00040,False
TT09259,U02843,CR00047,2025-06-26,89.59,Bank Transfer,TC00042,True
TT09260,U02844,CR00010,2025-08-13,0.0,PayPal,TC00042,False
TT09261,U02850,CR00047,2025-07-07,89.59,Credit Card,TC00042,True
TT09262,U02857,CR00042,2025-10-27,0.0,PayPal,TC00042,False
TT09263,U02874,CR00014,2025-09-16,0.0,PayPal,TC00042,False
TT09264,U02883,CR00020,2025-12-01,0.0,PayPal,TC00042,False
TT09265,U02899,CR00023,2025-06-14,0.0,PayPal,TC00040,False
TT09266,U02909,CR00043,2025-02-19,0.0,PayPal,TC00042,False
TT09267,U02915,CR00029,2025-07-17,0.0,Bank Transfer,TC00042,False
TT09268,U02916,CR00015,2025-04-07,285.05,Bank Transfer,TC00042,True
TT09269,U02927,CR00054,2025-09-22,0.0,Credit Card,TC00042,False
TT09270,U02931,CR00021,2025-08-21,0.0,PayPal,TC00040,False
TT09271,U02937,CR00060,2025-11-25,0.0,Bank Transfer,TC00040,False
TT09272,U02945,CR00041,2025-01-09,53.86,Bank Transfer,TC00042,True
TT09273,U02958,CR00032,2025-07-02,0.0,Bank Transfer,TC00040,False
TT09274,U02969,CR00043,2025-08-18,0.0,Credit Card,TC00040,False
TT09275,U02971,CR00023,2025-04-22,0.0,PayPal,TC00042,False
TT09276,U02974,CR00023,2025-12-24,0.0,PayPal,TC00042,False
TT09277,U02976,CR00011,2025-05-08,326.02,Bank Transfer,TC00040,True
TT09278,U02980,CR00008,2025-10-08,0.0,Bank Transfer,TC00040,False
TT09279,U02981,CR00009,2025-09-20,0.0,Bank Transfer,TC00040,False
TT09280,U02984,CR00012,2025-03-12,487.92,PayPal,TC00040,True
TT09281,U02989,CR00035,2025-08-27,0.0,Bank Transfer,TC00040,False
TT09282,U02994,CR00013,2025-01-26,0.0,PayPal,TC00040,False
TT09283,U00004,CR00016,2025-05-12,0.0,Bank Transfer,TC00040,False
TT09284,U00015,CR00004,2025-01-26,0.0,Bank Transfer,TC00042,False
TT09285,U00018,CR00056,2025-07-27,212.39,Bank Transfer,TC00040,True
TT09286,U00045,CR00038,2025-04-14,342.61,Credit Card,TC00040,True
TT09287,U00048,CR00055,2025-08-18,57.32,Credit Card,TC00040,True
TT09288,U00055,CR00039,2025-08-03,346.71,Credit Card,TC00042,True
TT09289,U00071,CR00019,2025-05-19,0.0,PayPal,TC00042,False
TT09290,U00083,CR00049,2025-11-26,415.51,Bank Transfer,TC00040,True
TT09291,U00085,CR00033,2025-02-02,0.0,PayPal,TC00040,False
TT09292,U00109,CR00060,2025-03-04,0.0,Bank Transfer,TC00042,False
TT09293,U00117,CR00003,2025-08-01,0.0,Bank Transfer,TC00040,False
TT09294,U00126,CR00056,2025-04-18,212.39,PayPal,TC00040,True
TT09295,U00134,CR00024,2025-12-30,117.68,PayPal,TC00040,True
TT09296,U00144,CR00030,2025-08-04,0.0,Bank Transfer,TC00042,False
TT09297,U00147,CR00040,2025-07-16,327.99,PayPal,TC00040,True
TT09298,U00149,CR00019,2025-01-20,0.0,Bank Transfer,TC00040,False
TT09299,U00161,CR00013,2025-08-17,0.0,PayPal,TC00042,False
TT09300,U00166,CR00035,2025-12-05,0.0,Bank Transfer,TC00040,False
TT09301,U00169,CR00005,2025-04-17,0.0,Bank Transfer,TC00040,False
TT09302,U00173,CR00054,2025-01-21,0.0,Credit Card,TC00042,False
TT09303,U00178,CR00003,2025-11-12,0.0,PayPal,TC00042,False
TT09304,U00191,CR00040,2025-06-17,327.99,Bank Transfer,TC00040,True
TT09305,U00192,CR00025,2025-04-09,299.57,Credit Card,TC00042,True
TT09306,U00208,CR00014,2025-12-07,0.0,Credit Card,TC00040,False
TT09307,U00216,CR00022,2025-01-23,0.0,Credit Card,TC00042,False
TT09308,U00220,CR00025,2025-04-05,299.57,PayPal,TC00040,True
TT09309,U00238,CR00043,2025-06-27,0.0,PayPal,TC00042,False
TT09310,U00251,CR00005,2025-08-09,0.0,Bank Transfer,TC00042,False
TT09311,U00260,CR00015,2025-02-23,285.05,Bank Transfer,TC00040,True
TT09312,U00265,CR00011,2025-04-02,326.02,Bank Transfer,TC00040,True
TT09313,U00272,CR00053,2025-03-28,0.0,Bank Transfer,TC00042,False
TT09314,U00282,CR00015,2025-12-23,285.05,Bank Transfer,TC00042,True
TT09315,U00292,CR00031,2025-09-16,0.0,PayPal,TC00040,False
TT09316,U00293,CR00011,2025-01-08,326.02,Credit Card,TC00040,True
TT09317,U00298,CR00013,2025-03-20,0.0,Bank Transfer,TC00042,False
TT09318,U00301,CR00042,2025-08-30,0.0,Bank Transfer,TC00040,False
TT09319,U00303,CR00033,2025-09-22,0.0,Bank Transfer,TC00040,False
TT09320,U00310,CR00039,2025-11-08,346.71,Bank Transfer,TC00040,True
TT09321,U00315,CR00022,2025-12-19,0.0,Credit Card,TC00042,False
TT09322,U00321,CR00033,2025-12-12,0.0,PayPal,TC00040,False
TT09323,U00322,CR00044,2025-09-16,119.04,Bank Transfer,TC00042,True
TT09324,U00323,CR00024,2025-02-28,117.68,PayPal,TC00042,True
TT09325,U00328,CR00044,2025-03-02,119.04,PayPal,TC00042,True
TT09326,U00329,CR00044,2025-06-04,119.04,PayPal,TC00040,True
TT09327,U00330,CR00006,2025-11-19,276.37,Bank Transfer,TC00040,True
TT09328,U00334,CR00003,2025-06-22,0.0,PayPal,TC00040,False
TT09329,U00338,CR00022,2025-08-06,0.0,Credit Card,TC00040,False
TT09330,U00339,CR00043,2025-01-03,0.0,Bank Transfer,TC00040,False
TT09331,U00340,CR00051,2025-10-08,37.89,Credit Card,TC00040,True
TT09332,U00345,CR00014,2025-02-09,0.0,Credit Card,TC00040,False
TT09333,U00351,CR00022,2025-12-10,0.0,Credit Card,TC00042,False
TT09334,U00352,CR00029,2025-09-05,0.0,Credit Card,TC00042,False
TT09335,U00357,CR00040,2025-03-17,327.99,Bank Transfer,TC00040,True
TT09336,U00362,CR00002,2025-11-13,0.0,PayPal,TC00040,False
TT09337,U00365,CR00043,2025-03-09,0.0,PayPal,TC00040,False
TT09338,U00379,CR00040,2025-12-11,327.99,Credit Card,TC00042,True
TT09339,U00383,CR00047,2025-03-25,89.59,Credit Card,TC00040,True
TT09340,U00394,CR00045,2025-02-17,0.0,PayPal,TC00042,False
TT09341,U00399,CR00046,2025-07-17,248.1,Credit Card,TC00042,True
TT09342,U00404,CR00046,2025-12-06,248.1,Credit Card,TC00040,True
TT09343,U00406,CR00021,2025-07-06,0.0,Credit Card,TC00040,False
TT09344,U00407,CR00059,2025-08-07,0.0,Credit Card,TC00042,False
TT09345,U00411,CR00023,2025-11-25,0.0,Credit Card,TC00040,False
TT09346,U00427,CR00053,2025-12-13,0.0,Bank Transfer,TC00042,False
TT09347,U00438,CR00058,2025-09-10,0.0,PayPal,TC00042,False
TT09348,U00449,CR00041,2025-05-24,53.86,PayPal,TC00042,True
TT09349,U00450,CR00018,2025-10-27,0.0,Credit Card,TC00040,False
TT09350,U00464,CR00016,2025-03-17,0.0,Bank Transfer,TC00042,False
TT09351,U00494,CR00049,2025-08-21,415.51,PayPal,TC00042,True
TT09352,U00548,CR00059,2025-07-25,0.0,Credit Card,TC00042,False
TT09353,U00556,CR00050,2025-03-18,490.9,PayPal,TC00040,True
TT09354,U00562,CR00051,2025-02-18,37.89,Credit Card,TC00040,True
TT09355,U00570,CR00035,2025-06-07,0.0,Bank Transfer,TC00040,False
TT09356,U00572,CR00047,2025-05-27,89.59,Bank Transfer,TC00040,True
TT09357,U00574,CR00059,2025-03-19,0.0,Bank Transfer,TC00042,False
TT09358,U00576,CR00056,2025-03-04,212.39,Credit Card,TC00042,True
TT09359,U00584,CR00045,2025-10-12,0.0,Credit Card,TC00040,False
TT09360,U00592,CR00026,2025-02-08,0.0,Credit Card,TC00042,False
TT09361,U00595,CR00039,2025-11-21,346.71,Credit Card,TC00042,True
TT09362,U00604,CR00003,2025-10-05,0.0,PayPal,TC00040,False
TT09363,U00619,CR00008,2025-12-15,0.0,Credit Card,TC00040,False
TT09364,U00622,CR00048,2025-02-12,0.0,PayPal,TC00042,False
TT09365,U00633,CR00053,2025-01-27,0.0,PayPal,TC00042,False
TT09366,U00636,CR00022,2025-05-21,0.0,PayPal,TC00042,False
TT09367,U00639,CR00010,2025-01-25,0.0,Credit Card,TC00040,False
TT09368,U00666,CR00019,2025-10-09,0.0,Credit Card,TC00040,False
TT09369,U00687,CR00052,2025-01-03,0.0,PayPal,TC00042,False
TT09370,U00701,CR00052,2025-09-20,0.0,PayPal,TC00042,False
TT09371,U00704,CR00060,2025-02-17,0.0,PayPal,TC00040,False
TT09372,U00709,CR00053,2025-04-04,0.0,Credit Card,TC00040,False
TT09373,U00723,CR00037,2025-03-10,0.0,PayPal,TC00040,False
TT09374,U00724,CR00011,2025-06-09,326.02,Credit Card,TC00042,True
TT09375,U00752,CR00039,2025-06-09,346.71,Bank Transfer,TC00042,True
TT09376,U00760,CR00042,2025-12-23,0.0,PayPal,TC00042,False
TT09377,U00765,CR00040,2025-10-23,327.99,Credit Card,TC00040,True
TT09378,U00767,CR00037,2025-01-09,0.0,Bank Transfer,TC00042,False
TT09379,U00772,CR00038,2025-07-26,342.61,Credit Card,TC00042,True
TT09380,U00775,CR00059,2025-08-19,0.0,Credit Card,TC00042,False
TT09381,U00787,CR00030,2025-03-16,0.0,Bank Transfer,TC00042,False
TT09382,U00819,CR00021,2025-04-11,0.0,Credit Card,TC00042,False
TT09383,U00821,CR00001,2025-12-07,472.28,Credit Card,TC00042,True
TT09384,U00829,CR00042,2025-02-08,0.0,PayPal,TC00040,False
TT09385,U00836,CR00002,2025-05-25,0.0,PayPal,TC00042,False
TT09386,U00850,CR00047,2025-04-01,89.59,Bank Transfer,TC00042,True
TT09387,U00858,CR00045,2025-02-12,0.0,Bank Transfer,TC00040,False
TT09388,U00870,CR00051,2025-08-04,37.89,Bank Transfer,TC00040,True
TT09389,U00876,CR00057,2025-01-03,177.34,PayPal,TC00042,True
TT09390,U00881,CR00040,2025-04-29,327.99,Credit Card,TC00042,True
TT09391,U00898,CR00028,2025-07-29,0.78,Credit Card,TC00042,True
TT09392,U00903,CR00019,2025-05-23,0.0,Bank Transfer,TC00040,False
TT09393,U00907,CR00037,2025-08-29,0.0,PayPal,TC00040,False
TT09394,U00911,CR00011,2025-01-26,326.02,Credit Card,TC00042,True
TT09395,U00915,CR00049,2025-01-11,415.51,Credit Card,TC00042,True
TT09396,U00917,CR00032,2025-03-16,0.0,Bank Transfer,TC00040,False
TT09397,U00919,CR00015,2025-10-03,285.05,Credit Card,TC00040,True
TT09398,U00961,CR00019,2025-06-27,0.0,PayPal,TC00040,False
TT09399,U00976,CR00009,2025-05-29,0.0,Credit Card,TC00042,False
TT09400,U00981,CR00007,2025-04-11,0.0,Bank Transfer,TC00042,False
TT09401,U00997,CR00007,2025-08-24,0.0,PayPal,TC00040,False
TT09402,U01000,CR00001,2025-07-03,472.28,Bank Transfer,TC00040,True
TT09403,U01015,CR00055,2025-12-25,57.32,Credit Card,TC00040,True
TT09404,U01020,CR00018,2025-08-16,0.0,Credit Card,TC00040,False
TT09405,U01022,CR00058,2025-02-08,0.0,PayPal,TC00040,False
TT09406,U01031,CR00006,2025-05-21,276.37,PayPal,TC00042,True
TT09407,U01033,CR00058,2025-01-04,0.0,Bank Transfer,TC00042,False
TT09408,U01034,CR00048,2025-11-19,0.0,Credit Card,TC00040,False
TT09409,U01066,CR00042,2025-05-11,0.0,Credit Card,TC00040,False
TT09410,U01079,CR00017,2025-04-22,0.0,PayPal,TC00042,False
TT09411,U01083,CR00013,2025-04-05,0.0,PayPal,TC00040,False
TT09412,U01092,CR00048,2025-11-23,0.0,Bank Transfer,TC00042,False
TT09413,U01096,CR00045,2025-01-07,0.0,Credit Card,TC00042,False
TT09414,U01151,CR00013,2025-11-01,0.0,Bank Transfer,TC00042,False
TT09415,U01158,CR00010,2025-07-09,0.0,Credit Card,TC00040,False
TT09416,U01163,CR00007,2025-06-23,0.0,PayPal,TC00042,False
TT09417,U01167,CR00052,2025-07-08,0.0,Credit Card,TC00042,False
TT09418,U01170,CR00011,2025-05-07,326.02,PayPal,TC00040,True
TT09419,U01197,CR00055,2025-01-01,57.32,Bank Transfer,TC00042,True
TT09420,U01203,CR00019,2025-12-27,0.0,PayPal,TC00040,False
TT09421,U01231,CR00056,2025-09-28,212.39,Bank Transfer,TC00042,True
TT09422,U01233,CR00046,2025-11-21,248.1,PayPal,TC00042,True
TT09423,U01235,CR00057,2025-04-02,177.34,PayPal,TC00040,True
TT09424,U01237,CR00057,2025-06-28,177.34,Credit Card,TC00042,True
TT09425,U01244,CR00036,2025-10-14,0.0,Credit Card,TC00040,False
TT09426,U01250,CR00047,2025-03-03,89.59,PayPal,TC00040,True
TT09427,U01261,CR00012,2025-11-01,487.92,PayPal,TC00042,True
TT09428,U01267,CR00018,2025-08-10,0.0,PayPal,TC00040,False
TT09429,U01268,CR00056,2025-08-07,212.39,Credit Card,TC00040,True
TT09430,U01277,CR00052,2025-01-10,0.0,Bank Transfer,TC00042,False
TT09431,U01280,CR00038,2025-01-17,342.61,PayPal,TC00042,True
TT09432,U01281,CR00024,2025-10-15,117.68,Credit Card,TC00042,True
TT09433,U01284,CR00045,2025-05-22,0.0,Bank Transfer,TC00042,False
TT09434,U01286,CR00023,2025-10-15,0.0,Credit Card,TC00040,False
TT09435,U01287,CR00015,2025-11-20,285.05,PayPal,TC00042,True
TT09436,U01290,CR00005,2025-08-06,0.0,Credit Card,TC00042,False
TT09437,U01318,CR00018,2025-11-07,0.0,Credit Card,TC00042,False
TT09438,U01321,CR00003,2025-11-09,0.0,Bank Transfer,TC00040,False
TT09439,U01322,CR00032,2025-12-05,0.0,Bank Transfer,TC00040,False
TT09440,U01331,CR00023,2025-12-11,0.0,PayPal,TC00040,False
TT09441,U01334,CR00030,2025-11-19,0.0,Credit Card,TC00042,False
TT09442,U01336,CR00027,2025-05-18,0.0,PayPal,TC00042,False
TT09443,U01337,CR00053,2025-06-11,0.0,PayPal,TC00040,False
TT09444,U01343,CR00004,2025-09-21,0.0,PayPal,TC00042,False
TT09445,U01344,CR00037,2025-11-26,0.0,Bank Transfer,TC00040,False
TT09446,U01346,CR00049,2025-10-14,415.51,Credit Card,TC00042,True
TT09447,U01347,CR00044,2025-05-29,119.04,Bank Transfer,TC00040,True
TT09448,U01350,CR00056,2025-02-14,212.39,Bank Transfer,TC00040,True
TT09449,U01352,CR00057,2025-04-27,177.34,Bank Transfer,TC00040,True
TT09450,U01355,CR00017,2025-06-22,0.0,Credit Card,TC00042,False
TT09451,U01364,CR00031,2025-01-10,0.0,Bank Transfer,TC00040,False
TT09452,U01365,CR00006,2025-10-25,276.37,Credit Card,TC00042,True
TT09453,U01394,CR00021,2025-07-27,0.0,Credit Card,TC00040,False
TT09454,U01397,CR00043,2025-02-26,0.0,Credit Card,TC00040,False
TT09455,U01399,CR00011,2025-02-01,326.02,Credit Card,TC00042,True
TT09456,U01405,CR00014,2025-03-09,0.0,Credit Card,TC00040,False
TT09457,U01411,CR00008,2025-10-20,0.0,Credit Card,TC00040,False
TT09458,U01414,CR00034,2025-10-04,394.26,Credit Card,TC00040,True
TT09459,U01429,CR00010,2025-03-21,0.0,Bank Transfer,TC00042,False
TT09460,U01430,CR00010,2025-12-03,0.0,Credit Card,TC00040,False
TT09461,U01432,CR00050,2025-02-09,490.9,PayPal,TC00040,True
TT09462,U01435,CR00013,2025-03-30,0.0,PayPal,TC00040,False
TT09463,U01450,CR00014,2025-02-16,0.0,Credit Card,TC00042,False
TT09464,U01451,CR00014,2025-06-18,0.0,Bank Transfer,TC00042,False
TT09465,U01455,CR00045,2025-12-14,0.0,Bank Transfer,TC00042,False
TT09466,U01460,CR00025,2025-07-23,299.57,Credit Card,TC00042,True
TT09467,U01463,CR00026,2025-03-18,0.0,Bank Transfer,TC00042,False
TT09468,U01472,CR00051,2025-03-29,37.89,Credit Card,TC00040,True
TT09469,U01473,CR00008,2025-01-18,0.0,PayPal,TC00040,False
TT09470,U01475,CR00053,2025-03-01,0.0,Credit Card,TC00042,False
TT09471,U01497,CR00052,2025-09-29,0.0,PayPal,TC00042,False
TT09472,U01500,CR00032,2025-11-30,0.0,Bank Transfer,TC00040,False
TT09473,U01506,CR00024,2025-04-04,117.68,Bank Transfer,TC00040,True
TT09474,U01512,CR00019,2025-05-09,0.0,PayPal,TC00040,False
TT09475,U01517,CR00024,2025-04-30,117.68,Bank Transfer,TC00042,True
TT09476,U01522,CR00026,2025-07-18,0.0,Bank Transfer,TC00042,False
TT09477,U01526,CR00030,2025-08-20,0.0,Bank Transfer,TC00042,False
TT09478,U01530,CR00026,2025-11-03,0.0,Bank Transfer,TC00042,False
TT09479,U01531,CR00019,2025-11-03,0.0,Credit Card,TC00042,False
TT09480,U01536,CR00012,2025-12-06,487.92,PayPal,TC00040,True
TT09481,U01543,CR00047,2025-11-11,89.59,Bank Transfer,TC00042,True
TT09482,U01553,CR00048,2025-02-16,0.0,PayPal,TC00040,False
TT09483,U01575,CR00033,2025-08-04,0.0,Bank Transfer,TC00040,False
TT09484,U01578,CR00033,2025-04-28,0.0,PayPal,TC00040,False
TT09485,U01585,CR00002,2025-03-01,0.0,PayPal,TC00040,False
TT09486,U01602,CR00004,2025-12-01,0.0,PayPal,TC00042,False
TT09487,U01618,CR00052,2025-03-11,0.0,PayPal,TC00042,False
TT09488,U01627,CR00054,2025-12-09,0.0,Credit Card,TC00040,False
TT09489,U01628,CR00058,2025-03-10,0.0,PayPal,TC00042,False
TT09490,U01635,CR00041,2025-12-24,53.86,PayPal,TC00040,True
TT09491,U01647,CR00032,2025-12-05,0.0,Bank Transfer,TC00040,False
TT09492,U01654,CR00002,2025-09-06,0.0,PayPal,TC00040,False
TT09493,U01656,CR00057,2025-08-08,177.34,PayPal,TC00040,True
TT09494,U01662,CR00018,2025-04-21,0.0,PayPal,TC00042,False
TT09495,U01666,CR00032,2025-05-29,0.0,Credit Card,TC00040,False
TT09496,U01671,CR00041,2025-09-24,53.86,PayPal,TC00040,True
TT09497,U01674,CR00017,2025-09-17,0.0,Bank Transfer,TC00042,False
TT09498,U01695,CR00001,2025-10-23,472.28,Credit Card,TC00040,True
TT09499,U01708,CR00044,2025-01-10,119.04,Bank Transfer,TC00040,True
TT09500,U01720,CR00013,2025-08-20,0.0,PayPal,TC00040,False
TT09501,U01721,CR00051,2025-08-10,37.89,Bank Transfer,TC00040,True
TT09502,U01724,CR00018,2025-03-08,0.0,Credit Card,TC00040,False
TT09503,U01726,CR00025,2025-04-11,299.57,PayPal,TC00040,True
TT09504,U01729,CR00002,2025-12-02,0.0,Credit Card,TC00042,False
TT09505,U01745,CR00049,2025-06-02,415.51,Bank Transfer,TC00040,True
TT09506,U01746,CR00056,2025-11-05,212.39,Credit Card,TC00042,True
TT09507,U01762,CR00056,2025-07-18,212.39,PayPal,TC00040,True
TT09508,U01773,CR00049,2025-03-11,415.51,Credit Card,TC00040,True
TT09509,U01786,CR00042,2025-08-05,0.0,PayPal,TC00042,False
TT09510,U01789,CR00041,2025-05-10,53.86,PayPal,TC00042,True
TT09511,U01795,CR00027,2025-01-11,0.0,PayPal,TC00042,False
TT09512,U01805,CR00033,2025-11-06,0.0,PayPal,TC00040,False
TT09513,U01812,CR00028,2025-03-25,0.78,Bank Transfer,TC00042,True
TT09514,U01820,CR00013,2025-11-17,0.0,Credit Card,TC00042,False
TT09515,U01822,CR00018,2025-01-05,0.0,Bank Transfer,TC00040,False
TT09516,U01825,CR00030,2025-05-13,0.0,PayPal,TC00042,False
TT09517,U01842,CR00009,2025-07-07,0.0,Bank Transfer,TC00042,False
TT09518,U01854,CR00055,2025-06-04,57.32,PayPal,TC00040,True
TT09519,U01872,CR00020,2025-05-19,0.0,Bank Transfer,TC00042,False
TT09520,U01876,CR00044,2025-01-24,119.04,PayPal,TC00040,True
TT09521,U01877,CR00027,2025-07-06,0.0,PayPal,TC00042,False
TT09522,U01879,CR00028,2025-03-01,0.78,Credit Card,TC00042,True
TT09523,U01896,CR00060,2025-11-02,0.0,Bank Transfer,TC00040,False
TT09524,U01900,CR00030,2025-06-17,0.0,Credit Card,TC00042,False
TT09525,U01906,CR00023,2025-04-04,0.0,Bank Transfer,TC00042,False
TT09526,U01917,CR00027,2025-05-25,0.0,Credit Card,TC00042,False
TT09527,U01918,CR00017,2025-09-11,0.0,Credit Card,TC00040,False
TT09528,U01920,CR00048,2025-01-09,0.0,PayPal,TC00040,False
TT09529,U01926,CR00026,2025-04-14,0.0,Bank Transfer,TC00042,False
TT09530,U01929,CR00035,2025-03-21,0.0,Credit Card,TC00040,False
TT09531,U01934,CR00008,2025-08-27,0.0,PayPal,TC00042,False
TT09532,U01943,CR00042,2025-02-23,0.0,Bank Transfer,TC00042,False
TT09533,U01953,CR00002,2025-03-09,0.0,PayPal,TC00042,False
TT09534,U01959,CR00032,2025-10-29,0.0,Credit Card,TC00040,False
TT09535,U01961,CR00021,2025-11-15,0.0,PayPal,TC00040,False
TT09536,U01979,CR00025,2025-05-24,299.57,Bank Transfer,TC00040,True
TT09537,U01989,CR00053,2025-01-29,0.0,Bank Transfer,TC00042,False
TT09538,U01993,CR00009,2025-03-16,0.0,Credit Card,TC00040,False
TT09539,U01998,CR00034,2025-11-02,394.26,PayPal,TC00040,True
TT09540,U02010,CR00035,2025-05-04,0.0,Credit Card,TC00040,False
TT09541,U02015,CR00014,2025-05-27,0.0,Credit Card,TC00040,False
TT09542,U02035,CR00026,2025-09-05,0.0,Bank Transfer,TC00042,False
TT09543,U02038,CR00003,2025-11-18,0.0,PayPal,TC00042,False
TT09544,U02039,CR00035,2025-03-15,0.0,Bank Transfer,TC00040,False
TT09545,U02055,CR00012,2025-07-15,487.92,Bank Transfer,TC00040,True
TT09546,U02064,CR00040,2025-07-02,327.99,Credit Card,TC00040,True
TT09547,U02068,CR00060,2025-04-25,0.0,Bank Transfer,TC00040,False
TT09548,U02071,CR00017,2025-01-28,0.0,Credit Card,TC00040,False
TT09549,U02074,CR00047,2025-10-19,89.59,Credit Card,TC00040,True
TT09550,U02077,CR00023,2025-10-04,0.0,Credit Card,TC00042,False
TT09551,U02096,CR00010,2025-12-07,0.0,Bank Transfer,TC00042,False
TT09552,U02098,CR00056,2025-05-14,212.39,Bank Transfer,TC00040,True
TT09553,U02125,CR00038,2025-11-27,342.61,Bank Transfer,TC00040,True
TT09554,U02144,CR00049,2025-07-08,415.51,Credit Card,TC00040,True
TT09555,U02147,CR00034,2025-11-11,394.26,PayPal,TC00040,True
TT09556,U02149,CR00031,2025-10-02,0.0,Bank Transfer,TC00040,False
TT09557,U02152,CR00038,2025-11-09,342.61,PayPal,TC00042,True
TT09558,U02153,CR00001,2025-03-04,472.28,Credit Card,TC00040,True
TT09559,U02161,CR00007,2025-04-03,0.0,Credit Card,TC00042,False
TT09560,U02174,CR00050,2025-06-10,490.9,PayPal,TC00042,True
TT09561,U02212,CR00058,2025-05-01,0.0,Credit Card,TC00042,False
TT09562,U02217,CR00051,2025-06-08,37.89,PayPal,TC00042,True
TT09563,U02231,CR00017,2025-04-25,0.0,Credit Card,TC00042,False
TT09564,U02248,CR00055,2025-11-14,57.32,Bank Transfer,TC00040,True
TT09565,U02254,CR00059,2025-09-23,0.0,PayPal,TC00040,False
TT09566,U02258,CR00051,2025-08-23,37.89,Credit Card,TC00042,True
TT09567,U02288,CR00008,2025-08-11,0.0,Credit Card,TC00042,False
TT09568,U02290,CR00016,2025-12-11,0.0,Credit Card,TC00042,False
TT09569,U02300,CR00051,2025-09-23,37.89,Bank Transfer,TC00040,True
TT09570,U02301,CR00058,2025-07-30,0.0,PayPal,TC00040,False
TT09571,U02306,CR00026,2025-04-08,0.0,Bank Transfer,TC00042,False
TT09572,U02315,CR00041,2025-06-09,53.86,PayPal,TC00040,True
TT09573,U02336,CR00031,2025-08-01,0.0,Credit Card,TC00040,False
TT09574,U02341,CR00006,2025-05-04,276.37,Credit Card,TC00040,True
TT09575,U02344,CR00050,2025-11-14,490.9,Bank Transfer,TC00042,True
TT09576,U02345,CR00039,2025-02-28,346.71,PayPal,TC00040,True
TT09577,U02349,CR00052,2025-01-28,0.0,Credit Card,TC00040,False
TT09578,U02370,CR00011,2025-07-18,326.02,Bank Transfer,TC00042,True
TT09579,U02371,CR00057,2025-01-02,177.34,Credit Card,TC00042,True
TT09580,U02410,CR00020,2025-12-24,0.0,PayPal,TC00040,False
TT09581,U02415,CR00059,2025-08-06,0.0,Bank Transfer,TC00042,False
TT09582,U02427,CR00015,2025-04-20,285.05,Credit Card,TC00040,True
TT09583,U02432,CR00001,2025-04-12,472.28,PayPal,TC00040,True
TT09584,U02445,CR00042,2025-12-18,0.0,Credit Card,TC00040,False
TT09585,U02459,CR00057,2025-07-03,177.34,PayPal,TC00042,True
TT09586,U02470,CR00033,2025-05-15,0.0,PayPal,TC00040,False
TT09587,U02485,CR00041,2025-05-09,53.86,Credit Card,TC00042,True
TT09588,U02490,CR00048,2025-03-20,0.0,PayPal,TC00040,False
TT09589,U02512,CR00002,2025-10-12,0.0,Credit Card,TC00040,False
TT09590,U02515,CR00040,2025-05-26,327.99,PayPal,TC00042,True
TT09591,U02540,CR00060,2025-01-11,0.0,Credit Card,TC00042,False
TT09592,U02541,CR00055,2025-02-01,57.32,PayPal,TC00040,True
TT09593,U02542,CR00057,2025-12-04,177.34,Credit Card,TC00042,True
TT09594,U02566,CR00003,2025-07-05,0.0,Credit Card,TC00040,False
TT09595,U02582,CR00055,2025-09-10,57.32,Bank Transfer,TC00040,True
TT09596,U02583,CR00031,2025-09-05,0.0,Bank Transfer,TC00040,False
TT09597,U02593,CR00022,2025-09-16,0.0,Credit Card,TC00040,False
TT09598,U02602,CR00023,2025-03-16,0.0,Credit Card,TC00040,False
TT09599,U02605,CR00056,2025-07-23,212.39,Bank Transfer,TC00040,True
TT09600,U02612,CR00053,2025-09-27,0.0,Bank Transfer,TC00042,False
TT09601,U02616,CR00017,2025-01-10,0.0,PayPal,TC00042,False
TT09602,U02630,CR00009,2025-04-24,0.0,PayPal,TC00040,False
TT09603,U02633,CR00059,2025-06-21,0.0,Credit Card,TC00040,False
TT09604,U02643,CR00045,2025-10-08,0.0,Bank Transfer,TC00042,False
TT09605,U02645,CR00009,2025-08-06,0.0,Credit Card,TC00040,False
TT09606,U02651,CR00040,2025-12-21,327.99,Credit Card,TC00042,True
TT09607,U02663,CR00045,2025-10-09,0.0,PayPal,TC00042,False
TT09608,U02672,CR00002,2025-04-28,0.0,PayPal,TC00040,False
TT09609,U02679,CR00024,2025-10-18,117.68,Bank Transfer,TC00040,True
TT09610,U02683,CR00019,2025-10-20,0.0,PayPal,TC00042,False
TT09611,U02684,CR00015,2025-11-15,285.05,PayPal,TC00042,True
TT09612,U02698,CR00032,2025-05-01,0.0,PayPal,TC00040,False
TT09613,U02733,CR00001,2025-05-07,472.28,Credit Card,TC00040,True
TT09614,U02743,CR00021,2025-09-20,0.0,Credit Card,TC00040,False
TT09615,U02754,CR00045,2025-03-30,0.0,Bank Transfer,TC00040,False
TT09616,U02770,CR00034,2025-08-07,394.26,Bank Transfer,TC00040,True
TT09617,U02775,CR00038,2025-03-01,342.61,Bank Transfer,TC00040,True
TT09618,U02788,CR00017,2025-12-13,0.0,PayPal,TC00042,False
TT09619,U02793,CR00016,2025-07-22,0.0,Bank Transfer,TC00042,False
TT09620,U02832,CR00010,2025-02-18,0.0,Credit Card,TC00042,False
TT09621,U02843,CR00022,2025-09-14,0.0,PayPal,TC00040,False
TT09622,U02850,CR00051,2025-03-02,37.89,PayPal,TC00040,True
TT09623,U02857,CR00029,2025-01-06,0.0,PayPal,TC00042,False
TT09624,U02883,CR00036,2025-04-20,0.0,Bank Transfer,TC00042,False
TT09625,U02899,CR00042,2025-04-23,0.0,PayPal,TC00042,False
TT09626,U02909,CR00016,2025-05-11,0.0,Credit Card,TC00042,False
TT09627,U02915,CR00019,2025-05-26,0.0,PayPal,TC00040,False
TT09628,U02916,CR00042,2025-12-04,0.0,Bank Transfer,TC00040,False
TT09629,U02927,CR00021,2025-01-23,0.0,Bank Transfer,TC00042,False
TT09630,U02931,CR00029,2025-06-11,0.0,PayPal,TC00042,False
TT09631,U02937,CR00041,2025-01-17,53.86,Credit Card,TC00040,True
TT09632,U02941,CR00058,2025-11-18,0.0,Bank Transfer,TC00042,False
TT09633,U02945,CR00011,2025-11-04,326.02,Bank Transfer,TC00040,True
TT09634,U02947,CR00029,2025-10-25,0.0,Bank Transfer,TC00042,False
TT09635,U02971,CR00059,2025-11-04,0.0,PayPal,TC00042,False
TT09636,U02974,CR00025,2025-09-23,299.57,Bank Transfer,TC00040,True
TT09637,U02976,CR00008,2025-07-27,0.0,Bank Transfer,TC00042,False
TT09638,U02980,CR00021,2025-01-06,0.0,Credit Card,TC00040,False
TT09639,U02981,CR00032,2025-09-19,0.0,Credit Card,TC00040,False
TT09640,U02984,CR00049,2025-11-18,415.51,PayPal,TC00042,True
TT09641,U02989,CR00051,2025-02-04,37.89,PayPal,TC00042,True
TT09642,U02992,CR00016,2025-06-19,0.0,Bank Transfer,TC00042,False
TT09643,U02994,CR00024,2025-07-16,117.68,Bank Transfer,TC00040,True
TT09644,U00003,CR00040,2025-05-07,327.99,Bank Transfer,TC00042,True
TT09645,U00004,CR00058,2025-01-07,0.0,Bank Transfer,TC00042,False
TT09646,U00013,CR00055,2025-04-07,57.32,PayPal,TC00040,True
TT09647,U00015,CR00058,2025-02-09,0.0,Credit Card,TC00042,False
TT09648,U00018,CR00024,2025-01-25,117.68,Credit Card,TC00042,True
TT09649,U00028,CR00029,2025-01-11,0.0,Credit Card,TC00042,False
TT09650,U00045,CR00020,2025-09-29,0.0,Bank Transfer,TC00040,False
TT09651,U00048,CR00007,2025-01-17,0.0,Credit Card,TC00042,False
TT09652,U00055,CR00006,2025-12-16,276.37,PayPal,TC00042,True
TT09653,U00071,CR00005,2025-03-28,0.0,Bank Transfer,TC00042,False
TT09654,U00083,CR00046,2025-11-07,248.1,Bank Transfer,TC00040,True
TT09655,U00085,CR00006,2025-12-25,276.37,Credit Card,TC00042,True
TT09656,U00109,CR00012,2025-10-21,487.92,Bank Transfer,TC00042,True
TT09657,U00112,CR00058,2025-09-27,0.0,Bank Transfer,TC00042,False
TT09658,U00126,CR00054,2025-09-11,0.0,Bank Transfer,TC00042,False
TT09659,U00128,CR00025,2025-05-02,299.57,PayPal,TC00040,True
TT09660,U00133,CR00047,2025-12-01,89.59,Credit Card,TC00040,True
TT09661,U00134,CR00036,2025-11-13,0.0,Credit Card,TC00042,False
TT09662,U00147,CR00020,2025-12-29,0.0,Credit Card,TC00040,False
TT09663,U00149,CR00026,2025-09-12,0.0,Credit Card,TC00042,False
TT09664,U00152,CR00036,2025-09-06,0.0,Bank Transfer,TC00042,False
TT09665,U00161,CR00033,2025-02-13,0.0,PayPal,TC00040,False
TT09666,U00166,CR00046,2025-06-22,248.1,Credit Card,TC00042,True
TT09667,U00169,CR00058,2025-06-04,0.0,Credit Card,TC00040,False
TT09668,U00173,CR00049,2025-07-13,415.51,PayPal,TC00042,True
TT09669,U00177,CR00025,2025-09-29,299.57,Bank Transfer,TC00042,True
TT09670,U00178,CR00010,2025-11-11,0.0,Credit Card,TC00040,False
TT09671,U00192,CR00016,2025-11-29,0.0,PayPal,TC00042,False
TT09672,U00208,CR00022,2025-02-06,0.0,PayPal,TC00040,False
TT09673,U00216,CR00012,2025-02-01,487.92,Credit Card,TC00042,True
TT09674,U00220,CR00048,2025-10-03,0.0,Credit Card,TC00042,False
TT09675,U00238,CR00020,2025-11-06,0.0,Credit Card,TC00042,False
TT09676,U00251,CR00004,2025-11-12,0.0,Bank Transfer,TC00040,False
TT09677,U00260,CR00021,2025-09-09,0.0,Bank Transfer,TC00040,False
TT09678,U00265,CR00044,2025-07-12,119.04,Bank Transfer,TC00040,True
TT09679,U00272,CR00027,2025-06-28,0.0,Credit Card,TC00042,False
TT09680,U00282,CR00024,2025-05-24,117.68,PayPal,TC00042,True
TT09681,U00293,CR00026,2025-05-17,0.0,Bank Transfer,TC00042,False
TT09682,U00298,CR00037,2025-10-14,0.0,Bank Transfer,TC00040,False
TT09683,U00301,CR00052,2025-03-06,0.0,Credit Card,TC00040,False
TT09684,U00303,CR00049,2025-01-15,415.51,PayPal,TC00040,True
TT09685,U00310,CR00014,2025-10-30,0.0,PayPal,TC00042,False
TT09686,U00321,CR00034,2025-01-30,394.26,PayPal,TC00040,True
TT09687,U00322,CR00052,2025-01-03,0.0,PayPal,TC00040,False
TT09688,U00323,CR00018,2025-08-19,0.0,Bank Transfer,TC00042,False
TT09689,U00328,CR00043,2025-10-30,0.0,Bank Transfer,TC00040,False
TT09690,U00329,CR00018,2025-02-15,0.0,PayPal,TC00040,False
TT09691,U00330,CR00023,2025-07-25,0.0,Bank Transfer,TC00042,False
TT09692,U00334,CR00047,2025-11-28,89.59,PayPal,TC00042,True
TT09693,U00338,CR00038,2025-06-13,342.61,Bank Transfer,TC00040,True
TT09694,U00339,CR00053,2025-01-02,0.0,Bank Transfer,TC00040,False
TT09695,U00340,CR00025,2025-02-04,299.57,Bank Transfer,TC00042,True
TT09696,U00345,CR00031,2025-01-17,0.0,PayPal,TC00040,False
TT09697,U00352,CR00007,2025-07-07,0.0,Bank Transfer,TC00040,False
TT09698,U00353,CR00020,2025-06-22,0.0,PayPal,TC00042,False
TT09699,U00356,CR00003,2025-12-22,0.0,Credit Card,TC00040,False
TT09700,U00357,CR00049,2025-01-04,415.51,Credit Card,TC00042,True
TT09701,U00362,CR00044,2025-03-13,119.04,PayPal,TC00042,True
TT09702,U00365,CR00051,2025-08-23,37.89,Bank Transfer,TC00042,True
TT09703,U00379,CR00050,2025-07-14,490.9,Bank Transfer,TC00040,True
TT09704,U00399,CR00055,2025-08-03,57.32,PayPal,TC00042,True
TT09705,U00404,CR00057,2025-09-01,177.34,Credit Card,TC00042,True
TT09706,U00406,CR00046,2025-07-22,248.1,Bank Transfer,TC00042,True
TT09707,U00411,CR00006,2025-08-07,276.37,Bank Transfer,TC00042,True
TT09708,U00423,CR00027,2025-10-01,0.0,Credit Card,TC00042,False
TT09709,U00427,CR00044,2025-01-13,119.04,Bank Transfer,TC00042,True
TT09710,U00444,CR00059,2025-07-05,0.0,PayPal,TC00042,False
TT09711,U00449,CR00039,2025-09-16,346.71,Bank Transfer,TC00040,True
TT09712,U00543,CR00021,2025-12-07,0.0,Bank Transfer,TC00040,False
TT09713,U00548,CR00034,2025-07-26,394.26,Credit Card,TC00040,True
TT09714,U00556,CR00008,2025-12-03,0.0,Credit Card,TC00042,False
TT09715,U00559,CR00060,2025-03-07,0.0,Bank Transfer,TC00042,False
TT09716,U00562,CR00032,2025-04-11,0.0,Credit Card,TC00040,False
TT09717,U00569,CR00010,2025-11-24,0.0,PayPal,TC00040,False
TT09718,U00570,CR00013,2025-04-08,0.0,Credit Card,TC00040,False
TT09719,U00572,CR00032,2025-08-09,0.0,PayPal,TC00040,False
TT09720,U00573,CR00029,2025-01-01,0.0,Bank Transfer,TC00042,False
TT09721,U00574,CR00030,2025-12-01,0.0,PayPal,TC00042,False
TT09722,U00576,CR00033,2025-02-24,0.0,PayPal,TC00040,False
TT09723,U00584,CR00024,2025-09-08,117.68,Credit Card,TC00042,True
TT09724,U00595,CR00007,2025-08-03,0.0,Credit Card,TC00040,False
TT09725,U00604,CR00019,2025-03-16,0.0,PayPal,TC00040,False
TT09726,U00619,CR00037,2025-02-04,0.0,PayPal,TC00040,False
TT09727,U00622,CR00057,2025-04-27,177.34,PayPal,TC00042,True
TT09728,U00633,CR00006,2025-01-26,276.37,Credit Card,TC00040,True
TT09729,U00636,CR00060,2025-03-25,0.0,PayPal,TC00040,False
TT09730,U00639,CR00041,2025-10-01,53.86,Bank Transfer,TC00042,True
TT09731,U00687,CR00049,2025-11-30,415.51,PayPal,TC00042,True
TT09732,U00701,CR00040,2025-01-14,327.99,Credit Card,TC00042,True
TT09733,U00704,CR00040,2025-04-19,327.99,Credit Card,TC00042,True
TT09734,U00723,CR00047,2025-02-21,89.59,Bank Transfer,TC00040,True
TT09735,U00724,CR00003,2025-11-15,0.0,PayPal,TC00040,False
TT09736,U00752,CR00022,2025-07-24,0.0,Credit Card,TC00042,False
TT09737,U00760,CR00040,2025-12-29,327.99,PayPal,TC00040,True
TT09738,U00765,CR00045,2025-10-22,0.0,PayPal,TC00040,False
TT09739,U00772,CR00033,2025-01-19,0.0,Credit Card,TC00040,False
TT09740,U00786,CR00016,2025-03-03,0.0,Credit Card,TC00040,False
TT09741,U00819,CR00041,2025-08-02,53.86,Bank Transfer,TC00040,True
TT09742,U00821,CR00047,2025-03-23,89.59,Credit Card,TC00042,True
TT09743,U00829,CR00039,2025-09-22,346.71,Bank Transfer,TC00042,True
TT09744,U00836,CR00004,2025-11-04,0.0,PayPal,TC00040,False
TT09745,U00838,CR00027,2025-11-19,0.0,PayPal,TC00042,False
TT09746,U00850,CR00036,2025-11-29,0.0,Bank Transfer,TC00040,False
TT09747,U00852,CR00032,2025-04-05,0.0,Credit Card,TC00040,False
TT09748,U00858,CR00009,2025-10-30,0.0,Credit Card,TC00040,False
TT09749,U00874,CR00009,2025-12-04,0.0,Bank Transfer,TC00042,False
TT09750,U00876,CR00042,2025-08-06,0.0,PayPal,TC00040,False
TT09751,U00881,CR00023,2025-07-01,0.0,PayPal,TC00040,False
TT09752,U00915,CR00050,2025-06-22,490.9,PayPal,TC00042,True
TT09753,U00919,CR00007,2025-04-11,0.0,Credit Card,TC00042,False
TT09754,U00961,CR00001,2025-10-11,472.28,Credit Card,TC00042,True
TT09755,U00967,CR00019,2025-11-03,0.0,Bank Transfer,TC00042,False
TT09756,U00976,CR00007,2025-10-28,0.0,Credit Card,TC00042,False
TT09757,U00981,CR00053,2025-08-19,0.0,Credit Card,TC00040,False
TT09758,U00989,CR00038,2025-01-06,342.61,Bank Transfer,TC00042,True
TT09759,U00997,CR00036,2025-01-16,0.0,Credit Card,TC00040,False
TT09760,U01000,CR00057,2025-11-21,177.34,Bank Transfer,TC00040,True
TT09761,U01015,CR00021,2025-07-20,0.0,Bank Transfer,TC00042,False
TT09762,U01020,CR00053,2025-07-27,0.0,Bank Transfer,TC00042,False
TT09763,U01022,CR00009,2025-10-27,0.0,Credit Card,TC00040,False
TT09764,U01031,CR00008,2025-05-08,0.0,Credit Card,TC00040,False
TT09765,U01034,CR00003,2025-07-06,0.0,PayPal,TC00040,False
TT09766,U01066,CR00045,2025-12-30,0.0,PayPal,TC00040,False
TT09767,U01079,CR00051,2025-11-30,37.89,PayPal,TC00040,True
TT09768,U01083,CR00024,2025-05-12,117.68,Credit Card,TC00042,True
TT09769,U01084,CR00056,2025-03-22,212.39,Credit Card,TC00042,True
TT09770,U01092,CR00002,2025-03-28,0.0,Credit Card,TC00040,False
TT09771,U01096,CR00041,2025-02-06,53.86,PayPal,TC00040,True
TT09772,U01123,CR00046,2025-05-22,248.1,Credit Card,TC00042,True
TT09773,U01143,CR00002,2025-12-30,0.0,Bank Transfer,TC00040,False
TT09774,U01146,CR00057,2025-11-21,177.34,Bank Transfer,TC00040,True
TT09775,U01151,CR00060,2025-03-29,0.0,PayPal,TC00040,False
TT09776,U01163,CR00036,2025-03-23,0.0,PayPal,TC00042,False
TT09777,U01170,CR00038,2025-01-09,342.61,Bank Transfer,TC00040,True
TT09778,U01177,CR00031,2025-10-07,0.0,Credit Card,TC00040,False
TT09779,U01180,CR00007,2025-02-11,0.0,Credit Card,TC00040,False
TT09780,U01197,CR00044,2025-01-20,119.04,Bank Transfer,TC00040,True
TT09781,U01203,CR00013,2025-02-24,0.0,PayPal,TC00042,False
TT09782,U01221,CR00020,2025-08-28,0.0,Credit Card,TC00042,False
TT09783,U01224,CR00051,2025-05-24,37.89,PayPal,TC00042,True
TT09784,U01231,CR00049,2025-06-30,415.51,PayPal,TC00040,True
TT09785,U01235,CR00032,2025-08-07,0.0,Credit Card,TC00040,False
TT09786,U01237,CR00029,2025-06-28,0.0,PayPal,TC00042,False
TT09787,U01239,CR00039,2025-08-02,346.71,Bank Transfer,TC00040,True
TT09788,U01244,CR00053,2025-07-11,0.0,PayPal,TC00042,False
TT09789,U01249,CR00011,2025-09-24,326.02,PayPal,TC00040,True
TT09790,U01250,CR00048,2025-08-12,0.0,Bank Transfer,TC00040,False
TT09791,U01261,CR00007,2025-04-15,0.0,Credit Card,TC00040,False
TT09792,U01267,CR00040,2025-07-20,327.99,Credit Card,TC00040,True
TT09793,U01277,CR00032,2025-11-16,0.0,Bank Transfer,TC00040,False
TT09794,U01281,CR00045,2025-11-15,0.0,Bank Transfer,TC00040,False
TT09795,U01284,CR00054,2025-02-07,0.0,PayPal,TC00042,False
TT09796,U01286,CR00018,2025-10-30,0.0,Bank Transfer,TC00040,False
TT09797,U01287,CR00006,2025-03-02,276.37,Credit Card,TC00042,True
TT09798,U01290,CR00024,2025-05-04,117.68,Bank Transfer,TC00042,True
TT09799,U01315,CR00053,2025-03-07,0.0,Credit Card,TC00042,False
TT09800,U01318,CR00033,2025-08-18,0.0,Credit Card,TC00040,False
TT09801,U01331,CR00053,2025-06-01,0.0,Credit Card,TC00040,False
TT09802,U01336,CR00036,2025-02-26,0.0,PayPal,TC00042,False
TT09803,U01337,CR00047,2025-10-11,89.59,Credit Card,TC00042,True
TT09804,U01343,CR00038,2025-09-18,342.61,Bank Transfer,TC00042,True
TT09805,U01344,CR00020,2025-12-26,0.0,Bank Transfer,TC00042,False
TT09806,U01346,CR00051,2025-03-24,37.89,Credit Card,TC00042,True
TT09807,U01347,CR00058,2025-08-03,0.0,PayPal,TC00040,False
TT09808,U01350,CR00031,2025-01-10,0.0,Credit Card,TC00040,False
TT09809,U01352,CR00016,2025-05-08,0.0,Bank Transfer,TC00042,False
TT09810,U01364,CR00026,2025-10-09,0.0,Bank Transfer,TC00042,False
TT09811,U01365,CR00021,2025-04-05,0.0,Bank Transfer,TC00042,False
TT09812,U01375,CR00056,2025-02-01,212.39,Credit Card,TC00040,True
TT09813,U01394,CR00060,2025-11-17,0.0,Credit Card,TC00040,False
TT09814,U01395,CR00029,2025-02-06,0.0,Credit Card,TC00042,False
TT09815,U01397,CR00055,2025-10-19,57.32,PayPal,TC00040,True
TT09816,U01399,CR00051,2025-09-08,37.89,Bank Transfer,TC00042,True
TT09817,U01405,CR00039,2025-10-21,346.71,PayPal,TC00042,True
TT09818,U01411,CR00004,2025-07-14,0.0,PayPal,TC00040,False
TT09819,U01414,CR00027,2025-08-30,0.0,Credit Card,TC00042,False
TT09820,U01429,CR00007,2025-10-21,0.0,PayPal,TC00040,False
TT09821,U01445,CR00054,2025-10-23,0.0,PayPal,TC00040,False
TT09822,U01455,CR00055,2025-12-24,57.32,PayPal,TC00042,True
TT09823,U01460,CR00015,2025-02-16,285.05,Credit Card,TC00042,True
TT09824,U01473,CR00015,2025-09-18,285.05,PayPal,TC00040,True
TT09825,U01475,CR00038,2025-04-26,342.61,Bank Transfer,TC00040,True
TT09826,U01488,CR00051,2025-03-16,37.89,Credit Card,TC00042,True
TT09827,U01496,CR00010,2025-04-03,0.0,PayPal,TC00040,False
TT09828,U01497,CR00045,2025-12-05,0.0,Credit Card,TC00040,False
TT09829,U01500,CR00014,2025-05-08,0.0,Credit Card,TC00042,False
TT09830,U01506,CR00018,2025-04-13,0.0,Bank Transfer,TC00042,False
TT09831,U01512,CR00010,2025-07-08,0.0,PayPal,TC00042,False
TT09832,U01517,CR00026,2025-01-04,0.0,Bank Transfer,TC00042,False
TT09833,U01522,CR00052,2025-01-10,0.0,Bank Transfer,TC00042,False
TT09834,U01528,CR00025,2025-11-11,299.57,PayPal,TC00042,True
TT09835,U01530,CR00019,2025-06-14,0.0,Bank Transfer,TC00040,False
TT09836,U01531,CR00020,2025-09-20,0.0,PayPal,TC00042,False
TT09837,U01536,CR00049,2025-08-10,415.51,PayPal,TC00042,True
TT09838,U01543,CR00003,2025-04-17,0.0,Credit Card,TC00040,False
TT09839,U01553,CR00013,2025-12-24,0.0,Credit Card,TC00040,False
TT09840,U01578,CR00026,2025-02-24,0.0,Credit Card,TC00042,False
TT09841,U01585,CR00059,2025-05-06,0.0,Credit Card,TC00042,False
TT09842,U01586,CR00052,2025-08-13,0.0,Bank Transfer,TC00040,False
TT09843,U01618,CR00046,2025-09-22,248.1,Bank Transfer,TC00040,True
TT09844,U01627,CR00008,2025-07-22,0.0,Bank Transfer,TC00040,False
TT09845,U01628,CR00013,2025-05-09,0.0,PayPal,TC00040,False
TT09846,U01635,CR00016,2025-11-24,0.0,Credit Card,TC00042,False
TT09847,U01637,CR00026,2025-03-26,0.0,Credit Card,TC00042,False
TT09848,U01647,CR00012,2025-04-27,487.92,Credit Card,TC00042,True
TT09849,U01649,CR00040,2025-07-24,327.99,PayPal,TC00040,True
TT09850,U01654,CR00013,2025-03-03,0.0,Bank Transfer,TC00042,False
TT09851,U01662,CR00009,2025-01-26,0.0,Bank Transfer,TC00042,False
TT09852,U01666,CR00008,2025-03-25,0.0,Credit Card,TC00042,False
TT09853,U01671,CR00055,2025-02-16,57.32,PayPal,TC00040,True
TT09854,U01674,CR00034,2025-06-24,394.26,Bank Transfer,TC00040,True
TT09855,U01692,CR00046,2025-03-15,248.1,Credit Card,TC00040,True
TT09856,U01695,CR00046,2025-06-22,248.1,Bank Transfer,TC00040,True
TT09857,U01702,CR00060,2025-10-03,0.0,Bank Transfer,TC00040,False
TT09858,U01708,CR00006,2025-09-11,276.37,PayPal,TC00040,True
TT09859,U01720,CR00024,2025-02-22,117.68,Bank Transfer,TC00040,True
TT09860,U01724,CR00007,2025-09-17,0.0,PayPal,TC00040,False
TT09861,U01726,CR00015,2025-06-02,285.05,Credit Card,TC00040,True
TT09862,U01729,CR00053,2025-06-13,0.0,Credit Card,TC00040,False
TT09863,U01745,CR00046,2025-04-24,248.1,Credit Card,TC00040,True
TT09864,U01746,CR00005,2025-03-19,0.0,PayPal,TC00040,False
TT09865,U01762,CR00038,2025-10-23,342.61,PayPal,TC00042,True
TT09866,U01773,CR00043,2025-09-28,0.0,PayPal,TC00040,False
TT09867,U01786,CR00031,2025-07-28,0.0,Bank Transfer,TC00040,False
TT09868,U01789,CR00032,2025-04-05,0.0,Credit Card,TC00040,False
TT09869,U01795,CR00036,2025-11-07,0.0,Bank Transfer,TC00040,False
TT09870,U01805,CR00015,2025-02-21,285.05,Bank Transfer,TC00042,True
TT09871,U01809,CR00026,2025-08-17,0.0,Bank Transfer,TC00042,False
TT09872,U01810,CR00024,2025-11-02,117.68,PayPal,TC00040,True
TT09873,U01820,CR00029,2025-05-04,0.0,Bank Transfer,TC00042,False
TT09874,U01822,CR00053,2025-10-05,0.0,PayPal,TC00040,False
TT09875,U01825,CR00048,2025-05-08,0.0,PayPal,TC00040,False
TT09876,U01840,CR00019,2025-11-26,0.0,Bank Transfer,TC00042,False
TT09877,U01842,CR00028,2025-07-04,0.78,Credit Card,TC00042,True
TT09878,U01854,CR00019,2025-09-03,0.0,Credit Card,TC00042,False
TT09879,U01867,CR00042,2025-04-05,0.0,PayPal,TC00040,False
TT09880,U01871,CR00021,2025-09-30,0.0,PayPal,TC00040,False
TT09881,U01872,CR00055,2025-07-27,57.32,Bank Transfer,TC00040,True
TT09882,U01877,CR00003,2025-12-16,0.0,Credit Card,TC00040,False
TT09883,U01893,CR00011,2025-09-26,326.02,PayPal,TC00042,True
TT09884,U01896,CR00011,2025-12-28,326.02,Credit Card,TC00040,True
TT09885,U01908,CR00007,2025-06-30,0.0,PayPal,TC00040,False
TT09886,U01917,CR00050,2025-01-09,490.9,PayPal,TC00040,True
TT09887,U01918,CR00023,2025-02-08,0.0,PayPal,TC00040,False
TT09888,U01920,CR00018,2025-06-21,0.0,Credit Card,TC00040,False
TT09889,U01929,CR00042,2025-01-03,0.0,Bank Transfer,TC00040,False
TT09890,U01934,CR00048,2025-08-16,0.0,PayPal,TC00040,False
TT09891,U01953,CR00001,2025-06-12,472.28,PayPal,TC00042,True
TT09892,U01958,CR00017,2025-02-17,0.0,PayPal,TC00040,False
TT09893,U01959,CR00022,2025-01-19,0.0,Bank Transfer,TC00040,False
TT09894,U01961,CR00055,2025-02-15,57.32,Credit Card,TC00040,True
TT09895,U01962,CR00040,2025-11-19,327.99,Bank Transfer,TC00040,True
TT09896,U01979,CR00019,2025-02-11,0.0,Credit Card,TC00042,False
TT09897,U01987,CR00048,2025-06-22,0.0,Bank Transfer,TC00040,False
TT09898,U01989,CR00023,2025-09-27,0.0,Bank Transfer,TC00042,False
TT09899,U01993,CR00038,2025-01-01,342.61,Credit Card,TC00040,True
TT09900,U01994,CR00031,2025-08-27,0.0,Credit Card,TC00040,False
TT09901,U01998,CR00018,2025-07-24,0.0,PayPal,TC00042,False
TT09902,U02010,CR00001,2025-07-30,472.28,Bank Transfer,TC00040,True
TT09903,U02015,CR00001,2025-09-17,472.28,Credit Card,TC00040,True
TT09904,U02022,CR00004,2025-03-05,0.0,PayPal,TC00042,False
TT09905,U02035,CR00036,2025-12-25,0.0,Bank Transfer,TC00040,False
TT09906,U02038,CR00038,2025-11-14,342.61,Credit Card,TC00040,True
TT09907,U02039,CR00037,2025-04-05,0.0,Bank Transfer,TC00042,False
TT09908,U02055,CR00034,2025-12-16,394.26,PayPal,TC00040,True
TT09909,U02058,CR00032,2025-12-29,0.0,PayPal,TC00040,False
TT09910,U02068,CR00010,2025-06-26,0.0,Bank Transfer,TC00042,False
TT09911,U02074,CR00060,2025-12-18,0.0,PayPal,TC00040,False
TT09912,U02077,CR00052,2025-01-02,0.0,Bank Transfer,TC00042,False
TT09913,U02094,CR00043,2025-08-14,0.0,PayPal,TC00040,False
TT09914,U02125,CR00013,2025-01-03,0.0,Credit Card,TC00042,False
TT09915,U02147,CR00016,2025-11-04,0.0,PayPal,TC00040,False
TT09916,U02149,CR00006,2025-05-30,276.37,PayPal,TC00040,True
TT09917,U02152,CR00031,2025-07-29,0.0,Credit Card,TC00040,False
TT09918,U02155,CR00021,2025-05-18,0.0,Bank Transfer,TC00040,False
TT09919,U02161,CR00016,2025-12-05,0.0,PayPal,TC00042,False
TT09920,U02174,CR00049,2025-07-27,415.51,Bank Transfer,TC00042,True
TT09921,U02199,CR00019,2025-05-29,0.0,Bank Transfer,TC00040,False
TT09922,U02212,CR00039,2025-03-01,346.71,Bank Transfer,TC00042,True
TT09923,U02217,CR00031,2025-05-27,0.0,Bank Transfer,TC00040,False
TT09924,U02231,CR00035,2025-04-04,0.0,PayPal,TC00040,False
TT09925,U02248,CR00022,2025-01-20,0.0,Bank Transfer,TC00040,False
TT09926,U02258,CR00003,2025-04-09,0.0,Bank Transfer,TC00042,False
TT09927,U02288,CR00021,2025-07-21,0.0,Credit Card,TC00042,False
TT09928,U02290,CR00020,2025-03-28,0.0,PayPal,TC00042,False
TT09929,U02300,CR00031,2025-05-15,0.0,PayPal,TC00040,False
TT09930,U02301,CR00035,2025-02-12,0.0,Credit Card,TC00040,False
TT09931,U02306,CR00013,2025-06-20,0.0,Bank Transfer,TC00042,False
TT09932,U02315,CR00022,2025-02-20,0.0,Credit Card,TC00040,False
TT09933,U02336,CR00041,2025-05-08,53.86,PayPal,TC00042,True
TT09934,U02337,CR00019,2025-04-12,0.0,PayPal,TC00042,False
TT09935,U02341,CR00047,2025-11-23,89.59,Bank Transfer,TC00040,True
TT09936,U02344,CR00039,2025-07-16,346.71,PayPal,TC00040,True
TT09937,U02345,CR00002,2025-03-29,0.0,Credit Card,TC00042,False
TT09938,U02349,CR00060,2025-10-18,0.0,Credit Card,TC00042,False
TT09939,U02370,CR00015,2025-12-27,285.05,Credit Card,TC00040,True
TT09940,U02371,CR00046,2025-12-04,248.1,Credit Card,TC00040,True
TT09941,U02410,CR00042,2025-02-25,0.0,Bank Transfer,TC00042,False
TT09942,U02415,CR00027,2025-11-17,0.0,Bank Transfer,TC00042,False
TT09943,U02427,CR00055,2025-07-15,57.32,Bank Transfer,TC00040,True
TT09944,U02432,CR00030,2025-09-19,0.0,PayPal,TC00042,False
TT09945,U02445,CR00018,2025-12-20,0.0,PayPal,TC00042,False
TT09946,U02459,CR00008,2025-08-22,0.0,PayPal,TC00040,False
TT09947,U02470,CR00053,2025-05-07,0.0,PayPal,TC00042,False
TT09948,U02485,CR00021,2025-05-08,0.0,PayPal,TC00040,False
TT09949,U02490,CR00035,2025-11-25,0.0,Credit Card,TC00040,False
TT09950,U02512,CR00019,2025-07-14,0.0,Bank Transfer,TC00040,False
TT09951,U02537,CR00026,2025-06-24,0.0,PayPal,TC00042,False
TT09952,U02540,CR00021,2025-04-08,0.0,PayPal,TC00042,False
TT09953,U02541,CR00034,2025-08-29,394.26,PayPal,TC00040,True
TT09954,U02542,CR00028,2025-02-10,0.78,Bank Transfer,TC00042,True
TT09955,U02564,CR00042,2025-08-18,0.0,Credit Card,TC00042,False
TT09956,U02566,CR00006,2025-07-22,276.37,Bank Transfer,TC00040,True
TT09957,U02582,CR00044,2025-11-19,119.04,Credit Card,TC00042,True
TT09958,U02583,CR00024,2025-11-19,117.68,Bank Transfer,TC00040,True
TT09959,U02593,CR00018,2025-01-02,0.0,PayPal,TC00042,False
TT09960,U02614,CR00003,2025-11-12,0.0,Credit Card,TC00040,False
TT09961,U02616,CR00044,2025-01-18,119.04,Bank Transfer,TC00040,True
TT09962,U02643,CR00025,2025-11-08,299.57,PayPal,TC00040,True
TT09963,U02651,CR00013,2025-03-11,0.0,Credit Card,TC00040,False
TT09964,U02663,CR00001,2025-09-10,472.28,PayPal,TC00042,True
TT09965,U02672,CR00032,2025-08-17,0.0,PayPal,TC00040,False
TT09966,U02683,CR00034,2025-05-17,394.26,Credit Card,TC00040,True
TT09967,U02684,CR00034,2025-03-29,394.26,Bank Transfer,TC00040,True
TT09968,U02709,CR00058,2025-04-29,0.0,Bank Transfer,TC00042,False
TT09969,U02743,CR00002,2025-02-04,0.0,Bank Transfer,TC00042,False
TT09970,U02754,CR00051,2025-08-28,37.89,Credit Card,TC00040,True
TT09971,U02767,CR00022,2025-11-29,0.0,PayPal,TC00040,False
TT09972,U02770,CR00052,2025-07-02,0.0,PayPal,TC00042,False
TT09973,U02775,CR00055,2025-03-30,57.32,Bank Transfer,TC00040,True
TT09974,U02788,CR00023,2025-10-22,0.0,Credit Card,TC00040,False
TT09975,U02791,CR00011,2025-07-17,326.02,Credit Card,TC00040,True
TT09976,U02792,CR00036,2025-10-02,0.0,PayPal,TC00042,False
TT09977,U02821,CR00057,2025-06-18,177.34,PayPal,TC00040,True
TT09978,U02825,CR00005,2025-06-09,0.0,PayPal,TC00042,False
TT09979,U02832,CR00013,2025-10-26,0.0,Credit Card,TC00040,False
TT09980,U02843,CR00030,2025-01-28,0.0,PayPal,TC00042,False
TT09981,U02844,CR00054,2025-06-30,0.0,Bank Transfer,TC00042,False
TT09982,U02857,CR00019,2025-07-09,0.0,Bank Transfer,TC00040,False
TT09983,U02883,CR00048,2025-12-19,0.0,Credit Card,TC00042,False
TT09984,U02899,CR00003,2025-09-09,0.0,PayPal,TC00040,False
TT09985,U02909,CR00058,2025-11-01,0.0,Bank Transfer,TC00042,False
TT09986,U02915,CR00026,2025-06-14,0.0,Credit Card,TC00042,False
TT09987,U02916,CR00006,2025-02-07,276.37,Bank Transfer,TC00042,True
TT09988,U02927,CR00012,2025-04-26,487.92,Credit Card,TC00042,True
TT09989,U02931,CR00043,2025-10-14,0.0,Bank Transfer,TC00042,False
TT09990,U02937,CR00020,2025-08-13,0.0,PayPal,TC00040,False
TT09991,U02941,CR00038,2025-01-10,342.61,Bank Transfer,TC00042,True
TT09992,U02945,CR00054,2025-04-08,0.0,Credit Card,TC00042,False
TT09993,U02958,CR00035,2025-11-04,0.0,Credit Card,TC00040,False
TT09994,U02969,CR00005,2025-07-30,0.0,PayPal,TC00040,False
TT09995,U02971,CR00051,2025-07-19,37.89,Credit Card,TC00040,True
TT09996,U02974,CR00045,2025-12-01,0.0,Credit Card,TC00040,False
TT09997,U02976,CR00017,2025-04-03,0.0,PayPal,TC00040,False
TT09998,U02980,CR00060,2025-06-01,0.0,PayPal,TC00040,False
TT09999,U02981,CR00055,2025-04-26,57.32,Bank Transfer,TC00040,True
TT10000,U02984,CR00043,2025-10-18,0.0,Credit Card,TC00042,False
